#ifndef HOME_RING_H
#define HOME_RING_H

#include <pgmspace.h>

// Home screen nav ring - 240x240 RGB565 byte-swapped
// Size: 115200 bytes (112.5 KB)

static const uint16_t homeRing[57600] PROGMEM = {
    0x0000, 0x0000, 0x0000, 0x0000, 0x0000, 0x0000, 0x0000, 0x0000, 0x0000, 0x0000, 0x0000, 0x0000, 0x0000, 0x0000, 0x0000, 0x0000,
    0x0000, 0x0000, 0x0000, 0x0000, 0x0000, 0x0000, 0x0000, 0x0000, 0x0000, 0x0000, 0x0000, 0x0000, 0x0000, 0x0000, 0x0000, 0x0000,
    0x0000, 0x0000, 0x0000, 0x0000, 0x0000, 0x0000, 0x0000, 0x0000, 0x0000, 0x0000, 0x0000, 0x0000, 0x0000, 0x0000, 0x0000, 0x0000,
    0x0000, 0x0000, 0x0000, 0x0000, 0x0000, 0x0000, 0x0000, 0x0000, 0x0000, 0x0000, 0x0000, 0x0000, 0x0000, 0x0000, 0x0000, 0x0000,
    0x0000, 0x0000, 0x0000, 0x0000, 0x0000, 0x0000, 0x0000, 0x0000, 0x0000, 0x0000, 0x0000, 0x0000, 0x0000, 0x0000, 0x0000, 0x0000,
    0x0000, 0x0000, 0x0000, 0x0000, 0x0000, 0x0000, 0x0000, 0x0000, 0x0000, 0x0000, 0x0000, 0x0000, 0x0000, 0x0000, 0x0000, 0x0000,
    0x0000, 0x0000, 0x0000, 0x0000, 0x0000, 0x0000, 0x0000, 0x0000, 0x0000, 0x0000, 0x0000, 0x0000, 0x0000, 0x0000, 0x0000, 0x0000,
    0x0000, 0x0000, 0x0000, 0x0000, 0x0000, 0x0000, 0x0000, 0x0000, 0x0000, 0x0000, 0x0000, 0x0000, 0x0000, 0x0000, 0x0000, 0x0000,
    0x0000, 0x0000, 0x0000, 0x0000, 0x0000, 0x0000, 0x0000, 0x0000, 0x0000, 0x0000, 0x0000, 0x0000, 0x0000, 0x0000, 0x0000, 0x0000,
    0x0000, 0x0000, 0x0000, 0x0000, 0x0000, 0x0000, 0x0000, 0x0000, 0x0000, 0x0000, 0x0000, 0x0000, 0x0000, 0x0000, 0x0000, 0x0000,
    0x0000, 0x0000, 0x0000, 0x0000, 0x0000, 0x0000, 0x0000, 0x0000, 0x0000, 0x0000, 0x0000, 0x0000, 0x0000, 0x0000, 0x0000, 0x0000,
    0x0000, 0x0000, 0x0000, 0x0000, 0x0000, 0x0000, 0x0000, 0x0000, 0x0000, 0x0000, 0x0000, 0x0000, 0x0000, 0x0000, 0x0000, 0x0000,
    0x0000, 0x0000, 0x0000, 0x0000, 0x0000, 0x0000, 0x0000, 0x0000, 0x0000, 0x0000, 0x0000, 0x0000, 0x0000, 0x0000, 0x0000, 0x0000,
    0x0000, 0x0000, 0x0000, 0x0000, 0x0000, 0x0000, 0x0000, 0x0000, 0x0000, 0x0000, 0x0000, 0x0000, 0x0000, 0x0000, 0x0000, 0x0000,
    0x0000, 0x0000, 0x0000, 0x0000, 0x0000, 0x0000, 0x0000, 0x0000, 0x0000, 0x0000, 0x0000, 0x0000, 0x0000, 0x0000, 0x0000, 0x0000,
    0x0000, 0x0000, 0x0000, 0x0000, 0x0000, 0x0000, 0x0000, 0x0000, 0x0000, 0x0000, 0x0000, 0x0000, 0x0000, 0x0000, 0x0000, 0x0000,
    0x0000, 0x0000, 0x0000, 0x0000, 0x0000, 0x0000, 0x0000, 0x0000, 0x0000, 0x0000, 0x0000, 0x0000, 0x0000, 0x0000, 0x0000, 0x0000,
    0x0000, 0x0000, 0x0000, 0x0000, 0x0000, 0x0000, 0x0000, 0x0000, 0x0000, 0x0000, 0x0000, 0x0000, 0x0000, 0x0000, 0x0000, 0x0000,
    0x0000, 0x0000, 0x0000, 0x0000, 0x0000, 0x0000, 0x0000, 0x0000, 0x0000, 0x0000, 0x0000, 0x0000, 0x0000, 0x0000, 0x0000, 0x0000,
    0x0000, 0x0000, 0x0000, 0x0000, 0x0000, 0x0000, 0x0000, 0x0000, 0x0000, 0x0000, 0x0000, 0x0000, 0x0000, 0x0000, 0x0000, 0x0000,
    0x0000, 0x0000, 0x0000, 0x0000, 0x0000, 0x0000, 0x0000, 0x0000, 0x0000, 0x0000, 0x0000, 0x0000, 0x0000, 0x0000, 0x0000, 0x0000,
    0x0000, 0x0000, 0x0000, 0x0000, 0x0000, 0x0000, 0x0000, 0x0000, 0x0000, 0x0000, 0x0000, 0x0000, 0x0000, 0x0000, 0x0000, 0x0000,
    0x0000, 0x0000, 0x0000, 0x0000, 0x0000, 0x0000, 0x0000, 0x0000, 0x0000, 0x0000, 0x0000, 0x0000, 0x0000, 0x0000, 0x0000, 0x0000,
    0x0000, 0x0000, 0x0000, 0x0000, 0x0000, 0x0000, 0x0000, 0x0000, 0x0000, 0x0000, 0x0000, 0x0000, 0x0000, 0x0000, 0x0000, 0x0000,
    0x0000, 0x0000, 0x0000, 0x0000, 0x0000, 0x0000, 0x0000, 0x0000, 0x0000, 0x0000, 0x0000, 0x0000, 0x0000, 0x0000, 0x0000, 0x0000,
    0x0000, 0x0000, 0x0000, 0x0000, 0x0000, 0x0000, 0x0000, 0x0000, 0x0000, 0x0000, 0x0000, 0x0000, 0x0000, 0x0000, 0x0000, 0x0000,
    0x0000, 0x0000, 0x0000, 0x0000, 0x0000, 0x0000, 0x0000, 0x0000, 0x0000, 0x0000, 0x0000, 0x0000, 0x0000, 0x0000, 0x0000, 0x0000,
    0x0000, 0x0000, 0x0000, 0x0000, 0x0000, 0x0000, 0x0000, 0x0000, 0x0000, 0x0000, 0x0000, 0x0000, 0x0000, 0x0000, 0x0000, 0x0000,
    0x0000, 0x0000, 0x0000, 0x0000, 0x0000, 0x0000, 0x0000, 0x0000, 0x0000, 0x0000, 0x0000, 0x0000, 0x0000, 0x0000, 0x0000, 0x0000,
    0x0000, 0x0000, 0x0000, 0x0000, 0x0000, 0x0000, 0x0000, 0x0000, 0x0000, 0x0000, 0x0000, 0x0000, 0x0000, 0x0000, 0x0000, 0x0000,
    0x0000, 0x0000, 0x0000, 0x0000, 0x0000, 0x0000, 0x0000, 0x0000, 0x0000, 0x0000, 0x0000, 0x0000, 0x0000, 0x0000, 0x0000, 0x0000,
    0x0000, 0x0000, 0x0000, 0x0000, 0x0000, 0x0000, 0x0000, 0x0000, 0x0000, 0x0000, 0x0000, 0x0000, 0x0000, 0x0000, 0x0000, 0x0000,
    0x0000, 0x0000, 0x0000, 0x0000, 0x0000, 0x0000, 0x0000, 0x0000, 0x0000, 0x0000, 0x0000, 0x0000, 0x0000, 0x0000, 0x0000, 0x0000,
    0x0000, 0x0000, 0x0000, 0x0000, 0x0000, 0x0000, 0x0000, 0x0000, 0x0000, 0x0000, 0x0000, 0x0000, 0x0000, 0x0000, 0x0000, 0x0000,
    0x0000, 0x0000, 0x0000, 0x0000, 0x0000, 0x0000, 0x0000, 0x0000, 0x0000, 0x0000, 0x0000, 0x0000, 0x0000, 0x0000, 0x0000, 0x0000,
    0x0000, 0x0000, 0x0000, 0x0000, 0x0000, 0x0000, 0x0000, 0x0000, 0x0000, 0x0000, 0x0000, 0x0000, 0x0000, 0x0000, 0x0000, 0x2000,
    0x2000, 0x0000, 0x0000, 0x0000, 0x0000, 0x0000, 0x0000, 0x0000, 0x0000, 0x2000, 0x2000, 0x0000, 0x0000, 0x0000, 0x0000, 0x0000,
    0x0000, 0x0000, 0x0000, 0x0000, 0x0000, 0x0000, 0x0000, 0x0000, 0x0000, 0x0000, 0x0000, 0x0000, 0x0000, 0x0000, 0x0000, 0x0000,
    0x0000, 0x2000, 0x0000, 0x0000, 0x0000, 0x0000, 0x0000, 0x0000, 0x0000, 0x0000, 0x0000, 0x0000, 0x0000, 0x0000, 0x0000, 0x0000,
    0x0000, 0x0000, 0x0000, 0x0000, 0x0000, 0x0000, 0x0000, 0x0000, 0x0000, 0x0000, 0x0000, 0x0000, 0x0000, 0x0000, 0x0000, 0x0000,
    0x0000, 0x0000, 0x0000, 0x0000, 0x0000, 0x0000, 0x0000, 0x0000, 0x0000, 0x0000, 0x0000, 0x0000, 0x0000, 0x0000, 0x0000, 0x0000,
    0x0000, 0x0000, 0x0000, 0x0000, 0x0000, 0x0000, 0x0000, 0x0000, 0x0000, 0x0000, 0x0000, 0x0000, 0x0000, 0x0000, 0x0000, 0x0000,
    0x0000, 0x0000, 0x0000, 0x0000, 0x0000, 0x0000, 0x0000, 0x0000, 0x0000, 0x0000, 0x0000, 0x0000, 0x0000, 0x0000, 0x0000, 0x0000,
    0x0000, 0x0000, 0x0000, 0x0000, 0x0000, 0x0000, 0x0000, 0x0000, 0x0000, 0x0000, 0x0000, 0x0000, 0x0000, 0x0000, 0x0000, 0x0000,
    0x0000, 0x0000, 0x0000, 0x0000, 0x0000, 0x0000, 0x0000, 0x0000, 0x0000, 0x0000, 0x0000, 0x0000, 0x0000, 0x0000, 0x0000, 0x0000,
    0x0000, 0x0000, 0x0000, 0x0000, 0x0000, 0x0000, 0x0000, 0x0000, 0x0000, 0x0000, 0x0000, 0x0000, 0x0000, 0x0000, 0x0000, 0x0000,
    0x0000, 0x0000, 0x0000, 0x0000, 0x0000, 0x0000, 0x0000, 0x0000, 0x0000, 0x0000, 0x0000, 0x0000, 0x0000, 0x0000, 0x0000, 0x0000,
    0x0000, 0x0000, 0x0000, 0x0000, 0x0000, 0x0000, 0x0000, 0x0000, 0x0000, 0x0000, 0x0000, 0x0000, 0x0000, 0x0000, 0x0000, 0x0000,
    0x0000, 0x0000, 0x0000, 0x0000, 0x0000, 0x0000, 0x0000, 0x0000, 0x0000, 0x0000, 0x0000, 0x0000, 0x0000, 0x0000, 0x0000, 0x0000,
    0x0000, 0x0000, 0x0000, 0x0000, 0x0000, 0x0000, 0x0000, 0x0000, 0x0000, 0x0000, 0x0000, 0x0000, 0x0000, 0x0000, 0x0000, 0x0000,
    0x0000, 0x0000, 0x0000, 0x0000, 0x0000, 0x0000, 0x0000, 0x0000, 0x0000, 0x0000, 0x0000, 0x0000, 0x0008, 0x0008, 0x0000, 0x0000,
    0x0000, 0x0000, 0x0000, 0x0000, 0x0000, 0x0000, 0x0000, 0x0000, 0x0000, 0x0000, 0x0000, 0x0000, 0x0000, 0x0000, 0x0000, 0x0000,
    0x0000, 0x0000, 0x0000, 0x0000, 0x0000, 0x0000, 0x0000, 0x0000, 0x0000, 0x0000, 0x0000, 0x0000, 0x0000, 0x0000, 0x0000, 0x0000,
    0x0000, 0x0000, 0x0000, 0x0000, 0x0000, 0x0000, 0x0000, 0x0000, 0x0000, 0x0000, 0x0000, 0x0000, 0x0000, 0x0000, 0x0000, 0x0000,
    0x0000, 0x0000, 0x0000, 0x0000, 0x0000, 0x0000, 0x0000, 0x0000, 0x0000, 0x0000, 0x0000, 0x0000, 0x0000, 0x0000, 0x0000, 0x0000,
    0x0000, 0x0000, 0x0000, 0x0000, 0x0000, 0x0000, 0x0000, 0x0000, 0x0000, 0x0000, 0x0000, 0x0000, 0x0000, 0x0000, 0x0000, 0x0000,
    0x0000, 0x0000, 0x0000, 0x0000, 0x0000, 0x0000, 0x0000, 0x0000, 0x0000, 0x0000, 0x0000, 0x0000, 0x0000, 0x0000, 0x0000, 0x0000,
    0x0000, 0x0000, 0x0000, 0x0000, 0x0000, 0x0000, 0x0000, 0x0000, 0x0000, 0x0000, 0x0000, 0x0000, 0x0000, 0x0000, 0x0000, 0x0000,
    0x0000, 0x0000, 0x0000, 0x0000, 0x0000, 0x0000, 0x0000, 0x0000, 0x0000, 0x0000, 0x0000, 0x0000, 0x0000, 0x0000, 0x0000, 0x0000,
    0x0000, 0x0000, 0x0000, 0x0000, 0x0000, 0x0000, 0x0000, 0x0000, 0x0000, 0x0000, 0x0000, 0x0000, 0x0000, 0x0000, 0x0000, 0x0000,
    0x0000, 0x0000, 0x0000, 0x0000, 0x0000, 0x0000, 0x0000, 0x0000, 0x0000, 0x0000, 0x0000, 0x0000, 0x0000, 0x0000, 0x0000, 0x0000,
    0x0000, 0x0000, 0x0000, 0x0000, 0x0000, 0x0000, 0x0000, 0x0000, 0x0000, 0x0000, 0x0000, 0x0000, 0x0000, 0x0000, 0x0000, 0x0000,
    0x0000, 0x0000, 0x0000, 0x0000, 0x0000, 0x0000, 0x0000, 0x0000, 0x0000, 0x0000, 0x0000, 0x0000, 0x0000, 0x0000, 0x0000, 0x0000,
    0x0000, 0x0000, 0x0000, 0x0000, 0x0000, 0x0000, 0x0000, 0x0000, 0x0000, 0x0000, 0x0000, 0x0000, 0x0000, 0x0000, 0x0000, 0x0000,
    0x0000, 0x0000, 0x0000, 0x0000, 0x0000, 0x0000, 0x0000, 0x0000, 0x0000, 0x0000, 0x0000, 0x0000, 0x0000, 0x0000, 0x0000, 0x0000,
    0x0000, 0x0000, 0x0000, 0x0000, 0x0000, 0x0000, 0x0000, 0x0000, 0x0000, 0x0000, 0x0000, 0x0000, 0x0000, 0x0000, 0x0000, 0x0008,
    0x0008, 0x0000, 0x0000, 0x0000, 0x0000, 0x0000, 0x0000, 0x0000, 0x0000, 0x0008, 0x0018, 0x6028, 0x8130, 0xA138, 0xC148, 0x2259,
    0x4369, 0x8371, 0xC481, 0xA489, 0xC491, 0x069A, 0x269A, 0x269A, 0x269A, 0x26A2, 0x059A, 0xC481, 0xC481, 0xA479, 0x6269, 0x4261,
    0xE158, 0xA148, 0x8138, 0x6128, 0x2020, 0x0010, 0x0008, 0x0000, 0x0000, 0x0000, 0x0000, 0x0000, 0x0000, 0x0000, 0x0000, 0x0000,
    0x2000, 0x0000, 0x0000, 0x0000, 0x0000, 0x0000, 0x0000, 0x0000, 0x0000, 0x0000, 0x0000, 0x0000, 0x0000, 0x0000, 0x0000, 0x0000,
    0x0000, 0x0000, 0x0000, 0x0000, 0x0000, 0x0000, 0x0000, 0x0000, 0x0000, 0x0000, 0x0000, 0x0000, 0x0000, 0x0000, 0x0000, 0x0000,
    0x0000, 0x0000, 0x0000, 0x0000, 0x0000, 0x0000, 0x0000, 0x0000, 0x0000, 0x0000, 0x0000, 0x0000, 0x0000, 0x0000, 0x0000, 0x0000,
    0x0000, 0x0000, 0x0000, 0x0000, 0x0000, 0x0000, 0x0000, 0x0000, 0x0000, 0x0000, 0x0000, 0x0000, 0x0000, 0x0000, 0x0000, 0x0000,
    0x0000, 0x0000, 0x0000, 0x0000, 0x0000, 0x0000, 0x0000, 0x0000, 0x0000, 0x0000, 0x0000, 0x0000, 0x0000, 0x0000, 0x0000, 0x0000,
    0x0000, 0x0000, 0x0000, 0x0000, 0x0000, 0x0000, 0x0000, 0x0000, 0x0000, 0x0000, 0x0000, 0x0000, 0x0000, 0x0000, 0x0000, 0x0000,
    0x0000, 0x0000, 0x0000, 0x0000, 0x0000, 0x0000, 0x0000, 0x0000, 0x0000, 0x0000, 0x0000, 0x0000, 0x0000, 0x0000, 0x0000, 0x0000,
    0x0000, 0x0000, 0x0000, 0x0000, 0x0000, 0x0000, 0x0000, 0x0000, 0x0000, 0x0000, 0x0000, 0x0000, 0x0000, 0x0000, 0x0000, 0x0000,
    0x0000, 0x0000, 0x0000, 0x0000, 0x0000, 0x0000, 0x0000, 0x0000, 0x0000, 0x0000, 0x0000, 0x0000, 0x0000, 0x0000, 0x0000, 0x0000,
    0x0000, 0x0000, 0x0000, 0x0000, 0x0000, 0x0000, 0x0000, 0x0000, 0x0000, 0x0000, 0x0000, 0x0000, 0x0000, 0x0000, 0x0000, 0x0000,
    0x0000, 0x0000, 0x0000, 0x0000, 0x0000, 0x0000, 0x0000, 0x0000, 0x0000, 0x0000, 0x0000, 0x0000, 0x0000, 0x0000, 0x0000, 0x0000,
    0x0000, 0x0000, 0x0000, 0x0000, 0x0000, 0x0000, 0x0000, 0x0000, 0x0000, 0x0000, 0x0000, 0x0000, 0x2000, 0x2000, 0x2000, 0x0000,
    0x0000, 0x0000, 0x0000, 0x0010, 0x6028, 0xC238, 0x2259, 0xA379, 0x249A, 0x44BA, 0x63CA, 0xC4D2, 0x05DB, 0x26E3, 0x26EB, 0x05F3,
    0x05F3, 0xE5FA, 0x05FB, 0x05F3, 0x05F3, 0x05F3, 0x05F3, 0x05F3, 0x05F3, 0x05F3, 0x05FB, 0x05FB, 0xE5FA, 0x05FB, 0x05F3, 0x05F3,
    0x05F3, 0x05F3, 0xE5EA, 0xC4E2, 0x84CA, 0x64BA, 0x45A2, 0x0582, 0x6361, 0xE248, 0xA128, 0x4018, 0x0008, 0x0000, 0x0000, 0x0000,
    0x0000, 0x0000, 0x0008, 0x0000, 0x0000, 0x0000, 0x0000, 0x0000, 0x0000, 0x0000, 0x0000, 0x0000, 0x0000, 0x0000, 0x0000, 0x0000,
    0x0000, 0x0000, 0x0000, 0x0000, 0x0000, 0x0000, 0x0000, 0x0000, 0x0000, 0x0000, 0x0000, 0x0000, 0x0000, 0x0000, 0x0000, 0x0000,
    0x0000, 0x0000, 0x0000, 0x0000, 0x0000, 0x0000, 0x0000, 0x0000, 0x0000, 0x0000, 0x0000, 0x0000, 0x0000, 0x0000, 0x0000, 0x0000,
    0x0000, 0x0000, 0x0000, 0x0000, 0x0000, 0x0000, 0x0000, 0x0000, 0x0000, 0x0000, 0x0000, 0x0000, 0x0000, 0x0000, 0x0000, 0x0000,
    0x0000, 0x0000, 0x0000, 0x0000, 0x0000, 0x0000, 0x0000, 0x0000, 0x0000, 0x0000, 0x0000, 0x0000, 0x0000, 0x0000, 0x0000, 0x0000,
    0x0000, 0x0000, 0x0000, 0x0000, 0x0000, 0x0000, 0x0000, 0x0000, 0x0000, 0x0000, 0x0000, 0x0000, 0x0000, 0x0000, 0x0000, 0x0000,
    0x0000, 0x0000, 0x0000, 0x0000, 0x0000, 0x0000, 0x0000, 0x0000, 0x0000, 0x0000, 0x0000, 0x0000, 0x0000, 0x0000, 0x0000, 0x0000,
    0x0000, 0x0000, 0x0000, 0x0000, 0x0000, 0x0000, 0x0000, 0x0000, 0x0000, 0x0000, 0x0000, 0x0000, 0x0000, 0x0000, 0x0000, 0x0000,
    0x0000, 0x0000, 0x0000, 0x0000, 0x0000, 0x0000, 0x0000, 0x0000, 0x0000, 0x0000, 0x0000, 0x0000, 0x0000, 0x0000, 0x0000, 0x0000,
    0x0000, 0x0000, 0x0000, 0x0000, 0x0000, 0x0000, 0x0000, 0x0000, 0x0000, 0x0000, 0x0000, 0x0000, 0x0000, 0x0000, 0x0000, 0x0000,
    0x0000, 0x0000, 0x0000, 0x0000, 0x0000, 0x0000, 0x0000, 0x0000, 0x0000, 0x0000, 0x0000, 0x0000, 0x0000, 0x0000, 0x0000, 0x0000,
    0x0000, 0x0000, 0x0000, 0x0000, 0x0000, 0x0000, 0x0000, 0x0000, 0x0000, 0x0000, 0x0000, 0x0000, 0x0000, 0x0000, 0x0010, 0x8130,
    0x0251, 0xA381, 0x25A2, 0x85C2, 0xC4E2, 0x05F3, 0x05F3, 0x05F3, 0x05FB, 0xE5FA, 0xC5F2, 0xE5F2, 0xC5EA, 0xA5EA, 0xA4EA, 0xC4F2,
    0xC4F2, 0xA4F2, 0xC4F2, 0xC4EA, 0xC4EA, 0xC3EA, 0xC3EA, 0xC4EA, 0xC4EA, 0xC4EA, 0xC4EA, 0xA4EA, 0xC4F2, 0xC4F2, 0xC4F2, 0xC4F2,
    0xC4F2, 0xC4F2, 0xC4F2, 0xE4F2, 0xE4F2, 0x05F3, 0x05F3, 0x05F3, 0x25F3, 0x25F3, 0x05E3, 0xC4CA, 0x65B2, 0xE389, 0x4261, 0xC240,
    0x4020, 0x0008, 0x0000, 0x0000, 0x0000, 0x0000, 0x0000, 0x0000, 0x0000, 0x0000, 0x0000, 0x0000, 0x0000, 0x0000, 0x0000, 0x0000,
    0x0000, 0x0000, 0x0000, 0x0000, 0x0000, 0x0000, 0x0000, 0x0000, 0x0000, 0x0000, 0x0000, 0x0000, 0x0000, 0x0000, 0x0000, 0x0000,
    0x0000, 0x0000, 0x0000, 0x0000, 0x0000, 0x0000, 0x0000, 0x0000, 0x0000, 0x0000, 0x0000, 0x0000, 0x0000, 0x0000, 0x0000, 0x0000,
    0x0000, 0x0000, 0x0000, 0x0000, 0x0000, 0x0000, 0x0000, 0x0000, 0x0000, 0x0000, 0x0000, 0x0000, 0x0000, 0x0000, 0x0000, 0x0000,
    0x0000, 0x0000, 0x0000, 0x0000, 0x0000, 0x0000, 0x0000, 0x0000, 0x0000, 0x0000, 0x0000, 0x0000, 0x0000, 0x0000, 0x0000, 0x0000,
    0x0000, 0x0000, 0x0000, 0x0000, 0x0000, 0x0000, 0x0000, 0x0000, 0x0000, 0x0000, 0x0000, 0x0000, 0x0000, 0x0000, 0x0000, 0x0000,
    0x0000, 0x0000, 0x0000, 0x0000, 0x0000, 0x0000, 0x0000, 0x0000, 0x0000, 0x0000, 0x0000, 0x0000, 0x0000, 0x0000, 0x0000, 0x0000,
    0x0000, 0x0000, 0x0000, 0x0000, 0x0000, 0x0000, 0x0000, 0x0000, 0x0000, 0x0000, 0x0000, 0x0000, 0x0000, 0x0000, 0x0000, 0x0000,
    0x0000, 0x0000, 0x0000, 0x0000, 0x0000, 0x0000, 0x0000, 0x0000, 0x0000, 0x0000, 0x0000, 0x0000, 0x0000, 0x0000, 0x0000, 0x0000,
    0x0000, 0x0000, 0x0000, 0x0000, 0x0000, 0x0000, 0x0000, 0x0000, 0x0000, 0x0000, 0x0000, 0x0000, 0x0000, 0x0000, 0x0000, 0x0000,
    0x0000, 0x0000, 0x0000, 0x0000, 0x0000, 0x0000, 0x0000, 0x0000, 0x0000, 0x0000, 0x0000, 0x0000, 0x0000, 0x0000, 0x0000, 0x0000,
    0x2000, 0x0000, 0x0000, 0x0000, 0x0000, 0x0008, 0x0000, 0x0000, 0x0000, 0x0000, 0x0018, 0xA140, 0x4269, 0x249A, 0x86C2, 0xA6E2,
    0x06FB, 0xE5FA, 0x04FB, 0x04F3, 0xC4F2, 0xC4F2, 0xC4F2, 0xC4EA, 0xC4EA, 0xC4F2, 0xC4EA, 0xC4F2, 0xC4F2, 0xC4F2, 0xC4F2, 0xC4F2,
    0xC4F2, 0xC4F2, 0xC4F2, 0xC4F2, 0xC5F2, 0xC5F2, 0xC5F2, 0xC5F2, 0xC5F2, 0xC5F2, 0xC5F2, 0xC4EA, 0xC4F2, 0xC4F2, 0xC4F2, 0xC4F2,
    0xC4F2, 0xC4F2, 0xC4F2, 0xC4EA, 0xC4EA, 0xA4EA, 0xA4F2, 0xA4F2, 0xA4F2, 0xA4F2, 0xA4FA, 0xC4FA, 0xE5FA, 0x05F3, 0x26F3, 0x06EB,
    0x85D2, 0x45BA, 0xA479, 0xE250, 0x6030, 0x0008, 0x0000, 0x0000, 0x0000, 0x0000, 0x0000, 0x0000, 0x0000, 0x0000, 0x0000, 0x0000,
    0x0000, 0x0000, 0x0000, 0x0000, 0x0000, 0x0000, 0x0000, 0x0000, 0x0000, 0x0000, 0x0000, 0x0000, 0x0000, 0x0000, 0x0000, 0x0000,
    0x0000, 0x0000, 0x0000, 0x0000, 0x0000, 0x0000, 0x0000, 0x0000, 0x0000, 0x0000, 0x0000, 0x0000, 0x0000, 0x0000, 0x0000, 0x0000,
    0x0000, 0x0000, 0x0000, 0x0000, 0x0000, 0x0000, 0x0000, 0x0000, 0x0000, 0x0000, 0x0000, 0x0000, 0x0000, 0x0000, 0x0000, 0x0000,
    0x0000, 0x0000, 0x0000, 0x0000, 0x0000, 0x0000, 0x0000, 0x0000, 0x0000, 0x0000, 0x0000, 0x0000, 0x0000, 0x0000, 0x0000, 0x0000,
    0x0000, 0x0000, 0x0000, 0x0000, 0x0000, 0x0000, 0x0000, 0x0000, 0x0000, 0x0000, 0x0000, 0x0000, 0x0000, 0x0000, 0x0000, 0x0000,
    0x0000, 0x0000, 0x0000, 0x0000, 0x0000, 0x0000, 0x0000, 0x0000, 0x0000, 0x0000, 0x0000, 0x0000, 0x0000, 0x0000, 0x0000, 0x0000,
    0x0000, 0x0000, 0x0000, 0x0000, 0x0000, 0x0000, 0x0000, 0x0000, 0x0000, 0x0000, 0x0000, 0x0000, 0x0000, 0x0000, 0x0000, 0x0000,
    0x0000, 0x0000, 0x0000, 0x0000, 0x0000, 0x0000, 0x0000, 0x0000, 0x0000, 0x0000, 0x0000, 0x0000, 0x0000, 0x0000, 0x0000, 0x0000,
    0x0000, 0x0000, 0x0000, 0x0000, 0x0000, 0x0000, 0x0000, 0x0000, 0x0000, 0x0000, 0x0000, 0x0000, 0x0000, 0x0000, 0x0000, 0x0000,
    0x0000, 0x0000, 0x0000, 0x0000, 0x0000, 0x0000, 0x0000, 0x0000, 0x0000, 0x0000, 0x0000, 0x0000, 0x0000, 0x0000, 0x0000, 0x0000,
    0x0000, 0x2000, 0x2000, 0x0000, 0x0000, 0x0000, 0x0008, 0x8130, 0x2261, 0x049A, 0x86CA, 0xC5EA, 0x05FB, 0x05FB, 0xE5F2, 0xC4F2,
    0xC4EA, 0xC4F2, 0xC4F2, 0xC4F2, 0xC4F2, 0xC4F2, 0xC4F2, 0xC4F2, 0xC4F2, 0xC4F2, 0xC4F2, 0xC4F2, 0xC4F2, 0xC4F2, 0xC4F2, 0xC4F2,
    0xC4F2, 0xC4F2, 0xC4F2, 0xC4F2, 0xC4F2, 0xC4F2, 0xC4F2, 0xC4F2, 0xC4F2, 0xC4F2, 0xC4F2, 0xC4F2, 0xC4F2, 0xC4F2, 0xC4F2, 0xC4F2,
    0xC4F2, 0xC4F2, 0xC4F2, 0xC4F2, 0xC4F2, 0xC4F2, 0xC4F2, 0xC4F2, 0xC4F2, 0xC4F2, 0xC4F2, 0xC4F2, 0xC4F2, 0xC4EA, 0xC4EA, 0xC4F2,
    0xE4F2, 0xE5FA, 0x05FB, 0x06F3, 0xC5DA, 0x65B2, 0x8379, 0xC240, 0x2018, 0x0000, 0x0000, 0x0000, 0x0000, 0x2000, 0x0000, 0x0000,
    0x0000, 0x0000, 0x0000, 0x0000, 0x0000, 0x0000, 0x0000, 0x0000, 0x0000, 0x0000, 0x0000, 0x0000, 0x0000, 0x0000, 0x0000, 0x0000,
    0x0000, 0x0000, 0x0000, 0x0000, 0x0000, 0x0000, 0x0000, 0x0000, 0x0000, 0x0000, 0x0000, 0x0000, 0x0000, 0x0000, 0x0000, 0x0000,
    0x0000, 0x0000, 0x0000, 0x0000, 0x0000, 0x0000, 0x0000, 0x0000, 0x0000, 0x0000, 0x0000, 0x0000, 0x0000, 0x0000, 0x0000, 0x0000,
    0x0000, 0x0000, 0x0000, 0x0000, 0x0000, 0x0000, 0x0000, 0x0000, 0x0000, 0x0000, 0x0000, 0x0000, 0x0000, 0x0000, 0x0000, 0x0000,
    0x0000, 0x0000, 0x0000, 0x0000, 0x0000, 0x0000, 0x0000, 0x0000, 0x0000, 0x0000, 0x0000, 0x0000, 0x0000, 0x0000, 0x0000, 0x0000,
    0x0000, 0x0000, 0x0000, 0x0000, 0x0000, 0x0000, 0x0000, 0x0000, 0x0000, 0x0000, 0x0000, 0x0000, 0x0000, 0x0000, 0x0000, 0x0000,
    0x0000, 0x0000, 0x0000, 0x0000, 0x0000, 0x0000, 0x0000, 0x0000, 0x0000, 0x0000, 0x0000, 0x0000, 0x0000, 0x0000, 0x0000, 0x0000,
    0x0000, 0x0000, 0x0000, 0x0000, 0x0000, 0x0000, 0x0000, 0x0000, 0x0000, 0x0000, 0x0000, 0x0000, 0x0000, 0x0000, 0x0000, 0x0000,
    0x0000, 0x0000, 0x0000, 0x0000, 0x0000, 0x0000, 0x0000, 0x0000, 0x0000, 0x0000, 0x0000, 0x0000, 0x0000, 0x0000, 0x0000, 0x0000,
    0x0000, 0x0000, 0x0000, 0x0000, 0x0000, 0x0000, 0x0000, 0x0000, 0x0000, 0x0000, 0x0000, 0x0000, 0x0000, 0x0000, 0x0008, 0x2000,
    0x0000, 0x0000, 0x0000, 0x0018, 0xA140, 0xA371, 0x85AA, 0xE5DA, 0x05FB, 0xE4FA, 0xE5F2, 0xE5EA, 0xC4EA, 0xC4EA, 0xC4F2, 0xC4F2,
    0xC4F2, 0xC4F2, 0xC4F2, 0xC4F2, 0xC4F2, 0xC4F2, 0xC4F2, 0xC4F2, 0xC4F2, 0xC4F2, 0xC4F2, 0xC4F2, 0xC4F2, 0xC4F2, 0xC4F2, 0xC4F2,
    0xC4F2, 0xC4F2, 0xC4F2, 0xC4F2, 0xC4F2, 0xC4F2, 0xC4F2, 0xC4F2, 0xC4F2, 0xC4F2, 0xC4F2, 0xC4F2, 0xC4F2, 0xC4F2, 0xC4F2, 0xC4F2,
    0xC4F2, 0xC4F2, 0xC4F2, 0xC4F2, 0xC4F2, 0xC4F2, 0xC4F2, 0xC4F2, 0xC4F2, 0xC4F2, 0xC4F2, 0xC4F2, 0xC4F2, 0xC4F2, 0xC4F2, 0xC4F2,
    0xC4F2, 0xC4EA, 0xC3EA, 0xC3F2, 0xC4F2, 0xE5FA, 0x06FB, 0xE6E2, 0x86CA, 0xE499, 0x2259, 0x4030, 0x0008, 0x0000, 0x0000, 0x2000,
    0x2000, 0x0000, 0x0000, 0x2000, 0x0000, 0x0000, 0x0008, 0x0000, 0x0000, 0x0000, 0x0000, 0x0000, 0x0000, 0x0000, 0x0000, 0x0000,
    0x0000, 0x0000, 0x0000, 0x0000, 0x0000, 0x0000, 0x0000, 0x0000, 0x0000, 0x0000, 0x0000, 0x0000, 0x0000, 0x0000, 0x0000, 0x0000,
    0x0000, 0x0000, 0x0000, 0x0000, 0x0000, 0x0000, 0x0000, 0x0000, 0x0000, 0x0000, 0x0000, 0x0000, 0x0000, 0x0000, 0x0000, 0x0000,
    0x0000, 0x0000, 0x0000, 0x0000, 0x0000, 0x0000, 0x0000, 0x0000, 0x0000, 0x0000, 0x0000, 0x0000, 0x0000, 0x0000, 0x0000, 0x0000,
    0x0000, 0x0000, 0x0000, 0x0000, 0x0000, 0x0000, 0x0000, 0x0000, 0x0000, 0x0000, 0x0000, 0x0000, 0x0000, 0x0000, 0x0000, 0x0000,
    0x0000, 0x0000, 0x0000, 0x0000, 0x0000, 0x0000, 0x0000, 0x0000, 0x0000, 0x0000, 0x0000, 0x0000, 0x0000, 0x0000, 0x0000, 0x0000,
    0x0000, 0x0000, 0x0000, 0x0000, 0x0000, 0x0000, 0x0000, 0x0000, 0x0000, 0x0000, 0x0000, 0x0000, 0x0000, 0x0000, 0x0000, 0x0000,
    0x0000, 0x0000, 0x0000, 0x0000, 0x0000, 0x0000, 0x0000, 0x0000, 0x0000, 0x0000, 0x0000, 0x0000, 0x0000, 0x0000, 0x0000, 0x0000,
    0x0000, 0x0000, 0x0000, 0x0000, 0x0000, 0x0000, 0x0000, 0x0000, 0x0000, 0x0000, 0x0000, 0x0000, 0x0000, 0x0000, 0x0000, 0x0000,
    0x0000, 0x0000, 0x0000, 0x0000, 0x0000, 0x0000, 0x0000, 0x0000, 0x0000, 0x0000, 0x0000, 0x0000, 0x0008, 0x0008, 0x0000, 0x0000,
    0x0008, 0xA148, 0x8389, 0x86C2, 0xE5EA, 0x04FB, 0xE4FA, 0xA5F2, 0xA4F2, 0xA4F2, 0xE3EA, 0xE3EA, 0xC4F2, 0xC4F2, 0xC4F2, 0xC4F2,
    0xC4F2, 0xC4F2, 0xC4F2, 0xC4F2, 0xC4F2, 0xC4F2, 0xC4F2, 0xC4F2, 0xC4F2, 0xC4F2, 0xC4F2, 0xC4F2, 0xC4F2, 0xC4F2, 0xC4F2, 0xC4F2,
    0xC4F2, 0xC4F2, 0xC4F2, 0xC4F2, 0xC4F2, 0xC4F2, 0xC4F2, 0xC4F2, 0xC4F2, 0xC4F2, 0xC4F2, 0xC4F2, 0xC4F2, 0xC4F2, 0xC4F2, 0xC4F2,
    0xC4F2, 0xC4F2, 0xC4F2, 0xC4F2, 0xC4F2, 0xC4F2, 0xC4F2, 0xC4F2, 0xC4F2, 0xC4F2, 0xC4F2, 0xC4F2, 0xC4F2, 0xC4F2, 0xC4F2, 0xC4F2,
    0xC4F2, 0xC4F2, 0xC4F2, 0xE4F2, 0xE4EA, 0xC3EA, 0xC3EA, 0xC4F2, 0xC4FA, 0x05FB, 0x05EB, 0xC5D2, 0x049A, 0x0159, 0x2020, 0x0000,
    0x0000, 0x0000, 0x0000, 0x0000, 0x0000, 0x2000, 0x0000, 0x0000, 0x0000, 0x0000, 0x0000, 0x0000, 0x0000, 0x0000, 0x0000, 0x0000,
    0x0000, 0x0000, 0x0000, 0x0000, 0x0000, 0x0000, 0x0000, 0x0000, 0x0000, 0x0000, 0x0000, 0x0000, 0x0000, 0x0000, 0x0000, 0x0000,
    0x0000, 0x0000, 0x0000, 0x0000, 0x0000, 0x0000, 0x0000, 0x0000, 0x0000, 0x0000, 0x0000, 0x0000, 0x0000, 0x0000, 0x0000, 0x0000,
    0x0000, 0x0000, 0x0000, 0x0000, 0x0000, 0x0000, 0x0000, 0x0000, 0x0000, 0x0000, 0x0000, 0x0000, 0x0000, 0x0000, 0x0000, 0x0000,
    0x0000, 0x0000, 0x0000, 0x0000, 0x0000, 0x0000, 0x0000, 0x0000, 0x0000, 0x0000, 0x0000, 0x0000, 0x0000, 0x0000, 0x0000, 0x0000,
    0x0000, 0x0000, 0x0000, 0x0000, 0x0000, 0x0000, 0x0000, 0x0000, 0x0000, 0x0000, 0x0000, 0x0000, 0x0000, 0x0000, 0x0000, 0x0000,
    0x0000, 0x0000, 0x0000, 0x0000, 0x0000, 0x0000, 0x0000, 0x0000, 0x0000, 0x0000, 0x0000, 0x0000, 0x0000, 0x0000, 0x0000, 0x0000,
    0x0000, 0x0000, 0x0000, 0x0000, 0x0000, 0x0000, 0x0000, 0x0000, 0x0000, 0x0000, 0x0000, 0x0000, 0x0000, 0x0000, 0x0000, 0x0000,
    0x0000, 0x0000, 0x0000, 0x0000, 0x0000, 0x0000, 0x0000, 0x0000, 0x0000, 0x0000, 0x0000, 0x0000, 0x0000, 0x0000, 0x0000, 0x0000,
    0x0000, 0x0000, 0x0000, 0x0000, 0x0000, 0x0000, 0x0000, 0x0000, 0x0000, 0x0000, 0x0000, 0x0000, 0x0000, 0x0000, 0x6130, 0x6479,
    0x67BA, 0xE7E2, 0x26F3, 0x04EB, 0xE3EA, 0xC3EA, 0xC4F2, 0xA5F2, 0xA6F2, 0xA5F2, 0xC4F2, 0xC4F2, 0xC4F2, 0xC4F2, 0xC4F2, 0xC4F2,
    0xC4F2, 0xC4F2, 0xC4F2, 0xC4F2, 0xC4F2, 0xC4F2, 0xC4F2, 0xC4F2, 0xC4F2, 0xC4F2, 0xC4F2, 0xC4F2, 0xC4F2, 0xC4F2, 0xC4F2, 0xC4F2,
    0xC4F2, 0xC4F2, 0xC4F2, 0xC4F2, 0xC4F2, 0xC4F2, 0xC4F2, 0xC4F2, 0xC4F2, 0xC4F2, 0xC4F2, 0xC4F2, 0xC4F2, 0xC4F2, 0xC4F2, 0xC4F2,
    0xC4F2, 0xC4F2, 0xC4F2, 0xC4F2, 0xC4F2, 0xC4F2, 0xC4F2, 0xC4F2, 0xC4F2, 0xC4F2, 0xC4F2, 0xC4F2, 0xC4F2, 0xC4F2, 0xC4F2, 0xC4F2,
    0xC4F2, 0xC4F2, 0xC5F2, 0xA5F2, 0xC5F2, 0xC4F2, 0xC4F2, 0xE4EA, 0xE4EA, 0xC5EA, 0xA5EA, 0xC4F2, 0x03FB, 0x04F3, 0xC5D2, 0xE491,
    0xC150, 0x0018, 0x0000, 0x0000, 0x0000, 0x2000, 0x0000, 0x0000, 0x0000, 0x0000, 0x0000, 0x0000, 0x0000, 0x0000, 0x0000, 0x0000,
    0x0000, 0x0000, 0x0000, 0x0000, 0x0000, 0x0000, 0x0000, 0x0000, 0x0000, 0x0000, 0x0000, 0x0000, 0x0000, 0x0000, 0x0000, 0x0000,
    0x0000, 0x0000, 0x0000, 0x0000, 0x0000, 0x0000, 0x0000, 0x0000, 0x0000, 0x0000, 0x0000, 0x0000, 0x0000, 0x0000, 0x0000, 0x0000,
    0x0000, 0x0000, 0x0000, 0x0000, 0x0000, 0x0000, 0x0000, 0x0000, 0x0000, 0x0000, 0x0000, 0x0000, 0x0000, 0x0000, 0x0000, 0x0000,
    0x0000, 0x0000, 0x0000, 0x0000, 0x0000, 0x0000, 0x0000, 0x0000, 0x0000, 0x0000, 0x0000, 0x0000, 0x0000, 0x0000, 0x0000, 0x0000,
    0x0000, 0x0000, 0x0000, 0x0000, 0x0000, 0x0000, 0x0000, 0x0000, 0x0000, 0x0000, 0x0000, 0x0000, 0x0000, 0x0000, 0x0000, 0x0000,
    0x0000, 0x0000, 0x0000, 0x0000, 0x0000, 0x0000, 0x0000, 0x0000, 0x0000, 0x0000, 0x0000, 0x0000, 0x0000, 0x0000, 0x0000, 0x0000,
    0x0000, 0x0000, 0x0000, 0x0000, 0x0000, 0x0000, 0x0000, 0x0000, 0x0000, 0x0000, 0x0000, 0x0000, 0x0000, 0x0000, 0x0000, 0x0000,
    0x0000, 0x0000, 0x0000, 0x0000, 0x0000, 0x0000, 0x0000, 0x0000, 0x0000, 0x0000, 0x0000, 0x0000, 0x0000, 0x0000, 0x0000, 0x0000,
    0x0000, 0x0000, 0x0000, 0x0000, 0x0000, 0x2000, 0x0000, 0x0100, 0x0100, 0x0000, 0x0000, 0x2018, 0x0251, 0x259A, 0xE7D2, 0x06F3,
    0xC4FA, 0xC3F2, 0xC3EA, 0xC4F2, 0xC5F2, 0xA5F2, 0xC5F2, 0xE4F2, 0xE3F2, 0xC4F2, 0xC4F2, 0xA5F2, 0xC4F2, 0xC4F2, 0xC4F2, 0xC4F2,
    0xC4F2, 0xC4F2, 0xC4F2, 0xC4F2, 0xC4F2, 0xC4F2, 0xC4F2, 0xC4F2, 0xC4F2, 0xC4F2, 0xC4F2, 0xC4F2, 0xC4F2, 0xC4F2, 0xC4F2, 0xC4F2,
    0xC4F2, 0xC4F2, 0xC4F2, 0xC4F2, 0xC4F2, 0xC4F2, 0xC4F2, 0xC4F2, 0xC4F2, 0xC4F2, 0xC4F2, 0xC4F2, 0xC4F2, 0xC4F2, 0xC4F2, 0xC4F2,
    0xC4F2, 0xC4F2, 0xC4F2, 0xC4F2, 0xC4F2, 0xC4F2, 0xC4F2, 0xC4F2, 0xC4F2, 0xC4F2, 0xC4F2, 0xC4F2, 0xC4F2, 0xC4F2, 0xC4F2, 0xC4F2,
    0xC4F2, 0xC4F2, 0xC4F2, 0xC4F2, 0xA4F2, 0xA4FA, 0xA4F2, 0xC4F2, 0xE5EA, 0xC5EA, 0xC5F2, 0xC4F2, 0xA4F2, 0xC4EA, 0xE5F2, 0x05F3,
    0xE5F2, 0x85C2, 0x8379, 0x8130, 0x0000, 0x0000, 0x0100, 0x0000, 0x0000, 0x0000, 0x0000, 0x0000, 0x0000, 0x0000, 0x0000, 0x0000,
    0x0000, 0x0000, 0x0000, 0x0000, 0x0000, 0x0000, 0x0000, 0x0000, 0x0000, 0x0000, 0x0000, 0x0000, 0x0000, 0x0000, 0x0000, 0x0000,
    0x0000, 0x0000, 0x0000, 0x0000, 0x0000, 0x0000, 0x0000, 0x0000, 0x0000, 0x0000, 0x0000, 0x0000, 0x0000, 0x0000, 0x0000, 0x0000,
    0x0000, 0x0000, 0x0000, 0x0000, 0x0000, 0x0000, 0x0000, 0x0000, 0x0000, 0x0000, 0x0000, 0x0000, 0x0000, 0x0000, 0x0000, 0x0000,
    0x0000, 0x0000, 0x0000, 0x0000, 0x0000, 0x0000, 0x0000, 0x0000, 0x0000, 0x0000, 0x0000, 0x0000, 0x0000, 0x0000, 0x0000, 0x0000,
    0x0000, 0x0000, 0x0000, 0x0000, 0x0000, 0x0000, 0x0000, 0x0000, 0x0000, 0x0000, 0x0000, 0x0000, 0x0000, 0x0000, 0x0000, 0x0000,
    0x0000, 0x0000, 0x0000, 0x0000, 0x0000, 0x0000, 0x0000, 0x0000, 0x0000, 0x0000, 0x0000, 0x0000, 0x0000, 0x0000, 0x0000, 0x0000,
    0x0000, 0x0000, 0x0000, 0x0000, 0x0000, 0x0000, 0x0000, 0x0000, 0x0000, 0x0000, 0x0000, 0x0000, 0x0000, 0x0000, 0x0000, 0x0000,
    0x0000, 0x0000, 0x0000, 0x0000, 0x0000, 0x0000, 0x0000, 0x0000, 0x0000, 0x0000, 0x0000, 0x0000, 0x0000, 0x0000, 0x0000, 0x0000,
    0x0000, 0x0000, 0x0000, 0x0000, 0x0000, 0x2000, 0x2000, 0x0000, 0x0000, 0x4130, 0x6481, 0x65CA, 0xE6F2, 0xE5FA, 0xE4F2, 0xE3EA,
    0xC2EA, 0xA3FA, 0xA4FA, 0xA6FA, 0xA5FA, 0xA4FA, 0xC4F2, 0xC4F2, 0xC3F2, 0xE3F2, 0xC4F2, 0xC4F2, 0xC4F2, 0xC4F2, 0xC4F2, 0xC4F2,
    0xC4F2, 0xC4F2, 0xC4F2, 0xC4F2, 0xC4F2, 0xC4F2, 0xC4F2, 0xC4F2, 0xC4F2, 0xC4F2, 0xC4F2, 0xC4F2, 0xC4F2, 0xC4F2, 0xC4F2, 0xC4F2,
    0xC4F2, 0xC4F2, 0xC4F2, 0xC4F2, 0xC4F2, 0xC4F2, 0xC4F2, 0xC4F2, 0xC4F2, 0xC4F2, 0xC4F2, 0xC4F2, 0xC4F2, 0xC4F2, 0xC4F2, 0xC4F2,
    0xC4F2, 0xC4F2, 0xC4F2, 0xC4F2, 0xC4F2, 0xC4F2, 0xC4F2, 0xC4F2, 0xC4F2, 0xC4F2, 0xC4F2, 0xC4F2, 0xC4F2, 0xC4F2, 0xC4F2, 0xC4F2,
    0xC4F2, 0xC4F2, 0xE3F2, 0xE3EA, 0xE3EA, 0xE4EA, 0xE4EA, 0xC4F2, 0xC4F2, 0xC4F2, 0xC4F2, 0xC4F2, 0xC5EA, 0xC6EA, 0xC5EA, 0xC5EA,
    0xC4F2, 0xE4F2, 0x06F3, 0xE7DA, 0xE599, 0xC248, 0x0010, 0x0000, 0x0000, 0x0000, 0x0000, 0x0000, 0x0000, 0x0000, 0x0000, 0x0000,
    0x0000, 0x0000, 0x0000, 0x0000, 0x0000, 0x0000, 0x0000, 0x0000, 0x0000, 0x0000, 0x0000, 0x0000, 0x0000, 0x0000, 0x0000, 0x0000,
    0x0000, 0x0000, 0x0000, 0x0000, 0x0000, 0x0000, 0x0000, 0x0000, 0x0000, 0x0000, 0x0000, 0x0000, 0x0000, 0x0000, 0x0000, 0x0000,
    0x0000, 0x0000, 0x0000, 0x0000, 0x0000, 0x0000, 0x0000, 0x0000, 0x0000, 0x0000, 0x0000, 0x0000, 0x0000, 0x0000, 0x0000, 0x0000,
    0x0000, 0x0000, 0x0000, 0x0000, 0x0000, 0x0000, 0x0000, 0x0000, 0x0000, 0x0000, 0x0000, 0x0000, 0x0000, 0x0000, 0x0000, 0x0000,
    0x0000, 0x0000, 0x0000, 0x0000, 0x0000, 0x0000, 0x0000, 0x0000, 0x0000, 0x0000, 0x0000, 0x0000, 0x0000, 0x0000, 0x0000, 0x0000,
    0x0000, 0x0000, 0x0000, 0x0000, 0x0000, 0x0000, 0x0000, 0x0000, 0x0000, 0x0000, 0x0000, 0x0000, 0x0000, 0x0000, 0x0000, 0x0000,
    0x0000, 0x0000, 0x0000, 0x0000, 0x0000, 0x0000, 0x0000, 0x0000, 0x0000, 0x0000, 0x0000, 0x0000, 0x0000, 0x0000, 0x0000, 0x0000,
    0x0000, 0x0000, 0x0000, 0x0000, 0x0000, 0x0000, 0x0000, 0x0000, 0x0000, 0x0000, 0x0000, 0x0000, 0x0000, 0x0000, 0x0000, 0x0000,
    0x0000, 0x0000, 0x0000, 0x0000, 0x0000, 0x0000, 0x0000, 0x8138, 0xE389, 0xE5D2, 0x26F3, 0xE5F2, 0xA4F2, 0xA4F2, 0xC4F2, 0xC4F2,
    0xC4F2, 0xC5EA, 0xC4F2, 0xC4F2, 0xC4F2, 0xC4EA, 0xC4F2, 0xC4F2, 0xC4F2, 0xC4F2, 0xC4F2, 0xC4F2, 0xC4F2, 0xC4F2, 0xC4F2, 0xC4F2,
    0xC4F2, 0xC4F2, 0xC4F2, 0xC4F2, 0xC4F2, 0xC4F2, 0xC4F2, 0xC4F2, 0xC4F2, 0xC4F2, 0xC4F2, 0xC4F2, 0xC4F2, 0xC4F2, 0xC4F2, 0xC4F2,
    0xC4F2, 0xC4F2, 0xC4F2, 0xC4F2, 0xC4F2, 0xC4F2, 0xC4F2, 0xC4F2, 0xC4F2, 0xC4F2, 0xC4F2, 0xC4F2, 0xC4F2, 0xC4F2, 0xC4F2, 0xC4F2,
    0xC4F2, 0xC4F2, 0xC4F2, 0xC4F2, 0xC4F2, 0xC4F2, 0xC4F2, 0xC4F2, 0xC4F2, 0xC4F2, 0xC4F2, 0xC4F2, 0xC4F2, 0xC4F2, 0xC4F2, 0xC4F2,
    0xC4F2, 0xC4F2, 0xC4F2, 0xC4F2, 0xC4F2, 0xC5F2, 0xC5F2, 0xC4F2, 0xC4F2, 0xC4F2, 0xC4F2, 0xC4F2, 0xC4F2, 0xC4F2, 0xC4F2, 0xC4EA,
    0xC4EA, 0xC4EA, 0xC4F2, 0xC3F2, 0x05FB, 0x06EB, 0x66B2, 0x4359, 0x2018, 0x0000, 0x0000, 0x0000, 0x0000, 0x0000, 0x0000, 0x0000,
    0x0000, 0x0000, 0x0000, 0x0000, 0x0000, 0x0000, 0x0000, 0x0000, 0x0000, 0x0000, 0x0000, 0x0000, 0x0000, 0x0000, 0x0000, 0x0000,
    0x0000, 0x0000, 0x0000, 0x0000, 0x0000, 0x0000, 0x0000, 0x0000, 0x0000, 0x0000, 0x0000, 0x0000, 0x0000, 0x0000, 0x0000, 0x0000,
    0x0000, 0x0000, 0x0000, 0x0000, 0x0000, 0x0000, 0x0000, 0x0000, 0x0000, 0x0000, 0x0000, 0x0000, 0x0000, 0x0000, 0x0000, 0x0000,
    0x0000, 0x0000, 0x0000, 0x0000, 0x0000, 0x0000, 0x0000, 0x0000, 0x0000, 0x0000, 0x0000, 0x0000, 0x0000, 0x0000, 0x0000, 0x0000,
    0x0000, 0x0000, 0x0000, 0x0000, 0x0000, 0x0000, 0x0000, 0x0000, 0x0000, 0x0000, 0x0000, 0x0000, 0x0000, 0x0000, 0x0000, 0x0000,
    0x0000, 0x0000, 0x0000, 0x0000, 0x0000, 0x0000, 0x0000, 0x0000, 0x0000, 0x0000, 0x0000, 0x0000, 0x0000, 0x0000, 0x0000, 0x0000,
    0x0000, 0x0000, 0x0000, 0x0000, 0x0000, 0x0000, 0x0000, 0x0000, 0x0000, 0x0000, 0x0000, 0x0000, 0x0000, 0x0000, 0x0000, 0x0000,
    0x0000, 0x0000, 0x0000, 0x0000, 0x0000, 0x0000, 0x0000, 0x0000, 0x2000, 0x0000, 0x0000, 0x0000, 0x0000, 0x0000, 0x0000, 0x0000,
    0x0000, 0x0000, 0x0000, 0x0000, 0x0000, 0xA150, 0x04A2, 0xE6DA, 0x26F3, 0xE3F2, 0xC3F2, 0xC4EA, 0xE4EA, 0xE4EA, 0xA6F2, 0xA5F2,
    0xE4F2, 0xC4F2, 0xE4EA, 0xE4EA, 0xC5F2, 0xA4F2, 0xE3F2, 0x03F3, 0xE4F2, 0xE5F2, 0xE4F2, 0xE5F2, 0xC3F2, 0xC3F2, 0xE4EA, 0xE4EA,
    0xC5EA, 0xC5EA, 0xE4EA, 0xA4FA, 0xC4F2, 0xC4F2, 0xC4F2, 0xC4F2, 0xC4F2, 0xC4F2, 0xC4F2, 0xC4F2, 0xC4F2, 0xC4F2, 0xC4F2, 0xC4F2,
    0xC4F2, 0xC4F2, 0xC4F2, 0xC4F2, 0xC4F2, 0xC4F2, 0xC4F2, 0xC4EA, 0xC4EA, 0xC4EA, 0xC4F2, 0xC4F2, 0xA4F2, 0xC4F2, 0xC4EA, 0xE4EA,
    0xE4EA, 0xC3F2, 0xC4F2, 0xC4F2, 0xC4F2, 0xC4F2, 0xC4F2, 0xC4F2, 0xC4F2, 0xC4F2, 0xC4F2, 0xC4F2, 0xC4F2, 0xC4F2, 0xC4F2, 0xC4F2,
    0xC4F2, 0xC4F2, 0xC4F2, 0xC5F2, 0xC5F2, 0xA5F2, 0xC5F2, 0xC4F2, 0xC4F2, 0xC4F2, 0xC4F2, 0xC4F2, 0xC4F2, 0xC4F2, 0xC4F2, 0xC4F2,
    0xC4F2, 0xC4F2, 0xC4F2, 0xC4EA, 0xC3EA, 0xC4F2, 0xE5F2, 0x26EB, 0x85C2, 0x4271, 0x2020, 0x0000, 0x0000, 0x0000, 0x0000, 0x0000,
    0x0000, 0x0000, 0x0000, 0x0000, 0x0000, 0x0000, 0x0000, 0x0000, 0x0000, 0x0000, 0x0000, 0x0000, 0x0000, 0x0000, 0x0000, 0x0000,
    0x0000, 0x0000, 0x0000, 0x0000, 0x0000, 0x0000, 0x0000, 0x0000, 0x0000, 0x0000, 0x0000, 0x0000, 0x0000, 0x0000, 0x0000, 0x0000,
    0x0000, 0x0000, 0x0000, 0x0000, 0x0000, 0x0000, 0x0000, 0x0000, 0x0000, 0x0000, 0x0000, 0x0000, 0x0000, 0x0000, 0x0000, 0x0000,
    0x0000, 0x0000, 0x0000, 0x0000, 0x0000, 0x0000, 0x0000, 0x0000, 0x0000, 0x0000, 0x0000, 0x0000, 0x0000, 0x0000, 0x0000, 0x0000,
    0x0000, 0x0000, 0x0000, 0x0000, 0x0000, 0x0000, 0x0000, 0x0000, 0x0000, 0x0000, 0x0000, 0x0000, 0x0000, 0x0000, 0x0000, 0x0000,
    0x0000, 0x0000, 0x0000, 0x0000, 0x0000, 0x0000, 0x0000, 0x0000, 0x0000, 0x0000, 0x0000, 0x0000, 0x0000, 0x0000, 0x0000, 0x0000,
    0x0000, 0x0000, 0x0000, 0x0000, 0x0000, 0x0000, 0x0000, 0x0000, 0x0000, 0x0000, 0x0000, 0x0000, 0x0000, 0x0000, 0x0000, 0x0000,
    0x0000, 0x0000, 0x0000, 0x0000, 0x0000, 0x0000, 0x0000, 0x0000, 0x0000, 0x0000, 0x0000, 0x0000, 0x0000, 0x2000, 0x2000, 0x0000,
    0x0100, 0x0100, 0x0000, 0xC148, 0x24AA, 0xE6EA, 0x06F3, 0xE5EA, 0xC4EA, 0xC4F2, 0xC4F2, 0xC4F2, 0xC4EA, 0xC5EA, 0xC4F2, 0xC4F2,
    0xC4EA, 0xE4EA, 0xC4EA, 0xA4FA, 0xC4FA, 0xE4F2, 0xA4EA, 0xA4DA, 0xA5D2, 0x66CA, 0x44CA, 0x83DA, 0xE5E2, 0x06F3, 0xC4FA, 0xC4F2,
    0xC4EA, 0xC4F2, 0xC4F2, 0xC4F2, 0xC4F2, 0xC4F2, 0xC4F2, 0xC4F2, 0xC4F2, 0xC4F2, 0xC4F2, 0xC4F2, 0xC4F2, 0xC4F2, 0xC4F2, 0xC4F2,
    0xC4F2, 0xC4F2, 0xC4F2, 0xC4F2, 0xC4F2, 0xC4F2, 0xC4F2, 0xC4EA, 0xC4EA, 0xC4EA, 0xE4EA, 0xC4EA, 0xC5F2, 0xC5F2, 0xC4EA, 0xC4EA,
    0xC4F2, 0xC4F2, 0xC4F2, 0xC4F2, 0xC4F2, 0xC4F2, 0xC4F2, 0xC4F2, 0xC4F2, 0xC4F2, 0xC4F2, 0xC4F2, 0xC4F2, 0xC4F2, 0xC4F2, 0xC4F2,
    0xC4F2, 0xC4F2, 0xC4F2, 0xC4F2, 0xC4F2, 0xC4F2, 0xC4F2, 0xC4F2, 0xC4F2, 0xC4F2, 0xC4F2, 0xC4F2, 0xC4F2, 0xC4F2, 0xC4F2, 0xC4F2,
    0xC4F2, 0xC4F2, 0xC4F2, 0xC4F2, 0xC4F2, 0xC4F2, 0xC4F2, 0xC4F2, 0xE5F2, 0x06F3, 0xA5CA, 0x8271, 0x4010, 0x0000, 0x0100, 0x0008,
    0x0000, 0x0000, 0x0000, 0x0000, 0x0000, 0x0000, 0x0000, 0x0000, 0x0000, 0x0000, 0x0000, 0x0000, 0x0000, 0x0000, 0x0000, 0x0000,
    0x0000, 0x0000, 0x0000, 0x0000, 0x0000, 0x0000, 0x0000, 0x0000, 0x0000, 0x0000, 0x0000, 0x0000, 0x0000, 0x0000, 0x0000, 0x0000,
    0x0000, 0x0000, 0x0000, 0x0000, 0x0000, 0x0000, 0x0000, 0x0000, 0x0000, 0x0000, 0x0000, 0x0000, 0x0000, 0x0000, 0x0000, 0x0000,
    0x0000, 0x0000, 0x0000, 0x0000, 0x0000, 0x0000, 0x0000, 0x0000, 0x0000, 0x0000, 0x0000, 0x0000, 0x0000, 0x0000, 0x0000, 0x0000,
    0x0000, 0x0000, 0x0000, 0x0000, 0x0000, 0x0000, 0x0000, 0x0000, 0x0000, 0x0000, 0x0000, 0x0000, 0x0000, 0x0000, 0x0000, 0x0000,
    0x0000, 0x0000, 0x0000, 0x0000, 0x0000, 0x0000, 0x0000, 0x0000, 0x0000, 0x0000, 0x0000, 0x0000, 0x0000, 0x0000, 0x0000, 0x0000,
    0x0000, 0x0000, 0x0000, 0x0000, 0x0000, 0x0000, 0x0000, 0x0000, 0x0000, 0x0000, 0x0000, 0x0000, 0x0000, 0x0000, 0x0000, 0x0000,
    0x0000, 0x0000, 0x0000, 0x0000, 0x0000, 0x0000, 0x0000, 0x0000, 0x0000, 0x0000, 0x0000, 0x0000, 0x0100, 0x0000, 0x2000, 0x0000,
    0x0000, 0xA140, 0x25A2, 0x06EB, 0x05F3, 0xC5EA, 0xC5EA, 0xC5F2, 0xC4F2, 0xC4F2, 0xC4F2, 0xC4EA, 0xC5F2, 0xC5F2, 0xE3EA, 0xC3F2,
    0xC5F2, 0xE5E2, 0xE4F2, 0xE5FA, 0x64CA, 0x66AA, 0x0A9B, 0xCA8A, 0x2C93, 0xF0AB, 0x71B4, 0xAB9B, 0xA89A, 0x05A2, 0x85D2, 0xE5FA,
    0xC3F2, 0xC3F2, 0xA4FA, 0xE4EA, 0xC4F2, 0xC4F2, 0xC4F2, 0xC4F2, 0xC4F2, 0xC4F2, 0xC4F2, 0xC4F2, 0xC4F2, 0xC4F2, 0xC4F2, 0xC4F2,
    0xC4F2, 0xC4F2, 0xC4F2, 0xC4F2, 0xC4F2, 0xC4F2, 0xC4F2, 0xC4F2, 0xC4F2, 0xC4F2, 0xC4F2, 0xE4EA, 0xC4EA, 0xC4F2, 0xC4F2, 0xC4F2,
    0xA5F2, 0xA6F2, 0xC5F2, 0xC4F2, 0xC4F2, 0xC4F2, 0xC4F2, 0xC4F2, 0xC4F2, 0xC4F2, 0xC4F2, 0xC4F2, 0xC4F2, 0xC4F2, 0xC4F2, 0xC4F2,
    0xC4F2, 0xC4F2, 0xC4F2, 0xC4F2, 0xC4F2, 0xC4F2, 0xC4F2, 0xC4F2, 0xC4F2, 0xC4F2, 0xC4F2, 0xC4F2, 0xC4F2, 0xC4F2, 0xC4F2, 0xC4F2,
    0xC4F2, 0xC4F2, 0xC4F2, 0xC4F2, 0xC4F2, 0xC4F2, 0xC4F2, 0xC4F2, 0xC4F2, 0xA5F2, 0x04F3, 0x45F3, 0xA5C2, 0x4369, 0x2010, 0x0000,
    0x0000, 0x2000, 0x0000, 0x0000, 0x0000, 0x0000, 0x0000, 0x0000, 0x0000, 0x0000, 0x0000, 0x0000, 0x0000, 0x0000, 0x0000, 0x0000,
    0x0000, 0x0000, 0x0000, 0x0000, 0x0000, 0x0000, 0x0000, 0x0000, 0x0000, 0x0000, 0x0000, 0x0000, 0x0000, 0x0000, 0x0000, 0x0000,
    0x0000, 0x0000, 0x0000, 0x0000, 0x0000, 0x0000, 0x0000, 0x0000, 0x0000, 0x0000, 0x0000, 0x0000, 0x0000, 0x0000, 0x0000, 0x0000,
    0x0000, 0x0000, 0x0000, 0x0000, 0x0000, 0x0000, 0x0000, 0x0000, 0x0000, 0x0000, 0x0000, 0x0000, 0x0000, 0x0000, 0x0000, 0x0000,
    0x0000, 0x0000, 0x0000, 0x0000, 0x0000, 0x0000, 0x0000, 0x0000, 0x0000, 0x0000, 0x0000, 0x0000, 0x0000, 0x0000, 0x0000, 0x0000,
    0x0000, 0x0000, 0x0000, 0x0000, 0x0000, 0x0000, 0x0000, 0x0000, 0x0000, 0x0000, 0x0000, 0x0000, 0x0000, 0x0000, 0x0000, 0x0000,
    0x0000, 0x0000, 0x0000, 0x0000, 0x0000, 0x0000, 0x0000, 0x0000, 0x0000, 0x0000, 0x0000, 0x0000, 0x0000, 0x0000, 0x0000, 0x0000,
    0x0000, 0x0000, 0x0000, 0x0000, 0x0000, 0x0000, 0x0000, 0x0000, 0x0000, 0x0000, 0x0000, 0x0000, 0x0200, 0x0100, 0x0008, 0x8130,
    0x0392, 0xE5E2, 0xE5FA, 0xC4F2, 0xC4EA, 0xE5EA, 0xC4F2, 0xC4F2, 0xC4F2, 0xC4F2, 0xC4F2, 0xC4EA, 0xC4F2, 0xC4F2, 0xE3EA, 0xC4F2,
    0x85FA, 0xC5FA, 0xC5EA, 0x249A, 0xCE9B, 0x109C, 0x098B, 0xE8AA, 0xA7B2, 0xE8A2, 0xCC9B, 0xBAD6, 0xBEFF, 0xB5C5, 0x0883, 0x24AA,
    0x06F3, 0xC4F2, 0xC4F2, 0xC4F2, 0xC4F2, 0xC4F2, 0xC4F2, 0xC4F2, 0xC4F2, 0xC4F2, 0xC4F2, 0xC4F2, 0xC4F2, 0xC4F2, 0xC4F2, 0xC4F2,
    0xC4F2, 0xC4F2, 0xC4F2, 0xC4F2, 0xC4F2, 0xC4F2, 0xC4F2, 0xC4F2, 0xC4F2, 0xC4F2, 0xC4F2, 0xC4FA, 0x05F3, 0x26F3, 0x05F3, 0xC4F2,
    0xC4F2, 0xC5EA, 0xC5EA, 0xC4F2, 0xC4F2, 0xC4F2, 0xC4F2, 0xC4F2, 0xC4F2, 0xC4F2, 0xC4F2, 0xC4F2, 0xC4F2, 0xC4F2, 0xC4F2, 0xC4F2,
    0xC4F2, 0xC4F2, 0xC4F2, 0xC4F2, 0xC4F2, 0xC4F2, 0xC4F2, 0xC4F2, 0xC4F2, 0xC4F2, 0xC4F2, 0xC4F2, 0xC4F2, 0xC4F2, 0xC4F2, 0xC4F2,
    0xC4F2, 0xC4F2, 0xC4F2, 0xC4F2, 0xC4F2, 0xC4F2, 0xC4F2, 0xC4F2, 0xC4F2, 0xC4F2, 0xC4F2, 0xC5F2, 0xC4F2, 0x25FB, 0x85C2, 0x2259,
    0x0000, 0x0000, 0x0000, 0x0000, 0x0000, 0x0000, 0x0000, 0x0000, 0x0000, 0x0000, 0x0000, 0x0000, 0x0000, 0x0000, 0x0000, 0x0000,
    0x0000, 0x0000, 0x0000, 0x0000, 0x0000, 0x0000, 0x0000, 0x0000, 0x0000, 0x0000, 0x0000, 0x0000, 0x0000, 0x0000, 0x0000, 0x0000,
    0x0000, 0x0000, 0x0000, 0x0000, 0x0000, 0x0000, 0x0000, 0x0000, 0x0000, 0x0000, 0x0000, 0x0000, 0x0000, 0x0000, 0x0000, 0x0000,
    0x0000, 0x0000, 0x0000, 0x0000, 0x0000, 0x0000, 0x0000, 0x0000, 0x0000, 0x0000, 0x0000, 0x0000, 0x0000, 0x0000, 0x0000, 0x0000,
    0x0000, 0x0000, 0x0000, 0x0000, 0x0000, 0x0000, 0x0000, 0x0000, 0x0000, 0x0000, 0x0000, 0x0000, 0x0000, 0x0000, 0x0000, 0x0000,
    0x0000, 0x0000, 0x0000, 0x0000, 0x0000, 0x0000, 0x0000, 0x0000, 0x0000, 0x0000, 0x0000, 0x0000, 0x0000, 0x0000, 0x0000, 0x0000,
    0x0000, 0x0000, 0x0000, 0x0000, 0x0000, 0x0000, 0x0000, 0x0000, 0x0000, 0x0000, 0x0000, 0x0000, 0x0000, 0x0000, 0x0000, 0x0000,
    0x0000, 0x0000, 0x0000, 0x0000, 0x0000, 0x0000, 0x0100, 0x0000, 0x0000, 0x0000, 0x0000, 0x0000, 0x0000, 0x4020, 0x8381, 0xE7DA,
    0x05FB, 0xE3EA, 0xE3EA, 0xE4EA, 0xC4F2, 0xC4F2, 0xC4F2, 0xC4F2, 0xC4F2, 0xC4F2, 0xC4F2, 0xC4F2, 0xC4F2, 0xC4F2, 0xC5EA, 0xC5F2,
    0xA4FA, 0xA5E2, 0x0492, 0xB5C5, 0x6E9C, 0x6492, 0xA4CA, 0xC5EA, 0xC4EA, 0x05EB, 0xA4CA, 0xE489, 0x33B5, 0xFFFF, 0xDEF7, 0x4FA4,
    0x05A2, 0xE7F2, 0xA4F2, 0xE4EA, 0xC4F2, 0xC4F2, 0xC4F2, 0xC4F2, 0xC4F2, 0xC4F2, 0xC4F2, 0xC4F2, 0xC4F2, 0xC4F2, 0xC4F2, 0xC4F2,
    0xC4F2, 0xC4F2, 0xC4F2, 0xC4F2, 0xC4EA, 0xC4F2, 0xC4F2, 0xC4F2, 0xC4F2, 0xC4F2, 0xE5F2, 0x43CA, 0xE3A1, 0x66A2, 0xA399, 0x85D2,
    0xE4F2, 0xC3F2, 0xC4F2, 0xC4F2, 0xC4F2, 0xC4F2, 0xC4F2, 0xC4F2, 0xC4F2, 0xC4F2, 0xC4F2, 0xC4F2, 0xC4F2, 0xC4F2, 0xC4F2, 0xC4F2,
    0xC4F2, 0xC4F2, 0xC4F2, 0xC4F2, 0xC4F2, 0xC4F2, 0xC4F2, 0xC4F2, 0xC4F2, 0xC4F2, 0xC4F2, 0xC4F2, 0xC4F2, 0xC4F2, 0xC4F2, 0xC4F2,
    0xC4F2, 0xC4F2, 0xC4F2, 0xC4F2, 0xC4F2, 0xC4F2, 0xC4F2, 0xC4F2, 0xC4F2, 0xC5F2, 0xC5F2, 0xE4EA, 0xC4F2, 0xC3F2, 0xE5F2, 0x26EB,
    0x45AA, 0xA140, 0x0008, 0x0000, 0x0100, 0x0100, 0x0000, 0x2000, 0x0000, 0x0000, 0x0000, 0x0000, 0x0000, 0x0000, 0x0000, 0x0000,
    0x0000, 0x0000, 0x0000, 0x0000, 0x0000, 0x0000, 0x0000, 0x0000, 0x0000, 0x0000, 0x0000, 0x0000, 0x0000, 0x0000, 0x0000, 0x0000,
    0x0000, 0x0000, 0x0000, 0x0000, 0x0000, 0x0000, 0x0000, 0x0000, 0x0000, 0x0000, 0x0000, 0x0000, 0x0000, 0x0000, 0x0000, 0x0000,
    0x0000, 0x0000, 0x0000, 0x0000, 0x0000, 0x0000, 0x0000, 0x0000, 0x0000, 0x0000, 0x0000, 0x0000, 0x0000, 0x0000, 0x0000, 0x0000,
    0x0000, 0x0000, 0x0000, 0x0000, 0x0000, 0x0000, 0x0000, 0x0000, 0x0000, 0x0000, 0x0000, 0x0000, 0x0000, 0x0000, 0x0000, 0x0000,
    0x0000, 0x0000, 0x0000, 0x0000, 0x0000, 0x0000, 0x0000, 0x0000, 0x0000, 0x0000, 0x0000, 0x0000, 0x0000, 0x0000, 0x0000, 0x0000,
    0x0000, 0x0000, 0x0000, 0x0000, 0x0000, 0x0000, 0x0000, 0x0000, 0x0000, 0x0000, 0x0000, 0x0000, 0x0000, 0x0000, 0x0000, 0x0000,
    0x0000, 0x0000, 0x0000, 0x0000, 0x0000, 0x0000, 0x0000, 0x0000, 0x0008, 0x0100, 0x0000, 0x0008, 0x2269, 0xC4CA, 0x25EB, 0xC5F2,
    0xA5F2, 0xC4F2, 0x03EB, 0xC4EA, 0xA5FA, 0xC4F2, 0xC4F2, 0xC4F2, 0xC4F2, 0xC4F2, 0xC4F2, 0xC4F2, 0xC4F2, 0xA5FA, 0xC4EA, 0xE3EA,
    0xE5EA, 0xE589, 0x98D6, 0x4F9C, 0xE4A9, 0xE6FA, 0xC4F2, 0xE4F2, 0x05EB, 0x44B2, 0x46A2, 0x87A2, 0xA489, 0xF6CD, 0xFFFF, 0xFFFF,
    0xEFA3, 0x05C2, 0xE6F2, 0xE3E2, 0xC4F2, 0xC4F2, 0xC4F2, 0xC4F2, 0xC4F2, 0xC4F2, 0xC4F2, 0xC4F2, 0xC4F2, 0xC4F2, 0xC4F2, 0xC4F2,
    0xC4F2, 0xC4F2, 0xC4F2, 0xC4EA, 0xC4EA, 0xC4F2, 0xC4F2, 0xC4F2, 0xC5F2, 0xC5F2, 0xE6E2, 0x878A, 0xD5CD, 0x34BD, 0x8DA3, 0x46B2,
    0x06F3, 0xA4F2, 0xC4F2, 0xC4F2, 0xC4F2, 0xC4F2, 0xC4F2, 0xC4F2, 0xC4F2, 0xC4F2, 0xC4F2, 0xC4F2, 0xC4F2, 0xC4F2, 0xC4F2, 0xC4F2,
    0xC4F2, 0xC4F2, 0xC4F2, 0xC4F2, 0xC4F2, 0xC4F2, 0xC4F2, 0xC4F2, 0xC4F2, 0xC4F2, 0xC4F2, 0xC4F2, 0xC4F2, 0xC4F2, 0xC4F2, 0xC4F2,
    0xC4F2, 0xC4F2, 0xC4F2, 0xC4F2, 0xC4F2, 0xC4F2, 0xC4F2, 0xC4F2, 0xC4F2, 0xE4EA, 0xC3F2, 0xC3F2, 0xA4FA, 0xA5F2, 0xC5EA, 0xC4EA,
    0x04F3, 0x06E3, 0xE599, 0x6130, 0x0000, 0x2000, 0x2100, 0x0100, 0x0000, 0x0000, 0x0000, 0x0000, 0x0000, 0x0000, 0x0000, 0x0000,
    0x0000, 0x0000, 0x0000, 0x0000, 0x0000, 0x0000, 0x0000, 0x0000, 0x0000, 0x0000, 0x0000, 0x0000, 0x0000, 0x0000, 0x0000, 0x0000,
    0x0000, 0x0000, 0x0000, 0x0000, 0x0000, 0x0000, 0x0000, 0x0000, 0x0000, 0x0000, 0x0000, 0x0000, 0x0000, 0x0000, 0x0000, 0x0000,
    0x0000, 0x0000, 0x0000, 0x0000, 0x0000, 0x0000, 0x0000, 0x0000, 0x0000, 0x0000, 0x0000, 0x0000, 0x0000, 0x0000, 0x0000, 0x0000,
    0x0000, 0x0000, 0x0000, 0x0000, 0x0000, 0x0000, 0x0000, 0x0000, 0x0000, 0x0000, 0x0000, 0x0000, 0x0000, 0x0000, 0x0000, 0x0000,
    0x0000, 0x0000, 0x0000, 0x0000, 0x0000, 0x0000, 0x0000, 0x0000, 0x0000, 0x0000, 0x0000, 0x0000, 0x0000, 0x0000, 0x0000, 0x0000,
    0x0000, 0x0000, 0x0000, 0x0000, 0x0000, 0x0000, 0x0000, 0x0000, 0x0000, 0x0000, 0x0000, 0x0000, 0x0000, 0x0000, 0x0000, 0x0000,
    0x0000, 0x0000, 0x0000, 0x0000, 0x0000, 0x0000, 0x0000, 0x0008, 0x0000, 0x0000, 0x8130, 0x45AA, 0x06F3, 0xE4F2, 0xC4EA, 0xC3F2,
    0xC3F2, 0xC4F2, 0xC5F2, 0xC5F2, 0xC4F2, 0xC4F2, 0xC4F2, 0xC4F2, 0xC4F2, 0xC4F2, 0xC4F2, 0xC4F2, 0xC4F2, 0xA5F2, 0xC3EA, 0x25F3,
    0xE4A1, 0xD6CD, 0x36BE, 0xC391, 0x06FB, 0xA3F2, 0xC4F2, 0xE5EA, 0x0492, 0x709C, 0x57CE, 0x2582, 0x86D2, 0xC792, 0x9EF7, 0xDFFF,
    0x9DF7, 0x8692, 0xC6E2, 0xE4EA, 0xC4F2, 0xC4F2, 0xC4F2, 0xC4F2, 0xC4F2, 0xC4F2, 0xC4F2, 0xC4F2, 0xC4F2, 0xC4F2, 0xC4F2, 0xC4F2,
    0xC4F2, 0xC4F2, 0xC4F2, 0xC4EA, 0xC4F2, 0xC4F2, 0xC4F2, 0xC4F2, 0xC4EA, 0x05F3, 0x03B2, 0x13AD, 0xFFFF, 0xFFFF, 0xEEAB, 0x86C2,
    0xC5F2, 0xA4F2, 0xC5F2, 0xC4F2, 0xC4F2, 0xC4F2, 0xC4F2, 0xC4F2, 0xC4F2, 0xC4F2, 0xC4F2, 0xC4F2, 0xC4F2, 0xC4F2, 0xC4F2, 0xC4F2,
    0xC4F2, 0xC4F2, 0xC4F2, 0xC4F2, 0xC4F2, 0xC4F2, 0xC4F2, 0xC4F2, 0xC4F2, 0xC4F2, 0xC4F2, 0xC4F2, 0xC4F2, 0xC4F2, 0xC4F2, 0xC4F2,
    0xC4F2, 0xC4F2, 0xC4F2, 0xC4F2, 0xC4F2, 0xC4F2, 0xC4F2, 0xC4F2, 0xC4F2, 0xC3F2, 0xC4F2, 0xC4F2, 0xC5EA, 0xC5F2, 0xA4F2, 0xC4F2,
    0xC4EA, 0xA4FA, 0x05FB, 0xC5D2, 0x6269, 0x0008, 0x0000, 0x0008, 0x0000, 0x0000, 0x0000, 0x0000, 0x0000, 0x0000, 0x0000, 0x0000,
    0x0000, 0x0000, 0x0000, 0x0000, 0x0000, 0x0000, 0x0000, 0x0000, 0x0000, 0x0000, 0x0000, 0x0000, 0x0000, 0x0000, 0x0000, 0x0000,
    0x0000, 0x0000, 0x0000, 0x0000, 0x0000, 0x0000, 0x0000, 0x0000, 0x0000, 0x0000, 0x0000, 0x0000, 0x0000, 0x0000, 0x0000, 0x0000,
    0x0000, 0x0000, 0x0000, 0x0000, 0x0000, 0x0000, 0x0000, 0x0000, 0x0000, 0x0000, 0x0000, 0x0000, 0x0000, 0x0000, 0x0000, 0x0000,
    0x0000, 0x0000, 0x0000, 0x0000, 0x0000, 0x0000, 0x0000, 0x0000, 0x0000, 0x0000, 0x0000, 0x0000, 0x0000, 0x0000, 0x0000, 0x0000,
    0x0000, 0x0000, 0x0000, 0x0000, 0x0000, 0x0000, 0x0000, 0x0000, 0x0000, 0x0000, 0x0000, 0x0000, 0x0000, 0x0000, 0x0000, 0x0000,
    0x0000, 0x0000, 0x0000, 0x0000, 0x0000, 0x0000, 0x0000, 0x0000, 0x0000, 0x0000, 0x0000, 0x0000, 0x0000, 0x0000, 0x0000, 0x0000,
    0x0000, 0x0000, 0x0000, 0x0000, 0x0000, 0x0000, 0x2000, 0x0000, 0x2010, 0x8379, 0xE6E2, 0xE6FA, 0xA4EA, 0xC4F2, 0xC4F2, 0xC5F2,
    0xC5F2, 0xC4F2, 0xC4F2, 0xC4EA, 0xE4EA, 0xE4EA, 0xC4EA, 0xC4EA, 0xC4EA, 0xC4F2, 0xC4F2, 0xC4F2, 0xC4F2, 0xC4F2, 0xE3F2, 0x85DA,
    0xEB9A, 0xFFFF, 0xCC9B, 0x84DA, 0xC4FA, 0xC4EA, 0x05EB, 0x0492, 0x95C5, 0xFFFF, 0x0EB4, 0x44B2, 0x67EB, 0x24A2, 0xD6D5, 0xFFFF,
    0xFFF7, 0x10BD, 0x04C2, 0xE6F2, 0xC4EA, 0xC4F2, 0xC4F2, 0xC4F2, 0xC4F2, 0xC4F2, 0xC4F2, 0xC4F2, 0xC4EA, 0xC4EA, 0xC4F2, 0xC4F2,
    0xC4EA, 0xC4F2, 0xC4F2, 0xC4F2, 0xC4F2, 0xC4F2, 0xC3F2, 0xC4F2, 0xC4EA, 0x05EB, 0xE3A9, 0x0FA4, 0x17CE, 0x90AC, 0x249A, 0x05EB,
    0xA3FA, 0xC4F2, 0xE5EA, 0xC4F2, 0xC4EA, 0xC4F2, 0xC4EA, 0xC4F2, 0xC4F2, 0xC4F2, 0xC4EA, 0xC4F2, 0xC4F2, 0xC4F2, 0xC4F2, 0xC4F2,
    0xC4EA, 0xC4F2, 0xC4F2, 0xC4F2, 0xC4F2, 0xC4EA, 0xC4F2, 0xC4F2, 0xC4EA, 0xC4F2, 0xC4F2, 0xC4F2, 0xC4F2, 0xC4F2, 0xC4F2, 0xC4F2,
    0xC4F2, 0xC4F2, 0xC4F2, 0xC4F2, 0xC4F2, 0xC4F2, 0xC4F2, 0xC4F2, 0xC4F2, 0xA5F2, 0xC5EA, 0xE5EA, 0xE4EA, 0xC4F2, 0xC3F2, 0xC3F2,
    0xC4F2, 0xC5F2, 0xC4F2, 0xC4F2, 0x06F3, 0x44B2, 0xA140, 0x0000, 0x0000, 0x0000, 0x0000, 0x0000, 0x0000, 0x0000, 0x0000, 0x0000,
    0x0000, 0x0000, 0x0000, 0x0000, 0x0000, 0x0000, 0x0000, 0x0000, 0x0000, 0x0000, 0x0000, 0x0000, 0x0000, 0x0000, 0x0000, 0x0000,
    0x0000, 0x0000, 0x0000, 0x0000, 0x0000, 0x0000, 0x0000, 0x0000, 0x0000, 0x0000, 0x0000, 0x0000, 0x0000, 0x0000, 0x0000, 0x0000,
    0x0000, 0x0000, 0x0000, 0x0000, 0x0000, 0x0000, 0x0000, 0x0000, 0x0000, 0x0000, 0x0000, 0x0000, 0x0000, 0x0000, 0x0000, 0x0000,
    0x0000, 0x0000, 0x0000, 0x0000, 0x0000, 0x0000, 0x0000, 0x0000, 0x0000, 0x0000, 0x0000, 0x0000, 0x0000, 0x0000, 0x0000, 0x0000,
    0x0000, 0x0000, 0x0000, 0x0000, 0x0000, 0x0000, 0x0000, 0x0000, 0x0000, 0x0000, 0x0000, 0x0000, 0x0000, 0x0000, 0x0000, 0x0000,
    0x0000, 0x0000, 0x0000, 0x0000, 0x0000, 0x0000, 0x0000, 0x0000, 0x0000, 0x0000, 0x0000, 0x0000, 0x0000, 0x0000, 0x2000, 0x0000,
    0x0000, 0x0000, 0x2000, 0x0000, 0x0000, 0x0000, 0x0000, 0xC140, 0x85BA, 0x06F3, 0xC4F2, 0xC4F2, 0xE4EA, 0xC4EA, 0xC4F2, 0xC4F2,
    0xC4F2, 0xC4F2, 0xC4F2, 0xC4F2, 0xC4F2, 0xC4F2, 0xC4F2, 0xC4F2, 0xC4F2, 0xC4F2, 0xC4F2, 0xC4F2, 0xC4F2, 0xC4EA, 0xE5F2, 0x24BA,
    0xD1BC, 0xFFFF, 0x6B93, 0xA4D2, 0xC4FA, 0xE5FA, 0x44A2, 0xD1AC, 0xFFFF, 0x3DEF, 0x66A2, 0xE5E2, 0x04F3, 0x24C2, 0x51A4, 0xFFFF,
    0xFFFF, 0xB9E6, 0x25A2, 0x06F3, 0xC4EA, 0xE5EA, 0xA5F2, 0xE5FA, 0x05EB, 0xE5F2, 0xE5FA, 0xE4F2, 0xE4E2, 0xE4EA, 0xA4FA, 0xE4F2,
    0x04F3, 0xE5FA, 0xA5FA, 0xC3F2, 0xA6F2, 0x06F3, 0xE3FA, 0xC4F2, 0xC4EA, 0xE4EA, 0xC5F2, 0x44CA, 0x64B2, 0x64C2, 0x04EB, 0xE3EA,
    0xA4F2, 0xC4F2, 0xC3F2, 0xC4FA, 0x06EB, 0x05EB, 0x04FB, 0xC4F2, 0xA5F2, 0xE3F2, 0x02E3, 0xC4F2, 0x85FA, 0xC5FA, 0xE5F2, 0xE5FA,
    0x05EB, 0xC4EA, 0xE4EA, 0xA3FA, 0xC4F2, 0xC5EA, 0xC4EA, 0xE4F2, 0xE5FA, 0xC6F2, 0xC5EA, 0xA4FA, 0xC4F2, 0xC5F2, 0xC4F2, 0xC3F2,
    0xC4F2, 0xC4EA, 0xC4F2, 0xC4F2, 0xC4F2, 0xC4F2, 0xC4F2, 0xC4F2, 0xC4F2, 0xC4F2, 0xC4F2, 0xC4EA, 0xC4F2, 0xC4F2, 0xC4F2, 0xC4F2,
    0xC4F2, 0xC4F2, 0xE4EA, 0xC4F2, 0xA4F2, 0xE6F2, 0x06DB, 0x8279, 0x0018, 0x0000, 0x0000, 0x0000, 0x0000, 0x0000, 0x0000, 0x2000,
    0x0000, 0x0000, 0x0000, 0x0000, 0x0000, 0x0000, 0x0000, 0x0000, 0x0000, 0x0000, 0x0000, 0x0000, 0x0000, 0x0000, 0x0000, 0x0000,
    0x0000, 0x0000, 0x0000, 0x0000, 0x0000, 0x0000, 0x0000, 0x0000, 0x0000, 0x0000, 0x0000, 0x0000, 0x0000, 0x0000, 0x0000, 0x0000,
    0x0000, 0x0000, 0x0000, 0x0000, 0x0000, 0x0000, 0x0000, 0x0000, 0x0000, 0x0000, 0x0000, 0x0000, 0x0000, 0x0000, 0x0000, 0x0000,
    0x0000, 0x0000, 0x0000, 0x0000, 0x0000, 0x0000, 0x0000, 0x0000, 0x0000, 0x0000, 0x0000, 0x0000, 0x0000, 0x0000, 0x0000, 0x0000,
    0x0000, 0x0000, 0x0000, 0x0000, 0x0000, 0x0000, 0x0000, 0x0000, 0x0000, 0x0000, 0x0000, 0x0000, 0x0000, 0x0000, 0x0000, 0x0000,
    0x0000, 0x0000, 0x0000, 0x0000, 0x0000, 0x0000, 0x0000, 0x0000, 0x0000, 0x0000, 0x0000, 0x0000, 0x0000, 0x0000, 0x0000, 0x0000,
    0x0000, 0x0000, 0x0000, 0x2000, 0x0000, 0x0018, 0x8481, 0x08DB, 0xE6F2, 0xA4F2, 0xC4F2, 0xC4EA, 0xC5F2, 0xC4F2, 0xC4F2, 0xC4F2,
    0xC4F2, 0xC4F2, 0xC4F2, 0xC4F2, 0xC4F2, 0xC4F2, 0xC4F2, 0xC4F2, 0xC4F2, 0xC4F2, 0xC4F2, 0xC4F2, 0xC4EA, 0xC4EA, 0x05F3, 0x24B2,
    0x53CD, 0xFFFF, 0x34B5, 0xE599, 0xE6F2, 0xC4E2, 0x868A, 0x9DF7, 0xFFFF, 0x38CE, 0x04A2, 0x05F3, 0xE3F2, 0x65D2, 0xCE9B, 0xFFFF,
    0xFFFF, 0x3CEF, 0x659A, 0xE5EA, 0xC4F2, 0x03F3, 0xE3F2, 0x64DA, 0x85BA, 0x64B2, 0x43BA, 0xE5EA, 0xC5F2, 0xA4FA, 0xA5F2, 0x86DA,
    0x44CA, 0x25BA, 0xA5D2, 0xE4F2, 0xC6EA, 0x45B2, 0x24B2, 0xC5EA, 0xC5F2, 0xE4EA, 0xC5FA, 0x84EA, 0x85C2, 0x44BA, 0xA4DA, 0xE4EA,
    0xC5F2, 0xA5F2, 0x06EB, 0x65DA, 0x66BA, 0x64AA, 0x03CA, 0xC5F2, 0xA4F2, 0x04E3, 0x03E3, 0xC4FA, 0xC5F2, 0xA3C2, 0xA5BA, 0x44B2,
    0x43C2, 0xE5F2, 0xC5EA, 0xA6F2, 0x85FA, 0xC4FA, 0xC5EA, 0x83CA, 0x43BA, 0x24C2, 0xE5E2, 0xC4F2, 0xA4F2, 0xC5EA, 0xC4F2, 0xC3F2,
    0xC4F2, 0xC4F2, 0xC4F2, 0xC4F2, 0xC4F2, 0xC4F2, 0xC4F2, 0xC4F2, 0xC4F2, 0xC4F2, 0xC4F2, 0xC4F2, 0xC4F2, 0xC4F2, 0xC4F2, 0xC4F2,
    0xC4F2, 0xC4F2, 0xE4EA, 0xE4EA, 0xC4F2, 0xA4F2, 0xC5EA, 0x47E3, 0x85B2, 0x8140, 0x0000, 0x0000, 0x0000, 0x0000, 0x0000, 0x0000,
    0x0000, 0x0000, 0x0000, 0x0000, 0x0000, 0x0000, 0x0000, 0x0000, 0x0000, 0x0000, 0x0000, 0x0000, 0x0000, 0x0000, 0x0000, 0x0000,
    0x0000, 0x0000, 0x0000, 0x0000, 0x0000, 0x0000, 0x0000, 0x0000, 0x0000, 0x0000, 0x0000, 0x0000, 0x0000, 0x0000, 0x0000, 0x0000,
    0x0000, 0x0000, 0x0000, 0x0000, 0x0000, 0x0000, 0x0000, 0x0000, 0x0000, 0x0000, 0x0000, 0x0000, 0x0000, 0x0000, 0x0000, 0x0000,
    0x0000, 0x0000, 0x0000, 0x0000, 0x0000, 0x0000, 0x0000, 0x0000, 0x0000, 0x0000, 0x0000, 0x0000, 0x0000, 0x0000, 0x0000, 0x0000,
    0x0000, 0x0000, 0x0000, 0x0000, 0x0000, 0x0000, 0x0000, 0x0000, 0x0000, 0x0000, 0x0000, 0x0000, 0x0000, 0x0000, 0x0000, 0x0000,
    0x0000, 0x0000, 0x0000, 0x0000, 0x0000, 0x0000, 0x0000, 0x0000, 0x0000, 0x0000, 0x0000, 0x0000, 0x0000, 0x0000, 0x0000, 0x0000,
    0x0000, 0x0000, 0x2100, 0x0000, 0x8130, 0x65B2, 0x07FB, 0xA5F2, 0xA4F2, 0xC4F2, 0xC4EA, 0xC5F2, 0xA5FA, 0xA4F2, 0xC4F2, 0xC4F2,
    0xC4F2, 0xC4F2, 0xC4F2, 0xC4F2, 0xC4F2, 0xC4F2, 0xC4F2, 0xC4F2, 0xC4F2, 0xC4F2, 0xC4F2, 0xC4F2, 0xC4F2, 0xA4F2, 0xE5F2, 0x85C2,
    0xAC9B, 0xFFFF, 0xFFFF, 0xCD9B, 0x24BA, 0x84CA, 0x6EA4, 0xFFFF, 0xFFFF, 0xB5BD, 0x24B2, 0xE5FA, 0xE4F2, 0xA4D2, 0xCD9B, 0xDFFF,
    0xFFFF, 0x3CEF, 0xA69A, 0xC4F2, 0xA5FA, 0xC5DA, 0x6492, 0x2B8B, 0x2C83, 0x94C5, 0xB1AC, 0x268A, 0xE6EA, 0xE5EA, 0x449A, 0x8B93,
    0xD1B4, 0x0A83, 0x63B2, 0x26EB, 0x0492, 0xF0B4, 0x8FAC, 0x45B2, 0xE5FA, 0xE5E2, 0x639A, 0x8993, 0xF1A4, 0x0A83, 0x64BA, 0x24EB,
    0xE4EA, 0xA5EA, 0x459A, 0xE98A, 0x6B93, 0x16CE, 0x70A4, 0x2592, 0xC7EA, 0xA5F2, 0xC5F2, 0xA5DA, 0x6692, 0x2B83, 0x4C7B, 0xB6C5,
    0x2FAC, 0x05A2, 0xE5F2, 0xA6EA, 0xC4FA, 0x04EB, 0x449A, 0x0D94, 0x53B5, 0x0893, 0x83D2, 0xE4F2, 0xC4F2, 0xE5EA, 0xC4EA, 0xC3F2,
    0xC4F2, 0xC4F2, 0xC4F2, 0xC4F2, 0xC4F2, 0xC4F2, 0xC4F2, 0xC4F2, 0xC4F2, 0xC4F2, 0xC4F2, 0xC4F2, 0xC4F2, 0xC4F2, 0xC4F2, 0xC4F2,
    0xC4F2, 0xC4F2, 0xE4EA, 0xE4EA, 0xC4F2, 0xA4FA, 0xA5F2, 0xA5EA, 0x05EB, 0xE6DA, 0x4371, 0x0010, 0x0000, 0x0000, 0x0000, 0x0000,
    0x0000, 0x0000, 0x0000, 0x0000, 0x0000, 0x0000, 0x0000, 0x0000, 0x0000, 0x0000, 0x0000, 0x0000, 0x0000, 0x0000, 0x0000, 0x0000,
    0x0000, 0x0000, 0x0000, 0x0000, 0x0000, 0x0000, 0x0000, 0x0000, 0x0000, 0x0000, 0x0000, 0x0000, 0x0000, 0x0000, 0x0000, 0x0000,
    0x0000, 0x0000, 0x0000, 0x0000, 0x0000, 0x0000, 0x0000, 0x0000, 0x0000, 0x0000, 0x0000, 0x0000, 0x0000, 0x0000, 0x0000, 0x0000,
    0x0000, 0x0000, 0x0000, 0x0000, 0x0000, 0x0000, 0x0000, 0x0000, 0x0000, 0x0000, 0x0000, 0x0000, 0x0000, 0x0000, 0x0000, 0x0000,
    0x0000, 0x0000, 0x0000, 0x0000, 0x0000, 0x0000, 0x0000, 0x0000, 0x0000, 0x0000, 0x0000, 0x0000, 0x0000, 0x0000, 0x0000, 0x0000,
    0x0000, 0x0000, 0x0000, 0x0000, 0x0000, 0x0000, 0x0000, 0x0000, 0x0000, 0x0000, 0x0000, 0x0000, 0x0000, 0x0000, 0x0000, 0x0000,
    0x2000, 0x0000, 0x0000, 0x2369, 0x06DB, 0x24EB, 0xC3EA, 0xE3F2, 0xE3EA, 0xE4EA, 0xE5EA, 0xC5F2, 0xA4FA, 0xA4F2, 0xC4F2, 0xC4F2,
    0xC4F2, 0xC4F2, 0xC4F2, 0xC4F2, 0xC4F2, 0xC4F2, 0xC4F2, 0xC4F2, 0xC4F2, 0xC4F2, 0xC4F2, 0xC4F2, 0xC4F2, 0xA4FA, 0xA4FA, 0xE6EA,
    0x25A2, 0x4FAC, 0xEDA3, 0x879A, 0xE7E2, 0x44AA, 0xD4BD, 0xFFFF, 0xFFFF, 0xB0AC, 0x64C2, 0xC5FA, 0xC4FA, 0xA3DA, 0xEC9B, 0xFFFF,
    0xFFFF, 0x3CE7, 0x8592, 0xC4FA, 0xA5E2, 0x878A, 0x74B5, 0x0B9B, 0x2692, 0x6EA4, 0xFFFF, 0x51B4, 0x64C2, 0x84B2, 0x6E9C, 0xFFFF,
    0xFFFF, 0x8CA3, 0xC5DA, 0x24B2, 0xD1AC, 0xFFFF, 0x1ADF, 0x66A2, 0x06FB, 0x43BA, 0x6FA4, 0xFFFF, 0xFFFF, 0x8DA3, 0x45E2, 0x04F3,
    0x05D3, 0x6592, 0xD0A4, 0x2993, 0x4592, 0x33BD, 0xFFFF, 0xD1A4, 0x43BA, 0xE4FA, 0x85DA, 0x8892, 0x73B5, 0xE892, 0x2592, 0xB0AC,
    0xFFFF, 0x2FA4, 0x62C2, 0x05F3, 0x04F3, 0x84C2, 0x8E9B, 0xFFFF, 0xFFFF, 0x4B9B, 0xC4D2, 0xE4F2, 0xC4F2, 0xC5EA, 0xE5EA, 0xC4F2,
    0xC4F2, 0xC4F2, 0xC4F2, 0xC4F2, 0xC4F2, 0xC4F2, 0xC4F2, 0xC4F2, 0xC4F2, 0xC4F2, 0xC4F2, 0xC4F2, 0xC4F2, 0xC4F2, 0xC4F2, 0xC4F2,
    0xC4F2, 0xC5F2, 0xC4EA, 0xE4EA, 0xC4F2, 0xC4FA, 0xA4FA, 0xA4FA, 0xA4F2, 0xC4F2, 0x06F3, 0x25A2, 0x6120, 0x0000, 0x0000, 0x0000,
    0x0000, 0x0000, 0x0000, 0x0000, 0x0000, 0x0000, 0x0000, 0x0000, 0x0000, 0x0000, 0x0000, 0x0000, 0x0000, 0x0000, 0x0000, 0x0000,
    0x0000, 0x0000, 0x0000, 0x0000, 0x0000, 0x0000, 0x0000, 0x0000, 0x0000, 0x0000, 0x0000, 0x0000, 0x0000, 0x0000, 0x0000, 0x0000,
    0x0000, 0x0000, 0x0000, 0x0000, 0x0000, 0x0000, 0x0000, 0x0000, 0x0000, 0x0000, 0x0000, 0x0000, 0x0000, 0x0000, 0x0000, 0x0000,
    0x0000, 0x0000, 0x0000, 0x0000, 0x0000, 0x0000, 0x0000, 0x0000, 0x0000, 0x0000, 0x0000, 0x0000, 0x0000, 0x0000, 0x0000, 0x0000,
    0x0000, 0x0000, 0x0000, 0x0000, 0x0000, 0x0000, 0x0000, 0x0000, 0x0000, 0x0000, 0x0000, 0x0000, 0x0000, 0x0000, 0x0000, 0x0000,
    0x0000, 0x0000, 0x0000, 0x0000, 0x0000, 0x0000, 0x0000, 0x0000, 0x0000, 0x0000, 0x0000, 0x0000, 0x0000, 0x0000, 0x0000, 0x2000,
    0x0000, 0x2018, 0xE491, 0x06F3, 0xC4F2, 0xC4EA, 0xE4EA, 0xE4EA, 0xC4EA, 0xC5EA, 0xC5EA, 0xC4EA, 0xC3F2, 0xC4F2, 0xC4F2, 0xC4F2,
    0xC4F2, 0xC4F2, 0xC4F2, 0xC4F2, 0xC4F2, 0xC4F2, 0xC4F2, 0xC4F2, 0xC4F2, 0xC4F2, 0xC4F2, 0xC4F2, 0xC4F2, 0xC5F2, 0xC4F2, 0xC4F2,
    0xE6EA, 0x24CA, 0x45D2, 0xC6F2, 0xA6FA, 0x66A2, 0xDAD6, 0xFFFF, 0xFFFF, 0xCC9B, 0xA3CA, 0xE5FA, 0xC5FA, 0x83DA, 0x0C94, 0xFFFF,
    0xFFFF, 0xB9DE, 0x449A, 0x27FB, 0xC489, 0x79D6, 0xD2AC, 0x03B2, 0x05EB, 0x499B, 0xFFFF, 0xD6CD, 0x44B2, 0x66A2, 0xB9DE, 0xFFFF,
    0x7BDE, 0x26A2, 0xC4EA, 0xA99A, 0xDFFF, 0xFFFF, 0xF6D5, 0x24AA, 0x46F3, 0x04A2, 0x59DE, 0xFFFF, 0x99DE, 0x069A, 0x85FA, 0xE5EA,
    0x0492, 0x19D6, 0x0FAC, 0x65CA, 0xA6D2, 0xEFAB, 0xFFFF, 0xF1B4, 0x43BA, 0x05F3, 0x058A, 0xDBE6, 0x6FA4, 0x43CA, 0xC5E2, 0xAB9B,
    0xFFFF, 0x73C5, 0x23BA, 0x05FB, 0x05EB, 0x0692, 0x3BDE, 0xFFFF, 0xDFFF, 0xCDAB, 0x65BA, 0xE5F2, 0xA3FA, 0xC5F2, 0xC5EA, 0xE4F2,
    0xE4EA, 0xC4EA, 0xC4F2, 0xC4F2, 0xC4F2, 0xC4F2, 0xC4F2, 0xC4F2, 0xC4F2, 0xC4F2, 0xC4F2, 0xC4F2, 0xC4F2, 0xC4F2, 0xC4F2, 0xC4F2,
    0xC4F2, 0xA5F2, 0xC4F2, 0xE4EA, 0xE4EA, 0xE4EA, 0xC4F2, 0xC4F2, 0xC3F2, 0xC3F2, 0xA4F2, 0x05F3, 0xC6C2, 0x0249, 0x0000, 0x0000,
    0x0000, 0x0000, 0x0000, 0x0000, 0x0000, 0x0000, 0x0000, 0x0000, 0x0000, 0x0000, 0x0000, 0x0000, 0x0000, 0x0000, 0x0000, 0x0000,
    0x0000, 0x0000, 0x0000, 0x0000, 0x0000, 0x0000, 0x0000, 0x0000, 0x0000, 0x0000, 0x0000, 0x0000, 0x0000, 0x0000, 0x0000, 0x0000,
    0x0000, 0x0000, 0x0000, 0x0000, 0x0000, 0x0000, 0x0000, 0x0000, 0x0000, 0x0000, 0x0000, 0x0000, 0x0000, 0x0000, 0x0000, 0x0000,
    0x0000, 0x0000, 0x0000, 0x0000, 0x0000, 0x0000, 0x0000, 0x0000, 0x0000, 0x0000, 0x0000, 0x0000, 0x0000, 0x0000, 0x0000, 0x0000,
    0x0000, 0x0000, 0x0000, 0x0000, 0x0000, 0x0000, 0x0000, 0x0000, 0x0000, 0x0000, 0x0000, 0x0000, 0x0000, 0x0000, 0x0000, 0x0000,
    0x0000, 0x0000, 0x0000, 0x0000, 0x0000, 0x0000, 0x0000, 0x0000, 0x0000, 0x0000, 0x0000, 0x0000, 0x0000, 0x0000, 0x2000, 0x0000,
    0x8038, 0x84C2, 0x04FB, 0xC4F2, 0xC5F2, 0xA5F2, 0xA5F2, 0xA4F2, 0xA5FA, 0xA5FA, 0xA5F2, 0xC4F2, 0xE3EA, 0xE4EA, 0xC4F2, 0xC4F2,
    0xC4F2, 0xC4F2, 0xC4F2, 0xC4F2, 0xC4F2, 0xC4F2, 0xC4F2, 0xC4F2, 0xC4F2, 0xC4F2, 0xC4F2, 0xC4F2, 0xE4EA, 0x04E3, 0xE4EA, 0xC4F2,
    0xC3EA, 0x24F3, 0x04F3, 0xC2FA, 0xA4FA, 0x879A, 0x7DEF, 0xFFFF, 0xDFFF, 0x099B, 0xE4DA, 0xC4F2, 0xC5FA, 0x44CA, 0x4E9C, 0xFFFF,
    0xFFFF, 0xF1BC, 0x84BA, 0x26B2, 0x92A4, 0xFFFF, 0xA78A, 0x46EB, 0xE3A9, 0x71AC, 0xFFFF, 0x2B93, 0x64BA, 0x2B9B, 0xDFF7, 0xFFFF,
    0x14B5, 0x64BA, 0x83CA, 0x50A4, 0xFFFF, 0xFFFF, 0xB1B4, 0x22CA, 0xE5E2, 0xEA8A, 0xBFFF, 0xFFFF, 0x12B5, 0x23B2, 0x46FB, 0x43A2,
    0x11B5, 0x9EF7, 0x2692, 0x05FB, 0xA5CA, 0x2A93, 0xAD9B, 0x04A2, 0x27EB, 0x04A2, 0x13BD, 0xDEFF, 0x868A, 0x47F3, 0xA3A9, 0x14B5,
    0xFFFF, 0x0A83, 0x84DA, 0x05FB, 0x64BA, 0x8C9B, 0x4E83, 0x5DE7, 0xFFFF, 0x99E6, 0x0692, 0xE6EA, 0xA4FA, 0xA4F2, 0xC4F2, 0xC4F2,
    0xE4EA, 0xC4EA, 0xC4F2, 0xC4F2, 0xC4F2, 0xC4F2, 0xC4F2, 0xC4F2, 0xC4F2, 0xC4F2, 0xC4F2, 0xC4F2, 0xC4F2, 0xC4F2, 0xC4F2, 0xC4F2,
    0xC4F2, 0xC4F2, 0xC4F2, 0xC4EA, 0xE4EA, 0xE4EA, 0xE4EA, 0xE4EA, 0xE3EA, 0xC4F2, 0xC4F2, 0xA4F2, 0xE5F2, 0x26DB, 0x8369, 0x0010,
    0x0008, 0x0008, 0x0000, 0x0000, 0x0000, 0x0000, 0x0000, 0x0000, 0x0000, 0x0000, 0x0000, 0x0000, 0x0000, 0x0000, 0x0000, 0x0000,
    0x0000, 0x0000, 0x0000, 0x0000, 0x0000, 0x0000, 0x0000, 0x0000, 0x0000, 0x0000, 0x0000, 0x0000, 0x0000, 0x0000, 0x0000, 0x0000,
    0x0000, 0x0000, 0x0000, 0x0000, 0x0000, 0x0000, 0x0000, 0x0000, 0x0000, 0x0000, 0x0000, 0x0000, 0x0000, 0x0000, 0x0000, 0x0000,
    0x0000, 0x0000, 0x0000, 0x0000, 0x0000, 0x0000, 0x0000, 0x0000, 0x0000, 0x0000, 0x0000, 0x0000, 0x0000, 0x0000, 0x0000, 0x0000,
    0x0000, 0x0000, 0x0000, 0x0000, 0x0000, 0x0000, 0x0000, 0x0000, 0x0000, 0x0000, 0x0000, 0x0000, 0x0000, 0x0000, 0x0000, 0x0000,
    0x0000, 0x0000, 0x0000, 0x0000, 0x0000, 0x0000, 0x0000, 0x0000, 0x0000, 0x0000, 0x0000, 0x0000, 0x0000, 0x0000, 0x0000, 0x2359,
    0xE6DA, 0xE4F2, 0xA4F2, 0xC5F2, 0xC4EA, 0xC4F2, 0xC5F2, 0xC4F2, 0xC4F2, 0xA4F2, 0xA5F2, 0xC5F2, 0xC4EA, 0xC4EA, 0xC4F2, 0xC4F2,
    0xC4F2, 0xC4F2, 0xC4F2, 0xC4F2, 0xC4F2, 0xC4F2, 0xC4F2, 0xC4F2, 0xC4F2, 0xC4F2, 0xC4F2, 0xC4F2, 0xC4F2, 0xC4F2, 0xC4EA, 0xE4EA,
    0xE4EA, 0xC4EA, 0xE4EA, 0x04E3, 0xE4E2, 0xE892, 0xBFF7, 0xFFFF, 0xDBDE, 0x25A2, 0x04F3, 0xC4F2, 0xE5F2, 0x25B2, 0x74BD, 0xFFFF,
    0xDFFF, 0x099B, 0xC4CA, 0x6892, 0xBEFF, 0x98DE, 0x2492, 0x65B2, 0x6D9B, 0x1DE7, 0xAD93, 0x43B2, 0x65BA, 0x72AC, 0xFFFF, 0xFEFF,
    0x2A9B, 0xA4EA, 0x64B2, 0x95BD, 0xFFFF, 0xDEF7, 0x098B, 0xC4EA, 0x44CA, 0x90A4, 0xFFFF, 0xFFFF, 0x8A8B, 0xA4DA, 0xE5E2, 0x878A,
    0xFFFF, 0xB5C5, 0x44B2, 0xE4FA, 0xE5EA, 0x64BA, 0x64D2, 0x04F3, 0xC5E2, 0xA782, 0xFFFF, 0x37CE, 0x2392, 0x45BA, 0xADA3, 0x1CE7,
    0x4B8B, 0x25AA, 0x05FB, 0xA4DA, 0xC992, 0xCD9B, 0x8279, 0xD1B4, 0xFFFF, 0xFFFF, 0x2FAC, 0x64BA, 0x05FB, 0xA4F2, 0xC4F2, 0xC4F2,
    0xC4EA, 0xC4EA, 0xC4F2, 0xC4F2, 0xC4F2, 0xC4F2, 0xC4F2, 0xC4F2, 0xC4F2, 0xC4F2, 0xC4F2, 0xC4F2, 0xC4F2, 0xC4F2, 0xC4F2, 0xC4F2,
    0xC4EA, 0xC4EA, 0xC4F2, 0xC4F2, 0xC5EA, 0xC4EA, 0xC4EA, 0xC4F2, 0xC5F2, 0xC5F2, 0xE4EA, 0xC5F2, 0xA4F2, 0xC4F2, 0x26F3, 0x249A,
    0x2018, 0x0008, 0x0000, 0x0000, 0x0000, 0x0000, 0x0000, 0x0000, 0x0000, 0x0000, 0x0000, 0x0000, 0x0000, 0x0000, 0x0000, 0x0000,
    0x0000, 0x0000, 0x0000, 0x0000, 0x0000, 0x0000, 0x0000, 0x0000, 0x0000, 0x0000, 0x0000, 0x0000, 0x0000, 0x0000, 0x0000, 0x0000,
    0x0000, 0x0000, 0x0000, 0x0000, 0x0000, 0x0000, 0x0000, 0x0000, 0x0000, 0x0000, 0x0000, 0x0000, 0x0000, 0x0000, 0x0000, 0x0000,
    0x0000, 0x0000, 0x0000, 0x0000, 0x0000, 0x0000, 0x0000, 0x0000, 0x0000, 0x0000, 0x0000, 0x0000, 0x0000, 0x0000, 0x0000, 0x0000,
    0x0000, 0x0000, 0x0000, 0x0000, 0x0000, 0x0000, 0x0000, 0x0000, 0x0000, 0x0000, 0x0000, 0x0000, 0x0000, 0x0000, 0x0000, 0x0000,
    0x0000, 0x0000, 0x0000, 0x0000, 0x0000, 0x0000, 0x0000, 0x0000, 0x0000, 0x0000, 0x0000, 0x0000, 0x0000, 0x0000, 0x0261, 0x27E3,
    0xE5F2, 0xA5F2, 0xC5EA, 0xC4EA, 0xC4F2, 0xC4F2, 0xE4EA, 0xE4EA, 0xE4EA, 0xE4EA, 0xC4F2, 0xA5F2, 0xA4F2, 0xC4F2, 0xC4F2, 0xC4F2,
    0xC4F2, 0xC4F2, 0xC4F2, 0xC4F2, 0xC4F2, 0xC4F2, 0xC4F2, 0xC4F2, 0xC4F2, 0xC4F2, 0xC4F2, 0xC4F2, 0xC4F2, 0xC3F2, 0xC4F2, 0xA5F2,
    0xA5F2, 0xC5F2, 0xC5F2, 0xC5F2, 0xA4D2, 0xCCA3, 0xFFFF, 0xFFFF, 0xF3B4, 0x25B2, 0xE5FA, 0xC4EA, 0x05F3, 0x26A2, 0xDBE6, 0xFFFF,
    0xD7C5, 0x44A2, 0xC5CA, 0xEEA3, 0xFFFF, 0x99DE, 0xCA7A, 0xEE93, 0xB1AC, 0x689A, 0x23C2, 0x44F3, 0x85A2, 0x19D6, 0xFFFF, 0xFADE,
    0x259A, 0xE6FA, 0x45AA, 0x33B5, 0xFFFF, 0xD7C5, 0x0492, 0x27FB, 0x05B2, 0x94C5, 0xFFFF, 0x1BE7, 0xC48A, 0x04F3, 0x43CA, 0x91AC,
    0xFFFF, 0x53BD, 0x24BA, 0xE6F2, 0xA5F2, 0xE6F2, 0xC5FA, 0xC5FA, 0x65C2, 0x70B4, 0xFFFF, 0x58CE, 0xC97A, 0xCF9B, 0x91AC, 0x668A,
    0x63C2, 0xE4FA, 0xE5EA, 0x679A, 0xD093, 0x6692, 0x65E3, 0x248A, 0xDBDE, 0xFFFF, 0x17CE, 0x44AA, 0x05F3, 0xC4F2, 0xC4F2, 0xC4F2,
    0xC5F2, 0xC4EA, 0xC4F2, 0xC4F2, 0xC4F2, 0xC4F2, 0xC4F2, 0xC4F2, 0xC4F2, 0xC4F2, 0xC4F2, 0xC4F2, 0xC4F2, 0xC4F2, 0xC4F2, 0xC4F2,
    0xC4EA, 0xE4EA, 0xC4F2, 0xC4F2, 0xC4F2, 0xC4F2, 0xC4F2, 0xC4F2, 0xA5F2, 0xC5F2, 0xE5EA, 0xE4EA, 0xC4F2, 0xA5F2, 0xA4F2, 0x26F3,
    0x459A, 0x0018, 0x0000, 0x0000, 0x0000, 0x0000, 0x0000, 0x0000, 0x0000, 0x0000, 0x0000, 0x0000, 0x0000, 0x0000, 0x0000, 0x0000,
    0x0000, 0x0000, 0x0000, 0x0000, 0x0000, 0x0000, 0x0000, 0x0000, 0x0000, 0x0000, 0x0000, 0x0000, 0x0000, 0x0000, 0x0000, 0x0000,
    0x0000, 0x0000, 0x0000, 0x0000, 0x0000, 0x0000, 0x0000, 0x0000, 0x0000, 0x0000, 0x0000, 0x0000, 0x0000, 0x0000, 0x0000, 0x0000,
    0x0000, 0x0000, 0x0000, 0x0000, 0x0000, 0x0000, 0x0000, 0x0000, 0x0000, 0x0000, 0x0000, 0x0000, 0x0000, 0x0000, 0x0000, 0x0000,
    0x0000, 0x0000, 0x0000, 0x0000, 0x0000, 0x0000, 0x0000, 0x0000, 0x0000, 0x0000, 0x0000, 0x0000, 0x0000, 0x0000, 0x0000, 0x0000,
    0x0000, 0x0000, 0x0000, 0x0000, 0x0000, 0x0000, 0x0000, 0x2000, 0x0000, 0x0000, 0x0000, 0x2000, 0x0000, 0x6028, 0xC5DA, 0xE4F2,
    0xA4EA, 0xC4F2, 0xC4F2, 0xC4F2, 0xC4F2, 0xC4F2, 0xC4F2, 0xC4F2, 0xC4F2, 0xC4F2, 0xC4F2, 0xC4F2, 0xC4F2, 0xC4F2, 0xC4F2, 0xC4F2,
    0xC4F2, 0xC4F2, 0xC4F2, 0xC4F2, 0xC4F2, 0xC4F2, 0xC4F2, 0xC4F2, 0xC4F2, 0xC4F2, 0xC4F2, 0xC4F2, 0xC4F2, 0xE4EA, 0xA4F2, 0xC5FA,
    0xC4F2, 0xE4EA, 0xE4EA, 0xE5FA, 0x45BA, 0x70AC, 0xFFFF, 0x3BE7, 0x468A, 0xC6E2, 0xA5FA, 0x05EB, 0xA4D2, 0x0B9B, 0xDFFF, 0x9DEF,
    0xA782, 0xE5E2, 0x43BA, 0x34B5, 0xFFFF, 0x3CEF, 0x8D8B, 0xE89A, 0x43BA, 0xA4E2, 0xE5FA, 0x26F3, 0xC479, 0x19CE, 0xFFFF, 0xD5C5,
    0xE4B1, 0xE6FA, 0x63CA, 0xCC9B, 0xBEF7, 0xEB8A, 0xA6DA, 0xE5E2, 0xC471, 0xFAE6, 0xFFFF, 0xF8D5, 0x23A2, 0x86FB, 0xE399, 0xB2A4,
    0xFFFF, 0x95C5, 0x24AA, 0x05FB, 0xA5EA, 0xA4EA, 0xC5F2, 0x06F3, 0xA279, 0xD5BD, 0xFFFF, 0xFBE6, 0x4D8B, 0xC9A2, 0x44BA, 0xE4E2,
    0x04F3, 0xE5F2, 0x249A, 0xAD8B, 0xAA9A, 0xC4E2, 0xE3FA, 0x45CA, 0xCE9B, 0xFFFF, 0x74BD, 0x05B2, 0xE5FA, 0xE3EA, 0xC4EA, 0xA5F2,
    0xC4EA, 0xC4EA, 0xC4F2, 0xC4F2, 0xC4F2, 0xC4F2, 0xC4F2, 0xC4F2, 0xC4F2, 0xC4F2, 0xC4F2, 0xC4F2, 0xC4F2, 0xC4F2, 0xC4F2, 0xC4F2,
    0xC4F2, 0xC4F2, 0xC4F2, 0xC4F2, 0xC4F2, 0xC4F2, 0xC4F2, 0xC4F2, 0xC4F2, 0xC4F2, 0xC4F2, 0xC4F2, 0xC4F2, 0xC4F2, 0xC4F2, 0xA4EA,
    0x26F3, 0x6281, 0x0000, 0x2100, 0x0000, 0x0000, 0x0000, 0x0000, 0x0000, 0x0000, 0x0000, 0x0000, 0x0000, 0x0000, 0x0000, 0x0000,
    0x0000, 0x0000, 0x0000, 0x0000, 0x0000, 0x0000, 0x0000, 0x0000, 0x0000, 0x0000, 0x0000, 0x0000, 0x0000, 0x0000, 0x0000, 0x0000,
    0x0000, 0x0000, 0x0000, 0x0000, 0x0000, 0x0000, 0x0000, 0x0000, 0x0000, 0x0000, 0x0000, 0x0000, 0x0000, 0x0000, 0x0000, 0x0000,
    0x0000, 0x0000, 0x0000, 0x0000, 0x0000, 0x0000, 0x0000, 0x0000, 0x0000, 0x0000, 0x0000, 0x0000, 0x0000, 0x0000, 0x0000, 0x0000,
    0x0000, 0x0000, 0x0000, 0x0000, 0x0000, 0x0000, 0x0000, 0x0000, 0x0000, 0x0000, 0x0000, 0x0000, 0x0000, 0x0000, 0x0000, 0x0000,
    0x0000, 0x0000, 0x0000, 0x0000, 0x0000, 0x0000, 0x0000, 0x0000, 0x0000, 0x0000, 0x0000, 0x2000, 0x0000, 0x8371, 0x26F3, 0xA4EA,
    0xC4F2, 0xC4F2, 0xC4F2, 0xC4F2, 0xC4F2, 0xC4F2, 0xC4F2, 0xC4F2, 0xC4F2, 0xC4F2, 0xC4F2, 0xC4F2, 0xC4F2, 0xC4F2, 0xC4F2, 0xC4F2,
    0xC4F2, 0xC4F2, 0xC4F2, 0xC4F2, 0xC4F2, 0xC4F2, 0xC4F2, 0xC4F2, 0xC4F2, 0xC4F2, 0xC4F2, 0xC4F2, 0xC4F2, 0xC4F2, 0xA4FA, 0xC5FA,
    0xE5F2, 0xC4E2, 0xC4E2, 0xE5F2, 0xC591, 0x7BD6, 0xBEFF, 0x0983, 0x65C2, 0xE4FA, 0xA3F2, 0x26FB, 0xE391, 0x96BD, 0xFFFF, 0x8B93,
    0x44BA, 0x04FB, 0x03B2, 0x75B5, 0xFFFF, 0x9FFF, 0x8882, 0xA5D2, 0x46FB, 0x26EB, 0xC5E2, 0x24AA, 0xA551, 0xB8C5, 0xFFFF, 0xAF9C,
    0xA3BA, 0x04FB, 0xC4E2, 0xE982, 0x7AC6, 0x476A, 0x86B2, 0xC892, 0xEA5A, 0x7DEF, 0xFFFF, 0x14BD, 0x069A, 0xA8C2, 0xA569, 0x929C,
    0xFFFF, 0xFBE6, 0x4682, 0xE5EA, 0xE4FA, 0x03FB, 0xC4D2, 0x869A, 0x074A, 0xD8BD, 0xFFFF, 0x7DEF, 0x4682, 0xC5DA, 0x26FB, 0xE5FA,
    0xA4E2, 0x0592, 0x4541, 0x0672, 0x85AA, 0xE5EA, 0xC3F2, 0x05DB, 0xC892, 0xFEFF, 0x6B9B, 0x45CA, 0xE5FA, 0xE3EA, 0xC5EA, 0xA5F2,
    0xC4F2, 0xC4EA, 0xC4F2, 0xC4F2, 0xC4F2, 0xC4F2, 0xC4F2, 0xC4F2, 0xC4F2, 0xC4F2, 0xC4F2, 0xC4F2, 0xC4F2, 0xC4F2, 0xC4F2, 0xC4F2,
    0xC4F2, 0xC4F2, 0xC4F2, 0xC4F2, 0xC4F2, 0xC4F2, 0xC4F2, 0xC4F2, 0xC4F2, 0xC4F2, 0xC4F2, 0xC4F2, 0xC4F2, 0xC4F2, 0xC4F2, 0xC4F2,
    0xE5F2, 0xC6C2, 0x4018, 0x0000, 0x0000, 0x0000, 0x0000, 0x0000, 0x0000, 0x0000, 0x0000, 0x0000, 0x0000, 0x0000, 0x0000, 0x0000,
    0x0000, 0x0000, 0x0000, 0x0000, 0x0000, 0x0000, 0x0000, 0x0000, 0x0000, 0x0000, 0x0000, 0x0000, 0x0000, 0x0000, 0x0000, 0x0000,
    0x0000, 0x0000, 0x0000, 0x0000, 0x0000, 0x0000, 0x0000, 0x0000, 0x0000, 0x0000, 0x0000, 0x0000, 0x0000, 0x0000, 0x0000, 0x0000,
    0x0000, 0x0000, 0x0000, 0x0000, 0x0000, 0x0000, 0x0000, 0x0000, 0x0000, 0x0000, 0x0000, 0x0000, 0x0000, 0x0000, 0x0000, 0x0000,
    0x0000, 0x0000, 0x0000, 0x0000, 0x0000, 0x0000, 0x0000, 0x0000, 0x0000, 0x0000, 0x0000, 0x0000, 0x0000, 0x0000, 0x0000, 0x0000,
    0x0000, 0x0000, 0x0000, 0x0000, 0x0000, 0x0000, 0x0000, 0x0000, 0x0000, 0x0000, 0x0000, 0x0000, 0x0000, 0x44B2, 0xE4F2, 0xC4F2,
    0xC4F2, 0xC4F2, 0xC4F2, 0xC4F2, 0xC4F2, 0xC4F2, 0xC4F2, 0xC4F2, 0xC4F2, 0xC4F2, 0xC4F2, 0xC4F2, 0xC4F2, 0xC4F2, 0xC4F2, 0xC4F2,
    0xC4F2, 0xC4F2, 0xC4F2, 0xC4F2, 0xC4F2, 0xC4F2, 0xC4F2, 0xC4F2, 0xC4F2, 0xC4F2, 0xC4F2, 0xC4F2, 0xC4F2, 0xC4F2, 0x06EB, 0x65BA,
    0x249A, 0xE79A, 0x08A3, 0xE581, 0xCE9B, 0xFADE, 0x4872, 0x66B2, 0x46F3, 0x03F3, 0x05F3, 0x23BA, 0xAD93, 0xDFFF, 0xCC93, 0x23A2,
    0xE6FA, 0x84FA, 0x43C2, 0xD2AC, 0xFFFF, 0xFFFF, 0x36CE, 0x457A, 0x25AA, 0x04AA, 0x8792, 0xD1AC, 0x0A5B, 0xBADE, 0xFFFF, 0xD29C,
    0xC399, 0xA5DA, 0x0592, 0x72AC, 0x4C83, 0xCC8B, 0xAB83, 0x4B83, 0xCA6A, 0xBEF7, 0xFFFF, 0x19E7, 0x0C83, 0xB3BC, 0x2D7B, 0x14A5,
    0xFFFF, 0xFFFF, 0x32B5, 0x048A, 0x63B2, 0x03A2, 0xE98A, 0x52B5, 0x686A, 0xF3B4, 0xFFFF, 0xFFFF, 0xB5C5, 0x2482, 0x24B2, 0x04B2,
    0xA98A, 0xD29C, 0x466A, 0xC679, 0x8B8B, 0x65AA, 0x26FB, 0x82B2, 0x0DA4, 0xB5CD, 0x049A, 0xE7F2, 0xA4F2, 0xE4EA, 0xC5EA, 0xA5F2,
    0xC4F2, 0xC4F2, 0xC4F2, 0xC4F2, 0xC4F2, 0xC4F2, 0xC4F2, 0xC4F2, 0xC4F2, 0xC4F2, 0xC4F2, 0xC4F2, 0xC4F2, 0xC4F2, 0xC4F2, 0xC4F2,
    0xC4F2, 0xC4F2, 0xC4F2, 0xC4F2, 0xC4F2, 0xC4F2, 0xC4F2, 0xC4F2, 0xC4F2, 0xC4F2, 0xC4F2, 0xC4F2, 0xC4F2, 0xC4F2, 0xC4F2, 0xC4EA,
    0xC5F2, 0x05E3, 0xC140, 0x0000, 0x0000, 0x0000, 0x0000, 0x0000, 0x0000, 0x0000, 0x0000, 0x0000, 0x0000, 0x0000, 0x0000, 0x0000,
    0x0000, 0x0000, 0x0000, 0x0000, 0x0000, 0x0000, 0x0000, 0x0000, 0x0000, 0x0000, 0x0000, 0x0000, 0x0000, 0x0000, 0x0000, 0x0000,
    0x0000, 0x0000, 0x0000, 0x0000, 0x0000, 0x0000, 0x0000, 0x0000, 0x0000, 0x0000, 0x0000, 0x0000, 0x0000, 0x0000, 0x0000, 0x0000,
    0x0000, 0x0000, 0x0000, 0x0000, 0x0000, 0x0000, 0x0000, 0x0000, 0x0000, 0x0000, 0x0000, 0x0000, 0x0000, 0x0000, 0x0000, 0x0000,
    0x0000, 0x0000, 0x0000, 0x0000, 0x0000, 0x0000, 0x0000, 0x0000, 0x0000, 0x0000, 0x0000, 0x0000, 0x0000, 0x0000, 0x0000, 0x0000,
    0x0000, 0x0000, 0x0000, 0x0000, 0x0000, 0x0000, 0x0000, 0x0000, 0x0000, 0x0000, 0x0000, 0x0100, 0x0008, 0x84CA, 0xE4FA, 0xC4EA,
    0xC4F2, 0xC4F2, 0xC4F2, 0xC4F2, 0xC4F2, 0xC4F2, 0xC4F2, 0xC4F2, 0xC4F2, 0xC4F2, 0xC4F2, 0xC4F2, 0xC4F2, 0xC4F2, 0xC4F2, 0xC4F2,
    0xC4F2, 0xC4F2, 0xC4F2, 0xC4F2, 0xC4F2, 0xC4F2, 0xC4F2, 0xC4F2, 0xC4F2, 0xC4F2, 0xC4F2, 0xC4F2, 0xC4F2, 0xE5F2, 0x64AA, 0x0D9C,
    0xFBDE, 0xDFF7, 0xFFFF, 0x7EEF, 0xFFFF, 0xF6C5, 0x4C8B, 0x8892, 0x45A2, 0x85B2, 0x86A2, 0x8B9B, 0xF7D5, 0x0993, 0x22AA, 0x05F3,
    0xA5F2, 0xC5F2, 0xC5E2, 0x8792, 0x9DF7, 0xFFFF, 0xFFFF, 0x5CE7, 0x95C5, 0xF7D5, 0x79CE, 0x6C93, 0xE461, 0xBADE, 0xFFFF, 0x7EF7,
    0x11B4, 0x6EAB, 0x33AD, 0xEA8A, 0x64BA, 0x85C2, 0x68BA, 0xA6CA, 0x658A, 0x5CEF, 0xFFFF, 0xFFFF, 0xFFFF, 0x91B4, 0x0382, 0x8B9B,
    0xFFFF, 0xFFFF, 0xFFFF, 0xDBDE, 0xB5BD, 0x39D6, 0xD8C5, 0xE78A, 0x43BA, 0xE992, 0xDDF7, 0xFFFF, 0xFFFF, 0x1CDF, 0xB5BD, 0x37CE,
    0x38CE, 0x2A93, 0xE481, 0x14BD, 0xFFFF, 0x2A83, 0x0592, 0xA98A, 0xB2AC, 0x4792, 0xE6DA, 0xC5F2, 0xA4FA, 0xE4EA, 0xC5EA, 0xC5F2,
    0xC4F2, 0xC4F2, 0xC4F2, 0xC4F2, 0xC4F2, 0xC4F2, 0xC4F2, 0xC4F2, 0xC4F2, 0xC4F2, 0xC4F2, 0xC4F2, 0xC4F2, 0xC4F2, 0xC4F2, 0xC4F2,
    0xC4F2, 0xC4F2, 0xC4F2, 0xC4F2, 0xC4F2, 0xC4F2, 0xC4F2, 0xC4F2, 0xC4F2, 0xC4F2, 0xC4F2, 0xC4F2, 0xC4F2, 0xC4F2, 0xC4F2, 0xC4F2,
    0xA4F2, 0x24F3, 0x2259, 0x0000, 0x0000, 0x0000, 0x0000, 0x0000, 0x0000, 0x0000, 0x0000, 0x0000, 0x0000, 0x0000, 0x0000, 0x0000,
    0x0000, 0x0000, 0x0000, 0x0000, 0x0000, 0x0000, 0x0000, 0x0000, 0x0000, 0x0000, 0x0000, 0x0000, 0x0000, 0x0000, 0x0000, 0x0000,
    0x0000, 0x0000, 0x0000, 0x0000, 0x0000, 0x0000, 0x0000, 0x0000, 0x0000, 0x0000, 0x0000, 0x0000, 0x0000, 0x0000, 0x0000, 0x0000,
    0x0000, 0x0000, 0x0000, 0x0000, 0x0000, 0x0000, 0x0000, 0x0000, 0x0000, 0x0000, 0x0000, 0x0000, 0x0000, 0x0000, 0x0000, 0x0000,
    0x0000, 0x0000, 0x0000, 0x0000, 0x0000, 0x0000, 0x0000, 0x0000, 0x0000, 0x0000, 0x0000, 0x0000, 0x0000, 0x0000, 0x0000, 0x0000,
    0x0000, 0x0000, 0x0000, 0x0000, 0x0000, 0x0000, 0x0000, 0x0000, 0x0000, 0x0000, 0x0000, 0x0000, 0x0008, 0x85C2, 0xE4FA, 0xC4EA,
    0xC4F2, 0xC4F2, 0xC4F2, 0xC4F2, 0xC4F2, 0xC4F2, 0xC4F2, 0xC4F2, 0xC4F2, 0xC4F2, 0xC4F2, 0xC4F2, 0xC4F2, 0xC4F2, 0xC4F2, 0xC4F2,
    0xC4F2, 0xC4F2, 0xC4F2, 0xC4F2, 0xC4F2, 0xC4F2, 0xC4F2, 0xC4F2, 0xC4F2, 0xC4F2, 0xC4F2, 0xC4F2, 0xA4F2, 0xE5FA, 0x249A, 0x57D6,
    0xFFFF, 0x1DEF, 0xD3B4, 0x0E9C, 0xF6C5, 0x9FEF, 0xFFFF, 0x3DE7, 0x59D6, 0x13B5, 0x509C, 0x8E9B, 0x269A, 0x85CA, 0x05F3, 0xA4F2,
    0xC5EA, 0xC4EA, 0x05F3, 0x65C2, 0x4983, 0x99D6, 0xBFF7, 0xFFFF, 0xDFF7, 0x74BD, 0x468A, 0x85D2, 0xC6D2, 0x0B8B, 0x3BE7, 0xFDF7,
    0xFEF7, 0x96BD, 0xA88A, 0x85C2, 0x04F3, 0xE5F2, 0x86FA, 0xE6FA, 0x43B2, 0x4FA4, 0xDFF7, 0xFBDE, 0x8C8B, 0x02A2, 0x25FB, 0x43B2,
    0xCC9B, 0x1BE7, 0xBFFF, 0xFFFF, 0x5CEF, 0x72AC, 0x0792, 0xA4DA, 0x04FB, 0x64B2, 0x8C8B, 0xDBDE, 0xBEF7, 0xFFF7, 0x9EEF, 0xF3B4,
    0x2592, 0xC6D2, 0x24AA, 0x71A4, 0xDFF7, 0x3CE7, 0x139D, 0xCF93, 0x459A, 0xE5DA, 0xE5F2, 0xA4F2, 0xC4F2, 0xC4EA, 0xC5EA, 0xC4F2,
    0xC4F2, 0xC4F2, 0xC4F2, 0xC4F2, 0xC4F2, 0xC4F2, 0xC4F2, 0xC4F2, 0xC4F2, 0xC4F2, 0xC4F2, 0xC4F2, 0xC4F2, 0xC4F2, 0xC4F2, 0xC4F2,
    0xC4F2, 0xC4F2, 0xC4F2, 0xC4F2, 0xC4F2, 0xC4F2, 0xC4F2, 0xC4F2, 0xC4F2, 0xC4F2, 0xC4F2, 0xC4F2, 0xC4F2, 0xC4F2, 0xC4F2, 0xC4F2,
    0xA4F2, 0x25EB, 0x2251, 0x0000, 0x0000, 0x0000, 0x0000, 0x0000, 0x0000, 0x0000, 0x0000, 0x0000, 0x0000, 0x0000, 0x0000, 0x0000,
    0x0000, 0x0000, 0x0000, 0x0000, 0x0000, 0x0000, 0x0000, 0x0000, 0x0000, 0x0000, 0x0000, 0x0000, 0x0000, 0x0000, 0x0000, 0x0000,
    0x0000, 0x0000, 0x0000, 0x0000, 0x0000, 0x0000, 0x0000, 0x0000, 0x0000, 0x0000, 0x0000, 0x0000, 0x0000, 0x0000, 0x0000, 0x0000,
    0x0000, 0x0000, 0x0000, 0x0000, 0x0000, 0x0000, 0x0000, 0x0000, 0x0000, 0x0000, 0x0000, 0x0000, 0x0000, 0x0000, 0x0000, 0x0000,
    0x0000, 0x0000, 0x0000, 0x0000, 0x0000, 0x0000, 0x0000, 0x0000, 0x0000, 0x0000, 0x0000, 0x0000, 0x0000, 0x0000, 0x0000, 0x0000,
    0x0000, 0x0000, 0x0000, 0x0000, 0x0000, 0x0000, 0x0000, 0x0000, 0x0000, 0x0000, 0x0000, 0x0000, 0x0000, 0x249A, 0x05F3, 0xC4F2,
    0xC4F2, 0xC4F2, 0xC4F2, 0xC4F2, 0xC4F2, 0xC4F2, 0xC4F2, 0xC4F2, 0xC4F2, 0xC4F2, 0xC4F2, 0xC4F2, 0xC4F2, 0xC4F2, 0xC4F2, 0xC4F2,
    0xC4F2, 0xC4F2, 0xC4F2, 0xC4F2, 0xC4F2, 0xC4F2, 0xC4F2, 0xC4F2, 0xC4F2, 0xC4F2, 0xC4F2, 0xC4F2, 0xC4F2, 0xC5FA, 0xE7D2, 0x058A,
    0xE9A2, 0x26A2, 0x45B2, 0x64BA, 0x04AA, 0x4692, 0x2993, 0x8BAB, 0x69A3, 0xE69A, 0x85AA, 0x65CA, 0xE5F2, 0xE4FA, 0xC4F2, 0xC5F2,
    0xC4EA, 0xE2EA, 0xC3F2, 0xE7EA, 0xA6C2, 0x0492, 0x099B, 0x2BA3, 0x4692, 0x03AA, 0xE4E2, 0xE5F2, 0xE5F2, 0x65CA, 0x269A, 0x28AB,
    0x869A, 0x04A2, 0x85E2, 0xA5FA, 0xC5EA, 0x03E3, 0xE3E2, 0xE4EA, 0x04EB, 0x43B2, 0xE992, 0x279A, 0x44CA, 0xE5FA, 0xA5F2, 0x06EB,
    0x84B2, 0x259A, 0x2AA3, 0x099B, 0x0492, 0x43B2, 0xE5F2, 0xA5FA, 0xC4EA, 0x05F3, 0x65C2, 0x0792, 0xEAAA, 0xE9A2, 0x458A, 0x43A2,
    0xE4EA, 0xE5F2, 0xE5E2, 0x24AA, 0xA89A, 0x6AAB, 0xC69A, 0x64BA, 0xE3F2, 0xC3FA, 0xA4F2, 0xC4F2, 0xC4F2, 0xC4F2, 0xC4F2, 0xC4F2,
    0xC4F2, 0xC4F2, 0xC4F2, 0xC4F2, 0xC4F2, 0xC4F2, 0xC4F2, 0xC4F2, 0xC4F2, 0xC4F2, 0xC4F2, 0xC4F2, 0xC4F2, 0xC4F2, 0xC4F2, 0xC4F2,
    0xC4F2, 0xC4F2, 0xC4F2, 0xC4F2, 0xC4F2, 0xC4F2, 0xC4F2, 0xC4F2, 0xC4F2, 0xC4F2, 0xC4F2, 0xC4F2, 0xC4F2, 0xC4F2, 0xC4F2, 0xC4F2,
    0xA4F2, 0x06DB, 0x8130, 0x0000, 0x0000, 0x0000, 0x0000, 0x0000, 0x0000, 0x0000, 0x0000, 0x0000, 0x0000, 0x0000, 0x0000, 0x0000,
    0x0000, 0x0000, 0x0000, 0x0000, 0x0000, 0x0000, 0x0000, 0x0000, 0x0000, 0x0000, 0x0000, 0x0000, 0x0000, 0x0000, 0x0000, 0x0000,
    0x0000, 0x0000, 0x0000, 0x0000, 0x0000, 0x0000, 0x0000, 0x0000, 0x0000, 0x0000, 0x0000, 0x0000, 0x0000, 0x0000, 0x0000, 0x0000,
    0x0000, 0x0000, 0x0000, 0x0000, 0x0000, 0x0000, 0x0000, 0x0000, 0x0000, 0x0000, 0x0000, 0x0000, 0x0000, 0x0000, 0x0000, 0x0000,
    0x0000, 0x0000, 0x0000, 0x0000, 0x0000, 0x0000, 0x0000, 0x0000, 0x0000, 0x0000, 0x0000, 0x0000, 0x0000, 0x0000, 0x0000, 0x0000,
    0x0000, 0x0000, 0x0000, 0x0000, 0x0000, 0x0000, 0x0000, 0x0000, 0x0000, 0x0100, 0x0000, 0x2000, 0x0000, 0x2251, 0x26EB, 0xA4F2,
    0xC4F2, 0xC4F2, 0xC4F2, 0xC4F2, 0xC4F2, 0xC4F2, 0xC4F2, 0xC4F2, 0xC4F2, 0xC4F2, 0xC4F2, 0xC4F2, 0xC4F2, 0xC4F2, 0xC4F2, 0xC4F2,
    0xC4F2, 0xC4F2, 0xC4F2, 0xC4F2, 0xC4F2, 0xC4F2, 0xC4F2, 0xC4F2, 0xC4F2, 0xC4F2, 0xC4F2, 0xC4F2, 0xC4F2, 0xC4F2, 0xE5F2, 0xC5F2,
    0xA4E2, 0xE4EA, 0x04F3, 0xE5FA, 0xE5FA, 0xE5F2, 0xC4E2, 0xA4DA, 0xA4E2, 0xA4F2, 0xC4FA, 0x04FB, 0xC4EA, 0xC3F2, 0xC3F2, 0xC5F2,
    0xC5F2, 0xC3EA, 0xE3F2, 0xA5F2, 0xA5FA, 0xE5FA, 0xA3E2, 0xA4DA, 0xE5F2, 0x05FB, 0xC4F2, 0xE5EA, 0xE3F2, 0xE3FA, 0xC6F2, 0x84E2,
    0xC5EA, 0xE5FA, 0xC4FA, 0xA4FA, 0xC4EA, 0xE4EA, 0xC3F2, 0xA5F2, 0xC4F2, 0xE5F2, 0xA5E2, 0xE5EA, 0xE4FA, 0xA3F2, 0xC5EA, 0xC5EA,
    0xE5FA, 0xE5EA, 0xA5DA, 0xA4E2, 0xE5FA, 0x05F3, 0xE4EA, 0xC4F2, 0xE4EA, 0xA4F2, 0xE5FA, 0xE4F2, 0x83EA, 0x84EA, 0xC5F2, 0xE5F2,
    0xC4EA, 0xE3F2, 0xC4EA, 0x06F3, 0xA4EA, 0x83EA, 0xE4EA, 0x05F3, 0xC5F2, 0xA4F2, 0xA5F2, 0xE4EA, 0xE4EA, 0xC4F2, 0xC4F2, 0xC4F2,
    0xC4F2, 0xC4F2, 0xC4F2, 0xC4F2, 0xC4F2, 0xC4F2, 0xC4F2, 0xC4F2, 0xC4F2, 0xC4F2, 0xC4F2, 0xC4F2, 0xC4F2, 0xC4F2, 0xC4F2, 0xC4F2,
    0xC4F2, 0xC4F2, 0xC4F2, 0xC4F2, 0xC4F2, 0xC4F2, 0xC4F2, 0xC4F2, 0xC4F2, 0xC4F2, 0xC4F2, 0xC4F2, 0xC4F2, 0xC4F2, 0xC4F2, 0xA4F2,
    0xE5FA, 0x65B2, 0x0000, 0x0000, 0x0008, 0x0000, 0x0000, 0x0000, 0x0000, 0x0000, 0x0000, 0x0000, 0x0000, 0x0000, 0x0000, 0x0000,
    0x0000, 0x0000, 0x0000, 0x0000, 0x0000, 0x0000, 0x0000, 0x0000, 0x0000, 0x0000, 0x0000, 0x0000, 0x0000, 0x0000, 0x0000, 0x0000,
    0x0000, 0x0000, 0x0000, 0x0000, 0x0000, 0x0000, 0x0000, 0x0000, 0x0000, 0x0000, 0x0000, 0x0000, 0x0000, 0x0000, 0x0000, 0x0000,
    0x0000, 0x0000, 0x0000, 0x0000, 0x0000, 0x0000, 0x0000, 0x0000, 0x0000, 0x0000, 0x0000, 0x0000, 0x0000, 0x0000, 0x0000, 0x0000,
    0x0000, 0x0000, 0x0000, 0x0000, 0x0000, 0x0000, 0x0000, 0x0000, 0x0000, 0x0000, 0x0000, 0x0000, 0x0000, 0x0000, 0x0000, 0x0000,
    0x0000, 0x0000, 0x0000, 0x0000, 0x0000, 0x0000, 0x0000, 0x0000, 0x0000, 0x0000, 0x0000, 0x0000, 0x0000, 0x0010, 0x24BA, 0x25F3,
    0xC3EA, 0xC3F2, 0xE4EA, 0xE5EA, 0xC4F2, 0xA4FA, 0xC4F2, 0xC4F2, 0xC4F2, 0xC4F2, 0xC4F2, 0xC4F2, 0xC4F2, 0xC4F2, 0xC4F2, 0xC4F2,
    0xC4F2, 0xC4F2, 0xC4F2, 0xC4F2, 0xC4F2, 0xC4F2, 0xC4F2, 0xC4F2, 0xC4F2, 0xC4F2, 0xC4F2, 0xC4F2, 0xC4F2, 0xC4F2, 0xC4F2, 0xC4F2,
    0xC4F2, 0xE4F2, 0xC4EA, 0xA4F2, 0xC4F2, 0xC4F2, 0xC4FA, 0xC5F2, 0xC5F2, 0xA5F2, 0xA4F2, 0xC4EA, 0xE5EA, 0xC4F2, 0xC3F2, 0xC4F2,
    0xC4F2, 0xC4F2, 0xC4F2, 0xC4F2, 0xA4F2, 0xC4F2, 0xE4F2, 0xE4EA, 0xE4EA, 0xC4EA, 0xC4F2, 0xC4F2, 0xC4F2, 0xC3EA, 0xC4F2, 0xE4F2,
    0xC4EA, 0xC4F2, 0xC4EA, 0xC4F2, 0xC4F2, 0xC4F2, 0xA5FA, 0xA5FA, 0xA5F2, 0xA5F2, 0xC5F2, 0xE4EA, 0xC4F2, 0xC4F2, 0xC4F2, 0xC4F2,
    0xA4F2, 0xC4F2, 0xE4F2, 0xC4F2, 0xA4F2, 0xC5EA, 0xE5EA, 0xC4F2, 0xC4F2, 0xC5F2, 0xC4F2, 0xC3F2, 0xE3F2, 0xE4F2, 0xA4F2, 0xA5F2,
    0xC5EA, 0xC4F2, 0xC4F2, 0xC4EA, 0xC4F2, 0xC4FA, 0xC4F2, 0xC5EA, 0xC5EA, 0xC5EA, 0xC4F2, 0xC4EA, 0xC4F2, 0xC4F2, 0xC4F2, 0xC4F2,
    0xC4F2, 0xC4F2, 0xC4F2, 0xC4F2, 0xC4F2, 0xC4F2, 0xC4F2, 0xC4F2, 0xC4F2, 0xC4F2, 0xC4F2, 0xC4F2, 0xC4F2, 0xC4F2, 0xC4F2, 0xC4F2,
    0xC4F2, 0xC4F2, 0xC4F2, 0xC4F2, 0xC4F2, 0xC4F2, 0xC4F2, 0xC4F2, 0xA4F2, 0xC4F2, 0xE3F2, 0xC4F2, 0xC5F2, 0xA5F2, 0xC5F2, 0xE5EA,
    0x26DB, 0xA150, 0x0000, 0x2000, 0x0000, 0x0000, 0x0000, 0x0000, 0x0000, 0x0000, 0x0000, 0x0000, 0x0000, 0x0000, 0x0000, 0x0000,
    0x0000, 0x0000, 0x0000, 0x0000, 0x0000, 0x0000, 0x0000, 0x0000, 0x0000, 0x0000, 0x0000, 0x0000, 0x0000, 0x0000, 0x0000, 0x0000,
    0x0000, 0x0000, 0x0000, 0x0000, 0x0000, 0x0000, 0x0000, 0x0000, 0x0000, 0x0000, 0x0000, 0x0000, 0x0000, 0x0000, 0x0000, 0x0000,
    0x0000, 0x0000, 0x0000, 0x0000, 0x0000, 0x0000, 0x0000, 0x0000, 0x0000, 0x0000, 0x0000, 0x0000, 0x0000, 0x0000, 0x0000, 0x0000,
    0x0000, 0x0000, 0x0000, 0x0000, 0x0000, 0x0000, 0x0000, 0x0000, 0x0000, 0x0000, 0x0000, 0x0000, 0x0000, 0x0000, 0x0000, 0x0000,
    0x0000, 0x0000, 0x0000, 0x0000, 0x0000, 0x0000, 0x0000, 0x0000, 0x0000, 0x0000, 0x0000, 0x0000, 0x0000, 0x0000, 0x4030, 0xA6BA,
    0x05F3, 0xA3F2, 0xC5EA, 0xC6EA, 0xC5F2, 0xC4F2, 0xE4EA, 0xC4EA, 0xE4EA, 0xC4EA, 0xC4EA, 0xC4EA, 0xE4EA, 0xE4EA, 0xE4EA, 0xE4EA,
    0xE4EA, 0xE4EA, 0xE4EA, 0xE4EA, 0xE4EA, 0xE4EA, 0xE4EA, 0xE4EA, 0xC4EA, 0xC4EA, 0xC4EA, 0xC4EA, 0xC4EA, 0xC4EA, 0xC4EA, 0xC4EA,
    0xC4EA, 0xC4EA, 0xC4EA, 0xE4EA, 0xC4EA, 0xE4EA, 0xE4EA, 0xC4EA, 0xE4EA, 0xE4EA, 0xE4EA, 0xE4EA, 0xC4EA, 0xC4EA, 0xE4EA, 0xE4EA,
    0xE4EA, 0xC4EA, 0xC4EA, 0xC4EA, 0xE4EA, 0xC4EA, 0xC4EA, 0xC4EA, 0xC4EA, 0xC4EA, 0xC4EA, 0xC4EA, 0xE4EA, 0xC4EA, 0xC4EA, 0xC4EA,
    0xC4EA, 0xE4EA, 0xC4EA, 0xE4EA, 0xC4EA, 0xE4EA, 0xE4EA, 0xE4EA, 0xE4EA, 0xE4EA, 0xC4EA, 0xC4EA, 0xC4EA, 0xC4EA, 0xC4EA, 0xC4EA,
    0xE4EA, 0xC4EA, 0xC4EA, 0xC4EA, 0xE4EA, 0xC4EA, 0xC4F2, 0xC4EA, 0xE4EA, 0xE4EA, 0xC4EA, 0xC4EA, 0xC4EA, 0xC4EA, 0xE4EA, 0xE4EA,
    0xE4EA, 0xC4EA, 0xC4EA, 0xC4EA, 0xC4EA, 0xE4EA, 0xC4EA, 0xC4EA, 0xC4EA, 0xC4EA, 0xC4EA, 0xC4EA, 0xC4EA, 0xE4EA, 0xE4EA, 0xE4EA,
    0xE4EA, 0xE4EA, 0xE4EA, 0xE4EA, 0xE4EA, 0xE4EA, 0xE4EA, 0xE4EA, 0xC4EA, 0xC4EA, 0xC4EA, 0xC4EA, 0xC4EA, 0xC4EA, 0xC4EA, 0xC4EA,
    0xC4EA, 0xC4EA, 0xC4EA, 0xC4EA, 0xE4EA, 0xC4EA, 0xE4EA, 0xC4EA, 0xC4F2, 0xC4F2, 0xC4F2, 0xC4F2, 0xA4F2, 0xA4F2, 0xC4F2, 0x26EB,
    0x6371, 0x0010, 0x0000, 0x2100, 0x0000, 0x0000, 0x0000, 0x0000, 0x0000, 0x0000, 0x0000, 0x0000, 0x0000, 0x0000, 0x0000, 0x0000,
    0x0000, 0x0000, 0x0000, 0x0000, 0x0000, 0x0000, 0x0000, 0x0000, 0x0000, 0x0000, 0x0000, 0x0000, 0x0000, 0x0000, 0x0000, 0x0000,
    0x0000, 0x0000, 0x0000, 0x0000, 0x0000, 0x0000, 0x0000, 0x0000, 0x0000, 0x0000, 0x0000, 0x0000, 0x0000, 0x0000, 0x0000, 0x0000,
    0x0000, 0x0000, 0x0000, 0x0000, 0x0000, 0x0000, 0x0000, 0x0000, 0x0000, 0x0000, 0x0000, 0x0000, 0x0000, 0x0000, 0x0000, 0x0000,
    0x0000, 0x0000, 0x0000, 0x0000, 0x0000, 0x0000, 0x0000, 0x0000, 0x0000, 0x0000, 0x0000, 0x0000, 0x0000, 0x0000, 0x0000, 0x0000,
    0x0000, 0x0000, 0x0000, 0x0000, 0x0000, 0x0000, 0x0000, 0x0000, 0x0000, 0x0000, 0x0000, 0x0000, 0x0000, 0x0000, 0x0000, 0x4130,
    0x86CA, 0xC5FA, 0xA4F2, 0xC5EA, 0xE4E2, 0xE4E2, 0xC4F2, 0xC4F2, 0xC4F2, 0xC4F2, 0xC4F2, 0xC4F2, 0xC4F2, 0xC4F2, 0xC4F2, 0xC4F2,
    0xC4F2, 0xC4F2, 0xC4F2, 0xC4F2, 0xC4F2, 0xC4F2, 0xC4F2, 0xC4F2, 0xC4F2, 0xC4F2, 0xC4F2, 0xC4F2, 0xC4F2, 0xC4F2, 0xC4F2, 0xC4F2,
    0xC4F2, 0xC4F2, 0xC4F2, 0xC4F2, 0xC4F2, 0xC4F2, 0xC4F2, 0xC4F2, 0xC4F2, 0xC4F2, 0xC4F2, 0xC4F2, 0xC4F2, 0xC4F2, 0xC4F2, 0xC4F2,
    0xC4F2, 0xC4F2, 0xC4F2, 0xC4F2, 0xC4F2, 0xC4F2, 0xC4F2, 0xC4F2, 0xC4F2, 0xC4F2, 0xC4F2, 0xC4F2, 0xC4F2, 0xC4F2, 0xC4F2, 0xC4F2,
    0xC4F2, 0xC4F2, 0xC4F2, 0xC4F2, 0xC4F2, 0xC4F2, 0xC4F2, 0xC4F2, 0xC4F2, 0xC4F2, 0xC4F2, 0xC4F2, 0xC4F2, 0xC4F2, 0xC4F2, 0xC4F2,
    0xC4F2, 0xC4F2, 0xC4F2, 0xC4F2, 0xC4F2, 0xC4F2, 0xC4F2, 0xC4F2, 0xC4F2, 0xC4F2, 0xC4F2, 0xC4F2, 0xC4F2, 0xC4F2, 0xC4F2, 0xC4F2,
    0xC4F2, 0xC4F2, 0xC4F2, 0xC4F2, 0xC4F2, 0xC4F2, 0xC4F2, 0xC4F2, 0xC4F2, 0xC4F2, 0xC4F2, 0xC4F2, 0xC4F2, 0xC4F2, 0xC4F2, 0xC4F2,
    0xC4F2, 0xC4F2, 0xC4F2, 0xC4F2, 0xC4F2, 0xC4F2, 0xC4F2, 0xC4F2, 0xC4F2, 0xC4F2, 0xC4F2, 0xC4F2, 0xC4F2, 0xC4F2, 0xC4F2, 0xC4F2,
    0xC4F2, 0xC4F2, 0xC4F2, 0xC4F2, 0xC4F2, 0xC4F2, 0xC4F2, 0xC4F2, 0xC4F2, 0xE5EA, 0xE5EA, 0xC4EA, 0xA3F2, 0xE3F2, 0x45E3, 0x8281,
    0x0010, 0x0008, 0x0100, 0x0100, 0x0000, 0x0000, 0x0000, 0x0000, 0x0100, 0x0000, 0x0000, 0x0000, 0x0000, 0x0000, 0x0000, 0x0000,
    0x0000, 0x0000, 0x0000, 0x0000, 0x0000, 0x0000, 0x0000, 0x0000, 0x0000, 0x0000, 0x0000, 0x0000, 0x0000, 0x0000, 0x0000, 0x0000,
    0x0000, 0x0000, 0x0000, 0x0000, 0x0000, 0x0000, 0x0000, 0x0000, 0x0000, 0x0000, 0x0000, 0x0000, 0x0000, 0x0000, 0x0000, 0x0000,
    0x0000, 0x0000, 0x0000, 0x0000, 0x0000, 0x0000, 0x0000, 0x0000, 0x0000, 0x0000, 0x0000, 0x0000, 0x0000, 0x0000, 0x0000, 0x0000,
    0x0000, 0x0000, 0x0000, 0x0000, 0x0000, 0x0000, 0x0000, 0x0000, 0x0000, 0x0000, 0x0000, 0x0000, 0x0000, 0x0000, 0x0000, 0x0000,
    0x0000, 0x0000, 0x0000, 0x0000, 0x0000, 0x0000, 0x0000, 0x0000, 0x0000, 0x0000, 0x0000, 0x0000, 0x0000, 0x0000, 0x2100, 0x0000,
    0x4130, 0xA6C2, 0x04FB, 0xC2F2, 0xC3EA, 0xC4F2, 0xA4F2, 0xA4F2, 0xA4F2, 0xA4F2, 0xA4F2, 0xA4F2, 0xA4F2, 0xA4F2, 0xA4F2, 0xA4F2,
    0xA4F2, 0xA4F2, 0xA4F2, 0xA4F2, 0xA4F2, 0xA4F2, 0xA4F2, 0xA4F2, 0xA4F2, 0xA4F2, 0xA4F2, 0xA4F2, 0xA4F2, 0xA4F2, 0xA4F2, 0xA4F2,
    0xA4F2, 0xA4F2, 0xA4F2, 0xA4F2, 0xA4F2, 0xA4F2, 0xA4F2, 0xA4F2, 0xA4F2, 0xA4F2, 0xA4F2, 0xA4F2, 0xA4F2, 0xA4F2, 0xA4F2, 0xA4F2,
    0xA4F2, 0xA4F2, 0xA4F2, 0xA4F2, 0xA4F2, 0xA4F2, 0xA4F2, 0xA4F2, 0xA4F2, 0xA4F2, 0xA4F2, 0xA4F2, 0xA4F2, 0xA4F2, 0xA4F2, 0xA4F2,
    0xA4F2, 0xA4F2, 0xA4F2, 0xA4F2, 0xA4F2, 0xA4F2, 0xA4F2, 0xA4F2, 0xA4F2, 0xA4F2, 0xA4F2, 0xA4F2, 0xA4F2, 0xA4F2, 0xA4F2, 0xA4F2,
    0xA4F2, 0xA4F2, 0xA4F2, 0xA4F2, 0xA4F2, 0xA4F2, 0xA4F2, 0xA4F2, 0xA4F2, 0xA4F2, 0xA4F2, 0xA4F2, 0xA4F2, 0xA4F2, 0xA4F2, 0xA4F2,
    0xA4F2, 0xA4F2, 0xA4F2, 0xA4F2, 0xA4F2, 0xA4F2, 0xA4F2, 0xA4F2, 0xA4F2, 0xA4F2, 0xA4F2, 0xA4F2, 0xA4F2, 0xA4F2, 0xA4F2, 0xA4F2,
    0xA4F2, 0xA4F2, 0xA4F2, 0xA4F2, 0xA4F2, 0xA4F2, 0xA4F2, 0xA4F2, 0xA4F2, 0xA4F2, 0xA4F2, 0xA4F2, 0xA4F2, 0xA4F2, 0xA4F2, 0xA4F2,
    0xA4F2, 0xA4F2, 0xA4F2, 0xA4F2, 0xA4F2, 0xA4F2, 0xA4F2, 0xA4F2, 0xA4F2, 0xC4F2, 0xC4EA, 0xC3EA, 0xE3FA, 0x26EB, 0xA471, 0x0000,
    0x2000, 0x0100, 0x0100, 0x0000, 0x0000, 0x0000, 0x0000, 0x0000, 0x0000, 0x0000, 0x0000, 0x0000, 0x0000, 0x0000, 0x0000, 0x0000,
    0x0000, 0x0000, 0x0000, 0x0000, 0x0000, 0x0000, 0x0000, 0x0000, 0x0000, 0x0000, 0x0000, 0x0000, 0x0000, 0x0000, 0x0000, 0x0000,
    0x0000, 0x0000, 0x0000, 0x0000, 0x0000, 0x0000, 0x0000, 0x0000, 0x0000, 0x0000, 0x0000, 0x0000, 0x0000, 0x0000, 0x0000, 0x0000,
    0x0000, 0x0000, 0x0000, 0x0000, 0x0000, 0x0000, 0x0000, 0x0000, 0x0000, 0x0000, 0x0000, 0x0000, 0x0000, 0x0000, 0x0000, 0x0000,
    0x0000, 0x0000, 0x0000, 0x0000, 0x0000, 0x0000, 0x0000, 0x0000, 0x0000, 0x0000, 0x0000, 0x0000, 0x0000, 0x0000, 0x0000, 0x0000,
    0x0000, 0x0000, 0x0000, 0x0000, 0x0000, 0x0000, 0x0000, 0x0000, 0x0000, 0x0000, 0x0000, 0x0000, 0x0000, 0x0000, 0x0000, 0x2000,
    0x0000, 0x6020, 0x63A2, 0x04F3, 0xE6FA, 0xE6FA, 0x04F3, 0x04F3, 0x04F3, 0x04F3, 0x04F3, 0x04F3, 0x04F3, 0x04F3, 0x04F3, 0x04F3,
    0x04F3, 0x04F3, 0x04F3, 0x04F3, 0x04F3, 0x04F3, 0x04F3, 0x04F3, 0x04F3, 0x04F3, 0x04F3, 0x04F3, 0x04F3, 0x04F3, 0x04F3, 0x04F3,
    0x04F3, 0x04F3, 0x04F3, 0x04F3, 0x04F3, 0x04F3, 0x04F3, 0x04F3, 0x04F3, 0x04F3, 0x04F3, 0x04F3, 0x04F3, 0x04F3, 0x04F3, 0x04F3,
    0x04F3, 0x04F3, 0x04F3, 0x04F3, 0x04F3, 0x04F3, 0x04F3, 0x04F3, 0x04F3, 0x04F3, 0x04F3, 0x04F3, 0x04F3, 0x04F3, 0x04F3, 0x04F3,
    0x04F3, 0x04F3, 0x04F3, 0x04F3, 0x04F3, 0x04F3, 0x04F3, 0x04F3, 0x04F3, 0x04F3, 0x04F3, 0x04F3, 0x04F3, 0x04F3, 0x04F3, 0x04F3,
    0x04F3, 0x04F3, 0x04F3, 0x04F3, 0x04F3, 0x04F3, 0x04F3, 0x04F3, 0x04F3, 0x04F3, 0x04F3, 0x04F3, 0x04F3, 0x04F3, 0x04F3, 0x04F3,
    0x04F3, 0x04F3, 0x04F3, 0x04F3, 0x04F3, 0x04F3, 0x04F3, 0x04F3, 0x04F3, 0x04F3, 0x04F3, 0x04F3, 0x04F3, 0x04F3, 0x04F3, 0x04F3,
    0x04F3, 0x04F3, 0x04F3, 0x04F3, 0x04F3, 0x04F3, 0x04F3, 0x04F3, 0x04F3, 0x04F3, 0x04F3, 0x04F3, 0x04F3, 0x04F3, 0x04F3, 0x04F3,
    0x04F3, 0x04F3, 0x04F3, 0x04F3, 0x04F3, 0x04F3, 0x04F3, 0x04F3, 0x05F3, 0x05FB, 0xE5FA, 0x06F3, 0xC6CA, 0x2361, 0x0008, 0x0100,
    0x2000, 0x0000, 0x0000, 0x0000, 0x0000, 0x0000, 0x0000, 0x0000, 0x0000, 0x0000, 0x0000, 0x0000, 0x0000, 0x0000, 0x0100, 0x0000,
    0x0000, 0x0000, 0x0000, 0x0000, 0x0000, 0x0000, 0x0000, 0x0000, 0x0000, 0x0000, 0x0000, 0x0000, 0x0000, 0x0000, 0x0000, 0x0000,
    0x0000, 0x0000, 0x0000, 0x0000, 0x0000, 0x0000, 0x0000, 0x0000, 0x0000, 0x0000, 0x0000, 0x0000, 0x0000, 0x0000, 0x0000, 0x0000,
    0x0000, 0x0000, 0x0000, 0x0000, 0x0000, 0x0000, 0x0000, 0x0000, 0x0000, 0x0000, 0x0000, 0x0000, 0x0000, 0x0000, 0x0000, 0x0000,
    0x0000, 0x0000, 0x0000, 0x0000, 0x0000, 0x0000, 0x0000, 0x0000, 0x0000, 0x0000, 0x0000, 0x0000, 0x0000, 0x0000, 0x0000, 0x0000,
    0x0000, 0x0000, 0x0000, 0x0000, 0x0000, 0x0000, 0x0000, 0x0000, 0x0000, 0x0000, 0x0000, 0x0000, 0x0000, 0x0000, 0x0000, 0x0000,
    0x0000, 0x0000, 0x0008, 0xA148, 0xC489, 0x26A2, 0x25B2, 0x25B2, 0x25B2, 0x25B2, 0x25B2, 0x25B2, 0x25B2, 0x25B2, 0x25B2, 0x25B2,
    0x25B2, 0x25B2, 0x25B2, 0x25B2, 0x25B2, 0x25B2, 0x25B2, 0x25B2, 0x25B2, 0x25B2, 0x25B2, 0x25B2, 0x25B2, 0x25B2, 0x25B2, 0x25B2,
    0x25B2, 0x25B2, 0x25B2, 0x25B2, 0x25B2, 0x25B2, 0x25B2, 0x25B2, 0x25B2, 0x25B2, 0x25B2, 0x25B2, 0x25B2, 0x25B2, 0x25B2, 0x25B2,
    0x25B2, 0x25B2, 0x25B2, 0x25B2, 0x25B2, 0x25B2, 0x25B2, 0x25B2, 0x25B2, 0x25B2, 0x25B2, 0x25B2, 0x25B2, 0x25B2, 0x25B2, 0x25B2,
    0x25B2, 0x25B2, 0x25B2, 0x25B2, 0x25B2, 0x25B2, 0x25B2, 0x25B2, 0x25B2, 0x25B2, 0x25B2, 0x25B2, 0x25B2, 0x25B2, 0x25B2, 0x25B2,
    0x25B2, 0x25B2, 0x25B2, 0x25B2, 0x25B2, 0x25B2, 0x25B2, 0x25B2, 0x25B2, 0x25B2, 0x25B2, 0x25B2, 0x25B2, 0x25B2, 0x25B2, 0x25B2,
    0x25B2, 0x25B2, 0x25B2, 0x25B2, 0x25B2, 0x25B2, 0x25B2, 0x25B2, 0x25B2, 0x25B2, 0x25B2, 0x25B2, 0x25B2, 0x25B2, 0x25B2, 0x25B2,
    0x25B2, 0x25B2, 0x25B2, 0x25B2, 0x25B2, 0x25B2, 0x25B2, 0x25B2, 0x25B2, 0x25B2, 0x25B2, 0x25B2, 0x25B2, 0x25B2, 0x25B2, 0x25B2,
    0x25B2, 0x25B2, 0x25B2, 0x25B2, 0x25B2, 0x25B2, 0x25B2, 0x25B2, 0x65AA, 0x45A2, 0x059A, 0x4369, 0x4120, 0x0000, 0x0000, 0x0000,
    0x0000, 0x0000, 0x0008, 0x0000, 0x0000, 0x0000, 0x0000, 0x0000, 0x2000, 0x2000, 0x2000, 0x2000, 0x2000, 0x0000, 0x0000, 0x0000,
    0x0000, 0x0000, 0x0000, 0x0000, 0x0000, 0x0000, 0x0000, 0x0000, 0x0000, 0x0000, 0x0000, 0x0000, 0x0000, 0x0000, 0x0000, 0x0000,
    0x0000, 0x0000, 0x0000, 0x0000, 0x0000, 0x0000, 0x0000, 0x0000, 0x0000, 0x0000, 0x0000, 0x0000, 0x0000, 0x0000, 0x0000, 0x0000,
    0x0000, 0x0000, 0x0000, 0x0000, 0x0000, 0x0000, 0x0000, 0x0000, 0x0000, 0x0000, 0x0000, 0x0000, 0x0000, 0x0000, 0x0000, 0x0000,
    0x0000, 0x0000, 0x0000, 0x0000, 0x0000, 0x0000, 0x0000, 0x0000, 0x0000, 0x0000, 0x0000, 0x0000, 0x0000, 0x0000, 0x0000, 0x0000,
    0x0000, 0x0000, 0x0000, 0x0000, 0x0000, 0x0000, 0x0000, 0x0000, 0x0000, 0x0000, 0x0000, 0x0000, 0x0000, 0x0000, 0x0000, 0x0000,
    0x0000, 0x0000, 0x0100, 0x0000, 0x0000, 0x0008, 0x0008, 0x0008, 0x0008, 0x0008, 0x0008, 0x0008, 0x0008, 0x0008, 0x0008, 0x0008,
    0x0008, 0x0008, 0x0008, 0x0008, 0x0008, 0x0008, 0x0008, 0x0008, 0x0008, 0x0008, 0x0008, 0x0008, 0x0008, 0x0008, 0x0008, 0x0008,
    0x0008, 0x0008, 0x0008, 0x0008, 0x0008, 0x0008, 0x0008, 0x0008, 0x0008, 0x0008, 0x0008, 0x0008, 0x0008, 0x0008, 0x0008, 0x0008,
    0x0008, 0x0008, 0x0008, 0x0008, 0x0008, 0x0008, 0x0008, 0x0008, 0x0008, 0x0008, 0x0008, 0x0008, 0x0008, 0x0008, 0x0008, 0x0008,
    0x0008, 0x0008, 0x0008, 0x0008, 0x0008, 0x0008, 0x0008, 0x0008, 0x0008, 0x0008, 0x0008, 0x0008, 0x0008, 0x0008, 0x0008, 0x0008,
    0x0008, 0x0008, 0x0008, 0x0008, 0x0008, 0x0008, 0x0008, 0x0008, 0x0008, 0x0008, 0x0008, 0x0008, 0x0008, 0x0008, 0x0008, 0x0008,
    0x0008, 0x0008, 0x0008, 0x0008, 0x0008, 0x0008, 0x0008, 0x0008, 0x0008, 0x0008, 0x0008, 0x0008, 0x0008, 0x0008, 0x0008, 0x0008,
    0x0008, 0x0008, 0x0008, 0x0008, 0x0008, 0x0008, 0x0008, 0x0008, 0x0008, 0x0008, 0x0008, 0x0008, 0x0008, 0x0008, 0x0008, 0x0008,
    0x0008, 0x0008, 0x0008, 0x0008, 0x0008, 0x0008, 0x0008, 0x0008, 0x0010, 0x0008, 0x0000, 0x0000, 0x0000, 0x2000, 0x2000, 0x0000,
    0x0000, 0x0000, 0x0000, 0x0000, 0x0000, 0x0000, 0x0000, 0x0000, 0x0008, 0x0000, 0x0000, 0x0000, 0x0100, 0x0000, 0x0000, 0x0000,
    0x0000, 0x0000, 0x0000, 0x0000, 0x0000, 0x0000, 0x0000, 0x0000, 0x0000, 0x0000, 0x0000, 0x0000, 0x0000, 0x0000, 0x0000, 0x0000,
    0x0000, 0x0000, 0x0000, 0x0000, 0x0000, 0x0000, 0x0000, 0x0000, 0x0000, 0x0000, 0x0000, 0x0000, 0x0000, 0x0000, 0x0000, 0x0000,
    0x0000, 0x0000, 0x0000, 0x0000, 0x0000, 0x0000, 0x0000, 0x0000, 0x0000, 0x0000, 0x0000, 0x0000, 0x0000, 0x0000, 0x0000, 0x0000,
    0x0000, 0x0000, 0x0000, 0x0000, 0x0000, 0x0000, 0x0000, 0x0000, 0x0000, 0x0000, 0x0000, 0x0000, 0x0000, 0x0000, 0x0000, 0x6000,
    0xC309, 0xE502, 0x6603, 0x0603, 0x040A, 0xA100, 0x0000, 0x0000, 0x0000, 0x0000, 0x0000, 0x0000, 0x0000, 0x0000, 0x0000, 0x0000,
    0x0000, 0x0000, 0x0000, 0x0000, 0x0000, 0x0000, 0x0000, 0x0000, 0x0000, 0x0000, 0x0000, 0x0000, 0x0000, 0x0000, 0x0000, 0x0000,
    0x0000, 0x0000, 0x0000, 0x0000, 0x0000, 0x0000, 0x0000, 0x0000, 0x0000, 0x0000, 0x0000, 0x0000, 0x0000, 0x0000, 0x0000, 0x0000,
    0x0000, 0x0000, 0x0000, 0x0000, 0x0000, 0x0000, 0x0000, 0x0000, 0x0000, 0x0000, 0x0000, 0x0000, 0x0000, 0x0000, 0x0000, 0x0000,
    0x0000, 0x0000, 0x0000, 0x0000, 0x0000, 0x0000, 0x0000, 0x0000, 0x0000, 0x0000, 0x0000, 0x0000, 0x0000, 0x0000, 0x0000, 0x0000,
    0x0000, 0x0000, 0x0000, 0x0000, 0x0000, 0x0000, 0x0000, 0x0000, 0x0000, 0x0000, 0x0000, 0x0000, 0x0000, 0x0000, 0x0000, 0x0000,
    0x0000, 0x0000, 0x0000, 0x0000, 0x0000, 0x0000, 0x0000, 0x0000, 0x0000, 0x0000, 0x0000, 0x0000, 0x0000, 0x0000, 0x0000, 0x0000,
    0x0000, 0x0000, 0x0000, 0x0000, 0x0000, 0x0000, 0x0000, 0x0000, 0x0000, 0x0000, 0x0000, 0x0000, 0x0000, 0x0000, 0x0000, 0x0000,
    0x0000, 0x0000, 0x0000, 0x0000, 0x0000, 0x0000, 0x0000, 0x0000, 0x0000, 0x0000, 0x0000, 0x0000, 0x0000, 0x0000, 0x0000, 0x0000,
    0x0000, 0x0000, 0x0000, 0x0000, 0x0000, 0x0000, 0x0000, 0x0000, 0x0000, 0x0100, 0x0100, 0x0008, 0x0008, 0x0000, 0x0000, 0x0100,
    0x0000, 0x0000, 0x0000, 0x0000, 0x0000, 0x0000, 0x0000, 0x2000, 0x0000, 0x2200, 0x2809, 0xED09, 0x6F0A, 0x6F0A, 0xED09, 0xC600,
    0x0000, 0x0000, 0x0000, 0x0000, 0x0000, 0x0000, 0x0000, 0x0000, 0x0000, 0x0000, 0x0000, 0x0000, 0x0000, 0x0000, 0x0000, 0x0000,
    0x0000, 0x0000, 0x0000, 0x0000, 0x0000, 0x0000, 0x0000, 0x0000, 0x0000, 0x0000, 0x0000, 0x0000, 0x0000, 0x0000, 0x0000, 0x0000,
    0x0000, 0x0000, 0x0000, 0x0000, 0x0000, 0x0000, 0x0000, 0x0000, 0x0000, 0x0000, 0x0000, 0x0000, 0x0000, 0x0000, 0x0000, 0x0000,
    0x0000, 0x0000, 0x0000, 0x0000, 0x0000, 0x0000, 0x0000, 0x0000, 0x0000, 0x0000, 0x0000, 0x2000, 0x2000, 0x0000, 0xA201, 0xE703,
    0x890C, 0xA904, 0xC904, 0xC904, 0xA90C, 0x480C, 0x440A, 0x4000, 0x2000, 0x0000, 0x0000, 0x0000, 0x0000, 0x0000, 0x0000, 0x0000,
    0x0000, 0x0000, 0x0000, 0x0000, 0x0000, 0x0000, 0x0000, 0x0000, 0x0000, 0x0000, 0x0000, 0x0000, 0x0000, 0x0000, 0x0000, 0x0000,
    0x0000, 0x0000, 0x0000, 0x0000, 0x0000, 0x0000, 0x0000, 0x0000, 0x0000, 0x0000, 0x0000, 0x0000, 0x0000, 0x0000, 0x0000, 0x0000,
    0x0000, 0x0000, 0x0000, 0x0000, 0x0000, 0x0000, 0x0000, 0x0000, 0x0000, 0x0000, 0x0000, 0x0000, 0x0000, 0x0000, 0x0000, 0x0000,
    0x0000, 0x0000, 0x0000, 0x0000, 0x0000, 0x0000, 0x0000, 0x0000, 0x0000, 0x0000, 0x0000, 0x0000, 0x0000, 0x0000, 0x0000, 0x0000,
    0x0000, 0x0000, 0x0000, 0x0000, 0x0000, 0x0000, 0x0000, 0x0000, 0x0000, 0x0000, 0x0000, 0x0000, 0x0000, 0x0000, 0x0000, 0x0000,
    0x0000, 0x0000, 0x0000, 0x0000, 0x0000, 0x0000, 0x0000, 0x0000, 0x0000, 0x0000, 0x0000, 0x0000, 0x0000, 0x0000, 0x0000, 0x0000,
    0x0000, 0x0000, 0x0000, 0x0000, 0x0000, 0x0000, 0x0000, 0x0000, 0x0000, 0x0000, 0x0000, 0x0000, 0x0000, 0x0000, 0x0000, 0x0000,
    0x0000, 0x0000, 0x0000, 0x0000, 0x0000, 0x0000, 0x0000, 0x0000, 0x0000, 0x0000, 0x0000, 0x0000, 0x0000, 0x0000, 0x0000, 0x0000,
    0x0000, 0x0000, 0x0000, 0x0000, 0x0000, 0x0000, 0x0000, 0x0000, 0x0000, 0x0000, 0x0000, 0x0000, 0x0000, 0x0000, 0x0000, 0x0000,
    0x0000, 0x0000, 0x0000, 0x0000, 0x2000, 0x0000, 0x0008, 0x0000, 0xE600, 0xD112, 0x960B, 0xD80B, 0xB70B, 0xB70B, 0xB803, 0x770B,
    0x2E0A, 0x4200, 0x0000, 0x0000, 0x0000, 0x0000, 0x0008, 0x0000, 0x0000, 0x0000, 0x0000, 0x0000, 0x0000, 0x0000, 0x0000, 0x0000,
    0x0000, 0x0000, 0x0000, 0x0000, 0x0000, 0x0000, 0x0000, 0x0000, 0x0000, 0x0000, 0x0000, 0x0000, 0x0000, 0x0000, 0x0000, 0x0000,
    0x0000, 0x0000, 0x0000, 0x0000, 0x0000, 0x0000, 0x0000, 0x0000, 0x0000, 0x0000, 0x0000, 0x0000, 0x0000, 0x0000, 0x0000, 0x0000,
    0x0000, 0x0000, 0x0000, 0x0000, 0x0000, 0x0000, 0x0000, 0x0000, 0x0000, 0x0000, 0x0000, 0x0000, 0x0000, 0xA309, 0x6A14, 0xA804,
    0x8804, 0x8804, 0x8804, 0x8804, 0x6804, 0xA804, 0x8A14, 0xA512, 0x4000, 0x0000, 0x0000, 0x0000, 0x0000, 0x0000, 0x0000, 0x0000,
    0x0000, 0x0000, 0x0000, 0x0000, 0x0000, 0x0000, 0x0000, 0x0000, 0x0000, 0x0000, 0x0000, 0x0000, 0x0000, 0x0000, 0x0000, 0x0000,
    0x0000, 0x0000, 0x0000, 0x0000, 0x0000, 0x0000, 0x0000, 0x0000, 0x0000, 0x0000, 0x0000, 0x0000, 0x0000, 0x0000, 0x0000, 0x0000,
    0x0000, 0x0000, 0x0000, 0x0000, 0x0000, 0x0000, 0x0000, 0x0000, 0x0000, 0x0000, 0x0000, 0x0000, 0x0000, 0x0000, 0x0000, 0x0000,
    0x0000, 0x0000, 0x0000, 0x0000, 0x0000, 0x0000, 0x0000, 0x0000, 0x0000, 0x0000, 0x0000, 0x0000, 0x0000, 0x0000, 0x0000, 0x0000,
    0x0000, 0x0000, 0x0000, 0x0000, 0x0000, 0x0000, 0x0000, 0x0000, 0x0000, 0x0000, 0x0000, 0x0000, 0x0000, 0x0000, 0x0000, 0x0000,
    0x0000, 0x0000, 0x0000, 0x0000, 0x0000, 0x0000, 0x0000, 0x0000, 0x0000, 0x0000, 0x0000, 0x0000, 0x0000, 0x0000, 0x0000, 0x0000,
    0x0000, 0x0000, 0x0000, 0x0000, 0x0000, 0x0000, 0x0000, 0x0000, 0x0000, 0x0000, 0x0000, 0x0000, 0x0000, 0x0000, 0x0000, 0x0000,
    0x0000, 0x0000, 0x0000, 0x0000, 0x0000, 0x0000, 0x0000, 0x0000, 0x0000, 0x0000, 0x0000, 0x0000, 0x0000, 0x0000, 0x0000, 0x0000,
    0x0000, 0x0000, 0x0000, 0x0000, 0x0000, 0x0000, 0x0000, 0x0000, 0x0000, 0x0000, 0x0000, 0x0000, 0x0000, 0x0000, 0x0000, 0x0000,
    0x0000, 0x0000, 0x0000, 0x0000, 0x2000, 0x0000, 0x0100, 0x4701, 0x5313, 0xB70B, 0x9803, 0x9803, 0x9703, 0x7603, 0x9703, 0x7703,
    0xB70B, 0xAF0A, 0x2300, 0x0000, 0x0000, 0x0000, 0x0000, 0x0000, 0x0000, 0x0000, 0x0000, 0x0000, 0x0000, 0x0000, 0x0000, 0x0000,
    0x0000, 0x0000, 0x0000, 0x0000, 0x0000, 0x0000, 0x0000, 0x0000, 0x0000, 0x0000, 0x0000, 0x0000, 0x0000, 0x0000, 0x0000, 0x0000,
    0x0000, 0x0000, 0x0000, 0x0000, 0x0000, 0x0000, 0x0000, 0x0000, 0x0000, 0x0000, 0x0000, 0x0000, 0x0000, 0x0000, 0x0000, 0x0000,
    0x0000, 0x0000, 0x0000, 0x0000, 0x0000, 0x0000, 0x0000, 0x2000, 0x0000, 0x0000, 0x0000, 0x0000, 0x2201, 0x490C, 0x8804, 0x8804,
    0xA804, 0x8804, 0x8804, 0x8804, 0x8804, 0x8804, 0xA804, 0xAA0C, 0xA512, 0x2000, 0x0000, 0x0000, 0x0000, 0x0000, 0x0000, 0x0000,
    0x0000, 0x0000, 0x0000, 0x0000, 0x0000, 0x0000, 0x0000, 0x0000, 0x0000, 0x0000, 0x0000, 0x0000, 0x0000, 0x0000, 0x0000, 0x0000,
    0x0000, 0x0000, 0x0000, 0x0000, 0x0000, 0x0000, 0x0000, 0x0000, 0x0000, 0x0000, 0x0000, 0x0000, 0x0000, 0x0000, 0x0000, 0x0000,
    0x0000, 0x0000, 0x0000, 0x0000, 0x0000, 0x0000, 0x0000, 0x0000, 0x0000, 0x0000, 0x0000, 0x0000, 0x0000, 0x0000, 0x0000, 0x0000,
    0x0000, 0x0000, 0x0000, 0x0000, 0x0000, 0x0000, 0x0000, 0x0000, 0x0000, 0x0000, 0x0000, 0x0000, 0x0000, 0x0000, 0x0000, 0x0000,
    0x0000, 0x0000, 0x0000, 0x0000, 0x0000, 0x0000, 0x0000, 0x0000, 0x0000, 0x0000, 0x0000, 0x0000, 0x0000, 0x0000, 0x0000, 0x0000,
    0x0000, 0x0000, 0x0000, 0x0000, 0x0000, 0x0000, 0x0000, 0x0000, 0x0000, 0x0000, 0x0000, 0x0000, 0x0000, 0x0000, 0x0000, 0x0000,
    0x0000, 0x0000, 0x0000, 0x0000, 0x0000, 0x0000, 0x0000, 0x0000, 0x0000, 0x0000, 0x0000, 0x0000, 0x0000, 0x0000, 0x0000, 0x0000,
    0x0000, 0x0000, 0x0000, 0x0000, 0x0000, 0x0000, 0x0000, 0x0000, 0x0000, 0x0000, 0x0000, 0x0000, 0x0000, 0x0000, 0x0000, 0x0000,
    0x0000, 0x0000, 0x0000, 0x0000, 0x0000, 0x0000, 0x0000, 0x0000, 0x0000, 0x0000, 0x0000, 0x0000, 0x0000, 0x0000, 0x0000, 0x0000,
    0x0000, 0x0008, 0x0000, 0x2000, 0x0000, 0x0000, 0x2801, 0x740B, 0x9703, 0x9803, 0xB903, 0x9803, 0x9703, 0x9603, 0x9703, 0x9603,
    0x7703, 0xB80B, 0x0E0A, 0x0100, 0x0000, 0x2000, 0x2000, 0x0000, 0x0000, 0x0000, 0x0000, 0x0000, 0x0000, 0x0000, 0x0000, 0x0000,
    0x0000, 0x0000, 0x0000, 0x0000, 0x0000, 0x0000, 0x0000, 0x0000, 0x0000, 0x0000, 0x0000, 0x0000, 0x0000, 0x0000, 0x0000, 0x0000,
    0x0000, 0x0000, 0x0000, 0x0000, 0x0000, 0x0000, 0x0000, 0x0000, 0x0000, 0x0000, 0x0000, 0x0000, 0x0000, 0x0000, 0x0000, 0x0000,
    0x0000, 0x0000, 0x0000, 0x0000, 0x0000, 0x0000, 0x0000, 0x0000, 0x0000, 0x0000, 0x0008, 0x8000, 0xE80B, 0xC804, 0xA704, 0xA804,
    0x8804, 0x8804, 0x8804, 0x8804, 0xA804, 0x8804, 0x8804, 0xA804, 0xAA0C, 0xC50A, 0x4000, 0x0000, 0x0000, 0x0000, 0x0000, 0x0000,
    0x0000, 0x0000, 0x0000, 0x0000, 0x0000, 0x0000, 0x0000, 0x0000, 0x0000, 0x0000, 0x0000, 0x0000, 0x0000, 0x0000, 0x0000, 0x0000,
    0x0000, 0x0000, 0x0000, 0x0000, 0x0000, 0x0000, 0x0000, 0x0000, 0x0000, 0x0000, 0x0000, 0x0000, 0x0000, 0x0000, 0x0000, 0x0000,
    0x0000, 0x0000, 0x0000, 0x0000, 0x0000, 0x0000, 0x0000, 0x0000, 0x0000, 0x0000, 0x0000, 0x0000, 0x0000, 0x0000, 0x0000, 0x0000,
    0x0000, 0x0000, 0x0000, 0x0000, 0x0000, 0x0000, 0x0000, 0x0000, 0x0000, 0x0000, 0x0000, 0x0000, 0x0000, 0x0000, 0x0000, 0x0000,
    0x0000, 0x0000, 0x0000, 0x0000, 0x0000, 0x0000, 0x0000, 0x0000, 0x0000, 0x0000, 0x0000, 0x0000, 0x0000, 0x0000, 0x0000, 0x0000,
    0x0000, 0x0000, 0x0000, 0x0000, 0x0000, 0x0000, 0x0000, 0x0000, 0x0000, 0x0000, 0x0000, 0x0000, 0x0000, 0x0000, 0x0000, 0x0000,
    0x0000, 0x0000, 0x0000, 0x0000, 0x0000, 0x0000, 0x0000, 0x0000, 0x0000, 0x0000, 0x0000, 0x0000, 0x0000, 0x0000, 0x0000, 0x0000,
    0x0000, 0x0000, 0x0000, 0x0000, 0x0000, 0x0000, 0x0000, 0x0000, 0x0000, 0x0000, 0x0000, 0x0000, 0x0000, 0x0000, 0x0000, 0x0000,
    0x0000, 0x0000, 0x0000, 0x0000, 0x0000, 0x0000, 0x0000, 0x0000, 0x0000, 0x0000, 0x0000, 0x0000, 0x0000, 0x0000, 0x0000, 0x0000,
    0x0000, 0x0008, 0x0000, 0x2000, 0x0000, 0x0701, 0x5413, 0x9803, 0x9703, 0x9803, 0xB803, 0x9703, 0x9703, 0x9703, 0x9703, 0xB703,
    0x7803, 0x5903, 0xB60B, 0x8A01, 0x0100, 0x0000, 0x2000, 0x0000, 0x0000, 0x0000, 0x0000, 0x0000, 0x0000, 0x0000, 0x0000, 0x0000,
    0x0000, 0x0000, 0x0000, 0x0000, 0x0000, 0x0000, 0x0000, 0x0000, 0x0000, 0x0000, 0x0000, 0x0000, 0x0000, 0x0000, 0x0000, 0x0000,
    0x0000, 0x0000, 0x0000, 0x0000, 0x0000, 0x0000, 0x0000, 0x0000, 0x0000, 0x0000, 0x0000, 0x0000, 0x0000, 0x0000, 0x0000, 0x0000,
    0x0000, 0x0000, 0x0000, 0x0000, 0x0000, 0x0000, 0x0000, 0x0008, 0x2000, 0x0000, 0x2000, 0x060B, 0xCA04, 0xA704, 0xA804, 0x8804,
    0x8804, 0x8804, 0x8804, 0x8804, 0x8804, 0x8804, 0x680C, 0x8804, 0xA804, 0xAA0C, 0x240A, 0x0000, 0x0000, 0x0000, 0x0000, 0x0000,
    0x0000, 0x0000, 0x0000, 0x0000, 0x0000, 0x0000, 0x0000, 0x0000, 0x0000, 0x0000, 0x0000, 0x0000, 0x0000, 0x0000, 0x0000, 0x0000,
    0x0000, 0x0000, 0x0000, 0x0000, 0x0000, 0x0000, 0x0000, 0x0000, 0x0000, 0x0000, 0x0000, 0x0000, 0x0000, 0x0000, 0x0000, 0x0000,
    0x0000, 0x0000, 0x0000, 0x0000, 0x0000, 0x0000, 0x0000, 0x0000, 0x0000, 0x0000, 0x0000, 0x0000, 0x0000, 0x0000, 0x0000, 0x0000,
    0x0000, 0x0000, 0x0000, 0x0000, 0x0000, 0x0000, 0x0000, 0x0000, 0x0000, 0x0000, 0x0000, 0x0000, 0x0000, 0x0000, 0x0000, 0x0000,
    0x0000, 0x0000, 0x0000, 0x0000, 0x0000, 0x0000, 0x0000, 0x0000, 0x0000, 0x0000, 0x0000, 0x0000, 0x0000, 0x0000, 0x0000, 0x0000,
    0x0000, 0x0000, 0x0000, 0x0000, 0x0000, 0x0000, 0x0000, 0x0000, 0x0000, 0x0000, 0x0000, 0x0000, 0x0000, 0x0000, 0x0000, 0x0000,
    0x0000, 0x0000, 0x0000, 0x0000, 0x0000, 0x0000, 0x0000, 0x0000, 0x0000, 0x0000, 0x0000, 0x0000, 0x0000, 0x0000, 0x0000, 0x0000,
    0x0000, 0x0000, 0x0000, 0x0000, 0x0000, 0x0000, 0x0000, 0x0000, 0x0000, 0x0000, 0x0000, 0x0000, 0x0000, 0x0000, 0x0000, 0x0000,
    0x0000, 0x0000, 0x0000, 0x0000, 0x0000, 0x0000, 0x0000, 0x0000, 0x0000, 0x0000, 0x0000, 0x0000, 0x0000, 0x0000, 0x0000, 0x0000,
    0x0000, 0x0000, 0x0000, 0x0000, 0x6400, 0x3213, 0xB703, 0x7803, 0x9703, 0x9703, 0x9703, 0x9703, 0x9703, 0x9703, 0x9803, 0xB903,
    0x7803, 0x570B, 0xB703, 0x9403, 0xE700, 0x0000, 0x0000, 0x0000, 0x0000, 0x0000, 0x0000, 0x0000, 0x0000, 0x0000, 0x0000, 0x0000,
    0x0000, 0x0000, 0x0000, 0x0000, 0x0000, 0x0000, 0x0000, 0x0000, 0x0000, 0x0000, 0x0000, 0x0000, 0x0000, 0x0000, 0x0000, 0x0000,
    0x0000, 0x0000, 0x0000, 0x0000, 0x0000, 0x0000, 0x0000, 0x0000, 0x0000, 0x0000, 0x0000, 0x0000, 0x0000, 0x0000, 0x0000, 0x0000,
    0x0000, 0x0000, 0x0000, 0x0000, 0x0000, 0x0000, 0x0000, 0x0000, 0x2000, 0x0000, 0x240A, 0xAA04, 0x8804, 0x8804, 0x8804, 0x8804,
    0x8804, 0x8804, 0x8804, 0x8804, 0x8804, 0x8804, 0x8804, 0x680C, 0x8804, 0xA904, 0x080C, 0xC000, 0x0000, 0x0000, 0x0000, 0x0000,
    0x0000, 0x0000, 0x0000, 0x0000, 0x0000, 0x0000, 0x0000, 0x0000, 0x0000, 0x0000, 0x0000, 0x0000, 0x0000, 0x0000, 0x0000, 0x0000,
    0x0000, 0x0000, 0x0000, 0x0000, 0x0000, 0x0000, 0x0000, 0x0000, 0x0000, 0x0000, 0x0000, 0x0000, 0x0000, 0x0000, 0x0000, 0x0000,
    0x0000, 0x0000, 0x0000, 0x0000, 0x0000, 0x0000, 0x0000, 0x0000, 0x0000, 0x0000, 0x0000, 0x0000, 0x0000, 0x0000, 0x0000, 0x0000,
    0x0000, 0x0000, 0x0000, 0x0000, 0x0000, 0x0000, 0x0000, 0x0000, 0x0000, 0x0000, 0x0000, 0x0000, 0x0000, 0x0000, 0x0000, 0x0000,
    0x0000, 0x0000, 0x0000, 0x0000, 0x0000, 0x0000, 0x0000, 0x0000, 0x0000, 0x0000, 0x0000, 0x0000, 0x0000, 0x0000, 0x0000, 0x0000,
    0x0000, 0x0000, 0x0000, 0x0000, 0x0000, 0x0000, 0x0000, 0x0000, 0x0000, 0x0000, 0x0000, 0x0000, 0x0000, 0x0000, 0x0000, 0x0000,
    0x0000, 0x0000, 0x0000, 0x0000, 0x0000, 0x0000, 0x0000, 0x0000, 0x0000, 0x0000, 0x0000, 0x0000, 0x0000, 0x0000, 0x0000, 0x0000,
    0x0000, 0x0000, 0x0000, 0x0000, 0x0000, 0x0000, 0x0000, 0x0000, 0x0000, 0x0000, 0x0000, 0x0000, 0x0000, 0x0000, 0x0000, 0x0000,
    0x0000, 0x0000, 0x0000, 0x0000, 0x0000, 0x0000, 0x0000, 0x0000, 0x0000, 0x0000, 0x0000, 0x0000, 0x0000, 0x0000, 0x0000, 0x0000,
    0x0000, 0x0000, 0x0000, 0x0000, 0xEC09, 0xF703, 0x9803, 0x770B, 0x9703, 0x9603, 0x9603, 0x9703, 0x9703, 0x9703, 0x9803, 0x7903,
    0xB703, 0x9503, 0x7703, 0xD803, 0x120B, 0x4300, 0x0000, 0x0000, 0x0000, 0x0000, 0x0000, 0x0000, 0x0000, 0x0000, 0x0000, 0x0000,
    0x0000, 0x0000, 0x0000, 0x0000, 0x0000, 0x0000, 0x0000, 0x0000, 0x0000, 0x0000, 0x0000, 0x0000, 0x0000, 0x0000, 0x0000, 0x0000,
    0x0000, 0x0000, 0x0000, 0x0000, 0x0000, 0x0000, 0x0000, 0x0000, 0x0000, 0x0000, 0x0000, 0x0000, 0x0000, 0x0000, 0x0000, 0x0000,
    0x0000, 0x0000, 0x0000, 0x0000, 0x0000, 0x0000, 0x0000, 0x0000, 0x0000, 0x4101, 0x690C, 0xA804, 0x8804, 0x8804, 0xA804, 0x8804,
    0x8804, 0x8804, 0x8804, 0x8804, 0x8804, 0x8804, 0xA804, 0x8804, 0x680C, 0xA804, 0xA904, 0xA301, 0x0000, 0x0000, 0x0000, 0x0000,
    0x0000, 0x0000, 0x0000, 0x0000, 0x0000, 0x0000, 0x0000, 0x0000, 0x0000, 0x0000, 0x0000, 0x0000, 0x0000, 0x0000, 0x0000, 0x0000,
    0x0000, 0x0000, 0x0000, 0x0000, 0x0000, 0x0000, 0x0000, 0x0000, 0x0000, 0x0000, 0x0000, 0x0000, 0x0000, 0x0000, 0x0000, 0x0000,
    0x0000, 0x0000, 0x0000, 0x0000, 0x0000, 0x0000, 0x0000, 0x0000, 0x0000, 0x0000, 0x0000, 0x0000, 0x0000, 0x0000, 0x0000, 0x0000,
    0x0000, 0x0000, 0x0000, 0x0000, 0x0000, 0x0000, 0x0000, 0x0000, 0x0000, 0x0000, 0x0000, 0x0000, 0x0000, 0x0000, 0x0000, 0x0000,
    0x0000, 0x0000, 0x0000, 0x0000, 0x0000, 0x0000, 0x0000, 0x0000, 0x0000, 0x0000, 0x0000, 0x0000, 0x0000, 0x0000, 0x0000, 0x0000,
    0x0000, 0x0000, 0x0000, 0x0000, 0x0000, 0x0000, 0x0000, 0x0000, 0x0000, 0x0000, 0x0000, 0x0000, 0x0000, 0x0000, 0x0000, 0x0000,
    0x0000, 0x0000, 0x0000, 0x0000, 0x0000, 0x0000, 0x0000, 0x0000, 0x0000, 0x0000, 0x0000, 0x0000, 0x0000, 0x0000, 0x0000, 0x0000,
    0x0000, 0x0000, 0x0000, 0x0000, 0x0000, 0x0000, 0x0000, 0x0000, 0x0000, 0x0000, 0x0000, 0x0000, 0x0000, 0x0000, 0x0000, 0x0000,
    0x0000, 0x0000, 0x0000, 0x0000, 0x0000, 0x0000, 0x0000, 0x0000, 0x0000, 0x0000, 0x0000, 0x0000, 0x0000, 0x0000, 0x0000, 0x0000,
    0x0100, 0x0000, 0x0000, 0x2300, 0xF30A, 0xB803, 0x9803, 0x9703, 0x9703, 0x9703, 0x9703, 0x9703, 0x9803, 0x9803, 0x9703, 0x9703,
    0xB703, 0xB603, 0x7703, 0x7803, 0xD70B, 0x2D0A, 0x0100, 0x0000, 0x0000, 0x0000, 0x0000, 0x0000, 0x0000, 0x0000, 0x0000, 0x0000,
    0x0000, 0x0000, 0x0000, 0x0000, 0x0000, 0x0000, 0x0000, 0x0000, 0x0000, 0x0000, 0x0000, 0x0000, 0x0000, 0x0000, 0x0000, 0x0000,
    0x0000, 0x0000, 0x0000, 0x0000, 0x0000, 0x0000, 0x0000, 0x0000, 0x0000, 0x0000, 0x0000, 0x0000, 0x0000, 0x0000, 0x0000, 0x0000,
    0x0000, 0x0000, 0x0000, 0x0000, 0x0000, 0x0000, 0x0000, 0x0000, 0x8000, 0xA813, 0xA904, 0x8704, 0x8804, 0xA904, 0x8904, 0x8804,
    0x8804, 0x8804, 0x8804, 0x8804, 0x8804, 0x8804, 0xC804, 0xA804, 0x6804, 0xA804, 0xC904, 0x650A, 0x0000, 0x2000, 0x0000, 0x0000,
    0x0000, 0x0000, 0x0000, 0x0000, 0x0000, 0x0000, 0x0000, 0x0000, 0x0000, 0x0000, 0x0000, 0x0000, 0x0000, 0x0000, 0x0000, 0x0000,
    0x0000, 0x0000, 0x0000, 0x0000, 0x0000, 0x0000, 0x0000, 0x0000, 0x0000, 0x0000, 0x0000, 0x0000, 0x0000, 0x0000, 0x0000, 0x0000,
    0x0000, 0x0000, 0x0000, 0x0000, 0x0000, 0x0000, 0x0000, 0x0000, 0x0000, 0x0000, 0x0000, 0x0000, 0x0000, 0x0000, 0x0000, 0x0000,
    0x0000, 0x0000, 0x0000, 0x0000, 0x0000, 0x0000, 0x0000, 0x0000, 0x0000, 0x0000, 0x0000, 0x0000, 0x0000, 0x0000, 0x0000, 0x0000,
    0x0000, 0x0000, 0x0000, 0x0000, 0x0000, 0x0000, 0x0000, 0x0000, 0x0000, 0x0000, 0x0000, 0x0000, 0x0000, 0x0000, 0x0000, 0x0000,
    0x0000, 0x0000, 0x0000, 0x0000, 0x0000, 0x0000, 0x0000, 0x0000, 0x0000, 0x0000, 0x0000, 0x0000, 0x0000, 0x0000, 0x0000, 0x0000,
    0x0000, 0x0000, 0x0000, 0x0000, 0x0000, 0x0000, 0x0000, 0x0000, 0x0000, 0x0000, 0x0000, 0x0000, 0x0000, 0x0000, 0x0000, 0x0000,
    0x0000, 0x0000, 0x0000, 0x0000, 0x0000, 0x0000, 0x0000, 0x0000, 0x0000, 0x0000, 0x0000, 0x0000, 0x0000, 0x0000, 0x0000, 0x0000,
    0x0000, 0x0000, 0x0000, 0x0000, 0x0000, 0x0000, 0x0000, 0x0000, 0x0000, 0x0000, 0x0000, 0x0000, 0x0000, 0x0000, 0x0000, 0x0000,
    0x0100, 0x0000, 0x0000, 0x8500, 0x560B, 0x9803, 0x9703, 0x9703, 0x9803, 0x9703, 0x9703, 0x9803, 0x9803, 0x9703, 0x9703, 0xB603,
    0x9703, 0x9803, 0x9803, 0x7803, 0x7703, 0xB50B, 0x4901, 0x0000, 0x0000, 0x0000, 0x0000, 0x0000, 0x0000, 0x0000, 0x0000, 0x0000,
    0x0000, 0x0000, 0x0000, 0x0000, 0x0000, 0x0000, 0x0000, 0x0000, 0x0000, 0x0000, 0x0000, 0x0000, 0x0000, 0x0000, 0x0000, 0x0000,
    0x0000, 0x0000, 0x0000, 0x0000, 0x0000, 0x0000, 0x0000, 0x0000, 0x0000, 0x0000, 0x0000, 0x0000, 0x0000, 0x0000, 0x0000, 0x0000,
    0x0000, 0x2000, 0x0000, 0x0008, 0x0008, 0x2000, 0x0000, 0x2000, 0x8512, 0x6A14, 0x8804, 0xA804, 0x8804, 0x8904, 0x8904, 0x8804,
    0x8804, 0x8804, 0x8804, 0x8804, 0x8804, 0x8804, 0x8804, 0x8804, 0xA804, 0x8804, 0xA904, 0x850A, 0x0000, 0x0000, 0x0000, 0x0000,
    0x0000, 0x0000, 0x0000, 0x0000, 0x0000, 0x0000, 0x0000, 0x0000, 0x0000, 0x0000, 0x0000, 0x0000, 0x0000, 0x0000, 0x0000, 0x0000,
    0x0000, 0x0000, 0x0000, 0x0000, 0x0000, 0x0000, 0x0000, 0x0000, 0x0000, 0x0000, 0x0000, 0x0000, 0x0000, 0x0000, 0x0000, 0x0000,
    0x0000, 0x0000, 0x0000, 0x0000, 0x0000, 0x0000, 0x0000, 0x0000, 0x0000, 0x0000, 0x0000, 0x0000, 0x0000, 0x0000, 0x0000, 0x0000,
    0x0000, 0x0000, 0x0000, 0x0000, 0x0000, 0x0000, 0x0000, 0x0000, 0x0000, 0x0000, 0x0000, 0x0000, 0x0000, 0x0000, 0x0000, 0x0000,
    0x0000, 0x0000, 0x0000, 0x0000, 0x0000, 0x0000, 0x0000, 0x0000, 0x0000, 0x0000, 0x0000, 0x0000, 0x0000, 0x0000, 0x0000, 0x0000,
    0x0000, 0x0000, 0x0000, 0x0000, 0x0000, 0x0000, 0x0000, 0x0000, 0x0000, 0x0000, 0x0000, 0x0000, 0x0000, 0x0000, 0x0000, 0x0000,
    0x0000, 0x0000, 0x0000, 0x0000, 0x0000, 0x0000, 0x0000, 0x0000, 0x0000, 0x0000, 0x0000, 0x0000, 0x0000, 0x0000, 0x0000, 0x0000,
    0x0000, 0x0000, 0x0000, 0x0000, 0x0000, 0x0000, 0x0000, 0x0000, 0x0000, 0x0000, 0x0000, 0x0000, 0x0000, 0x0000, 0x0000, 0x0000,
    0x0000, 0x0000, 0x0000, 0x0000, 0x0000, 0x0000, 0x0000, 0x0000, 0x0000, 0x0000, 0x0000, 0x0000, 0x0000, 0x0000, 0x0000, 0x0000,
    0x0000, 0x0000, 0x0000, 0xA400, 0xB703, 0x9703, 0x9703, 0x9803, 0x9703, 0x9703, 0x9703, 0x9703, 0x9703, 0x9703, 0x9703, 0x9703,
    0x9703, 0x9703, 0x9703, 0x9703, 0x9703, 0xB803, 0x5503, 0x8400, 0x0000, 0x2000, 0x2000, 0x0000, 0x0000, 0x0000, 0x0000, 0x0000,
    0x0000, 0x0000, 0x0000, 0x0000, 0x0000, 0x0000, 0x0000, 0x0000, 0x0000, 0x0000, 0x0000, 0x0000, 0x0000, 0x0000, 0x0000, 0x0000,
    0x0000, 0x0000, 0x0000, 0x0000, 0x0000, 0x0000, 0x0000, 0x0000, 0x0000, 0x0000, 0x0000, 0x0000, 0x0000, 0x0000, 0x0000, 0x0000,
    0x0000, 0x0000, 0x0000, 0x0000, 0x0000, 0x0000, 0x0000, 0xA201, 0x2A1C, 0x8904, 0xA804, 0xA804, 0x8804, 0x8904, 0x8904, 0x8804,
    0x8804, 0x8804, 0x8804, 0x8804, 0x8804, 0x8804, 0x8804, 0x8804, 0xA804, 0x8804, 0xA90C, 0x850A, 0x0000, 0x0000, 0x0000, 0x0000,
    0x0000, 0x0000, 0x0000, 0x0000, 0x0000, 0x0000, 0x0000, 0x0000, 0x0000, 0x0000, 0x0000, 0x0000, 0x0000, 0x0000, 0x0000, 0x0000,
    0x0000, 0x0000, 0x0000, 0x0000, 0x0000, 0x0000, 0x0000, 0x0000, 0x0000, 0x0000, 0x0000, 0x0000, 0x0000, 0x0000, 0x0000, 0x0000,
    0x0000, 0x0000, 0x0000, 0x0000, 0x0000, 0x0000, 0x0000, 0x0000, 0x0000, 0x0000, 0x0000, 0x0000, 0x0000, 0x0000, 0x0000, 0x0000,
    0x0000, 0x0000, 0x0000, 0x0000, 0x0000, 0x0000, 0x0000, 0x0000, 0x0000, 0x0000, 0x0000, 0x0000, 0x0000, 0x0000, 0x0000, 0x0000,
    0x0000, 0x0000, 0x0000, 0x0000, 0x0000, 0x0000, 0x0000, 0x0000, 0x0000, 0x0000, 0x0000, 0x0000, 0x0000, 0x0000, 0x0000, 0x0000,
    0x0000, 0x0000, 0x0000, 0x0000, 0x0000, 0x0000, 0x0000, 0x0000, 0x0000, 0x0000, 0x0000, 0x0000, 0x0000, 0x0000, 0x0000, 0x0000,
    0x0000, 0x0000, 0x0000, 0x0000, 0x0000, 0x0000, 0x0000, 0x0000, 0x0000, 0x0000, 0x0000, 0x0000, 0x0000, 0x0000, 0x0000, 0x0000,
    0x0000, 0x0000, 0x0000, 0x0000, 0x0000, 0x0000, 0x0000, 0x0000, 0x0000, 0x0000, 0x0000, 0x0000, 0x0000, 0x0000, 0x0000, 0x0000,
    0x0000, 0x0000, 0x0000, 0x0000, 0x0000, 0x0000, 0x0000, 0x0000, 0x0000, 0x0000, 0x0000, 0x0000, 0x0000, 0x0000, 0x0000, 0x0000,
    0x0000, 0x0000, 0x0000, 0xA400, 0xB703, 0x9703, 0x9703, 0x9803, 0x9703, 0x9703, 0x9703, 0x9703, 0x9703, 0x9703, 0x9703, 0x9703,
    0x9703, 0x9703, 0x9703, 0x9703, 0x9703, 0x7703, 0xB703, 0x6F0A, 0x0200, 0x0000, 0x2000, 0x0000, 0x0000, 0x0000, 0x0000, 0x0000,
    0x0000, 0x0000, 0x0000, 0x0000, 0x0000, 0x0000, 0x0000, 0x0000, 0x0000, 0x0000, 0x0000, 0x0000, 0x0000, 0x0000, 0x0000, 0x0000,
    0x0000, 0x0000, 0x0000, 0x0000, 0x0000, 0x0000, 0x0000, 0x0000, 0x0000, 0x0000, 0x0000, 0x0000, 0x0000, 0x0000, 0x0000, 0x0000,
    0x0000, 0x0000, 0x0000, 0x2000, 0x0000, 0x0000, 0x8000, 0xC80B, 0xA904, 0x8804, 0xC804, 0xA804, 0x8804, 0x8904, 0x8904, 0x8804,
    0x8804, 0x8804, 0x8804, 0x8804, 0x8804, 0x8804, 0x8804, 0x8804, 0xA804, 0x8804, 0xA90C, 0x850A, 0x0000, 0x0000, 0x0000, 0x0000,
    0x0000, 0x0000, 0x0000, 0x0000, 0x0000, 0x0000, 0x0000, 0x0000, 0x0000, 0x0000, 0x0000, 0x0000, 0x0000, 0x0000, 0x0000, 0x0000,
    0x0000, 0x0000, 0x0000, 0x0000, 0x0000, 0x0000, 0x0000, 0x0000, 0x0000, 0x0000, 0x0000, 0x0000, 0x0000, 0x0000, 0x0000, 0x0000,
    0x0000, 0x0000, 0x0000, 0x0000, 0x0000, 0x0000, 0x0000, 0x0000, 0x0000, 0x0000, 0x0000, 0x0000, 0x0000, 0x0000, 0x0000, 0x0000,
    0x0000, 0x0000, 0x0000, 0x0000, 0x0000, 0x0000, 0x0000, 0x0000, 0x0000, 0x0000, 0x0000, 0x0000, 0x0000, 0x0000, 0x0000, 0x0000,
    0x0000, 0x0000, 0x0000, 0x0000, 0x0000, 0x0000, 0x0000, 0x0000, 0x0000, 0x0000, 0x0000, 0x0000, 0x0000, 0x0000, 0x0000, 0x0000,
    0x0000, 0x0000, 0x0000, 0x0000, 0x0000, 0x0000, 0x0000, 0x0000, 0x0000, 0x0000, 0x0000, 0x0000, 0x0000, 0x0000, 0x0000, 0x0000,
    0x0000, 0x0000, 0x0000, 0x0000, 0x0000, 0x0000, 0x0000, 0x0000, 0x0000, 0x0000, 0x0000, 0x0000, 0x0000, 0x0000, 0x0000, 0x0000,
    0x0000, 0x0000, 0x0000, 0x0000, 0x0000, 0x0000, 0x0000, 0x0000, 0x0000, 0x0000, 0x0000, 0x0000, 0x0000, 0x0000, 0x0000, 0x0000,
    0x0000, 0x0000, 0x0000, 0x0000, 0x0000, 0x0000, 0x0000, 0x0000, 0x0000, 0x0000, 0x0000, 0x0000, 0x0000, 0x0000, 0x0000, 0x0000,
    0x0000, 0x0000, 0x0000, 0xA400, 0xB703, 0x9703, 0x9703, 0x9803, 0x9703, 0x9703, 0x9703, 0x9703, 0x9703, 0x9703, 0x9703, 0x9703,
    0x9703, 0x9703, 0x9703, 0x9703, 0x9703, 0x9703, 0x9703, 0xB70B, 0x6A01, 0x0000, 0x0000, 0x2000, 0x0000, 0x0000, 0x0000, 0x0000,
    0x0000, 0x0000, 0x0000, 0x0000, 0x0000, 0x0000, 0x0000, 0x0000, 0x0000, 0x0000, 0x0000, 0x0000, 0x0000, 0x0000, 0x0000, 0x0000,
    0x0000, 0x0000, 0x0000, 0x0000, 0x0000, 0x0000, 0x0000, 0x0000, 0x0000, 0x0000, 0x0000, 0x0000, 0x0000, 0x0000, 0x0000, 0x0000,
    0x0000, 0x0000, 0x0000, 0x0000, 0x0000, 0x0000, 0x850A, 0xA90C, 0x8804, 0xA804, 0xA804, 0x8804, 0x8804, 0x8904, 0x8904, 0x8804,
    0x8804, 0x8804, 0x8804, 0x8804, 0x8804, 0x8804, 0x8804, 0x8804, 0xA804, 0x8804, 0xA90C, 0x850A, 0x0000, 0x0000, 0x0000, 0x0000,
    0x0000, 0x0000, 0x0000, 0x0000, 0x0000, 0x0000, 0x0000, 0x0000, 0x0000, 0x0000, 0x0000, 0x0000, 0x0000, 0x0000, 0x0000, 0x0000,
    0x0000, 0x0000, 0x0000, 0x0000, 0x0000, 0x0000, 0x0000, 0x0000, 0x0000, 0x0000, 0x0000, 0x0000, 0x0000, 0x0000, 0x0000, 0x0000,
    0x0000, 0x0000, 0x0000, 0x0000, 0x0000, 0x0000, 0x0000, 0x0000, 0x0000, 0x0000, 0x0000, 0x0000, 0x0000, 0x0000, 0x0000, 0x0000,
    0x0000, 0x0000, 0x0000, 0x0000, 0x0000, 0x0000, 0x0000, 0x0000, 0x0000, 0x0000, 0x0000, 0x0000, 0x0000, 0x0000, 0x0000, 0x0000,
    0x0000, 0x0000, 0x0000, 0x0000, 0x0000, 0x0000, 0x0000, 0x0000, 0x0000, 0x0000, 0x0000, 0x0000, 0x0000, 0x0000, 0x0000, 0x0000,
    0x0000, 0x0000, 0x0000, 0x0000, 0x0000, 0x0000, 0x0000, 0x0000, 0x0000, 0x0000, 0x0000, 0x0000, 0x0000, 0x0000, 0x0000, 0x0000,
    0x0000, 0x0000, 0x0000, 0x0000, 0x0000, 0x0000, 0x0000, 0x0000, 0x0000, 0x0000, 0x0000, 0x0000, 0x0000, 0x0000, 0x0000, 0x0000,
    0x0000, 0x0000, 0x0000, 0x0000, 0x0000, 0x0000, 0x0000, 0x0000, 0x0000, 0x0000, 0x0000, 0x0000, 0x0000, 0x0000, 0x0000, 0x0000,
    0x0000, 0x0000, 0x0000, 0x0000, 0x0000, 0x0000, 0x0000, 0x0000, 0x0000, 0x0000, 0x0000, 0x0000, 0x0000, 0x0000, 0x0000, 0x0000,
    0x0000, 0x0000, 0x0000, 0xA400, 0xB703, 0x9703, 0x9703, 0x9803, 0x9703, 0x9703, 0x9703, 0x9703, 0x9703, 0x9703, 0x9703, 0x9703,
    0x9703, 0x9703, 0x9703, 0x9703, 0x9703, 0x9703, 0x9703, 0xB803, 0x730B, 0x6400, 0x0000, 0x0000, 0x0000, 0x0000, 0x0000, 0x0000,
    0x0000, 0x0000, 0x0000, 0x0000, 0x0000, 0x0000, 0x0000, 0x0000, 0x0000, 0x0000, 0x0000, 0x0000, 0x0000, 0x0000, 0x0000, 0x0000,
    0x0000, 0x0000, 0x0000, 0x0000, 0x0000, 0x0000, 0x0000, 0x0000, 0x0000, 0x0000, 0x0000, 0x0000, 0x0000, 0x0000, 0x0000, 0x0000,
    0x0000, 0x0000, 0x0000, 0x0000, 0x0000, 0x4201, 0x690C, 0x8804, 0x8804, 0x8804, 0x8804, 0x8804, 0x8804, 0xA904, 0xA804, 0x8804,
    0x8804, 0x8804, 0x8804, 0x8804, 0x8804, 0x8804, 0x8804, 0x8804, 0xA804, 0x8804, 0xA90C, 0x850A, 0x0000, 0x0000, 0x0000, 0x0000,
    0x0000, 0x0000, 0x0000, 0x0000, 0x0000, 0x0000, 0x0000, 0x0000, 0x0000, 0x0000, 0x0000, 0x0000, 0x0000, 0x0000, 0x0000, 0x0000,
    0x0000, 0x0000, 0x0000, 0x0000, 0x0000, 0x0000, 0x0000, 0x0000, 0x0000, 0x0000, 0x0000, 0x0000, 0x0000, 0x0000, 0x0000, 0x0000,
    0x0000, 0x0000, 0x0000, 0x0000, 0x0000, 0x0000, 0x0000, 0x0000, 0x0000, 0x0000, 0x0000, 0x0000, 0x0000, 0x0000, 0x0000, 0x0000,
    0x0000, 0x0000, 0x0000, 0x0000, 0x0000, 0x0000, 0x0000, 0x0000, 0x0000, 0x0000, 0x0000, 0x0000, 0x0000, 0x0000, 0x0000, 0x0000,
    0x0000, 0x0000, 0x0000, 0x0000, 0x0000, 0x0000, 0x0000, 0x0000, 0x0000, 0x0000, 0x0000, 0x0000, 0x0000, 0x0000, 0x0000, 0x0000,
    0x0000, 0x0000, 0x0000, 0x0000, 0x0000, 0x0000, 0x0000, 0x0000, 0x0000, 0x0000, 0x0000, 0x0000, 0x0000, 0x0000, 0x0000, 0x0000,
    0x0000, 0x0000, 0x0000, 0x0000, 0x0000, 0x0000, 0x0000, 0x0000, 0x0000, 0x0000, 0x0000, 0x0000, 0x0000, 0x0000, 0x0000, 0x0000,
    0x0000, 0x0000, 0x0000, 0x0000, 0x0000, 0x0000, 0x0000, 0x0000, 0x0000, 0x0000, 0x0000, 0x0000, 0x0000, 0x0000, 0x0000, 0x0000,
    0x0000, 0x0000, 0x0000, 0x0000, 0x0000, 0x0000, 0x0000, 0x0000, 0x0000, 0x0000, 0x0000, 0x0000, 0x0000, 0x0000, 0x0000, 0x0000,
    0x0000, 0x0000, 0x0000, 0xA400, 0xB703, 0x9703, 0x9703, 0x9803, 0x9703, 0x9703, 0x9703, 0x9703, 0x9703, 0x9703, 0x9703, 0x9703,
    0x9703, 0x9703, 0x9703, 0x9703, 0x9703, 0x9703, 0x9703, 0x7803, 0xD703, 0x6E0A, 0x0100, 0x0000, 0x0000, 0x0000, 0x0000, 0x0000,
    0x0000, 0x0000, 0x0000, 0x0000, 0x0000, 0x0000, 0x0000, 0x0000, 0x0000, 0x0000, 0x0000, 0x0000, 0x0000, 0x0000, 0x0000, 0x0000,
    0x0000, 0x0000, 0x0000, 0x0000, 0x0000, 0x0000, 0x0000, 0x0000, 0x0000, 0x0000, 0x0000, 0x0000, 0x0000, 0x0000, 0x0000, 0x0000,
    0x0000, 0x0000, 0x0000, 0x0000, 0x6000, 0x6713, 0xC904, 0xA804, 0x8804, 0x8804, 0x8804, 0x8804, 0x8804, 0x8804, 0x8804, 0x8804,
    0x8804, 0x8804, 0x8804, 0x8804, 0x8804, 0x8804, 0x8804, 0x8804, 0xA804, 0x8804, 0xA90C, 0x850A, 0x0000, 0x0000, 0x0000, 0x0000,
    0x0000, 0x0000, 0x0000, 0x0000, 0x0000, 0x0000, 0x0000, 0x0000, 0x0000, 0x0000, 0x0000, 0x0000, 0x0000, 0x0000, 0x0000, 0x0000,
    0x0000, 0x0000, 0x0000, 0x0000, 0x0000, 0x0000, 0x0000, 0x0000, 0x0000, 0x0000, 0x0000, 0x0000, 0x0000, 0x0000, 0x0000, 0x0000,
    0x0000, 0x0000, 0x0000, 0x0000, 0x0000, 0x0000, 0x0000, 0x0000, 0x0000, 0x0000, 0x0000, 0x0000, 0x0000, 0x0000, 0x0000, 0x0000,
    0x0000, 0x0000, 0x0000, 0x0000, 0x0000, 0x0000, 0x0000, 0x0000, 0x0000, 0x0000, 0x0000, 0x0000, 0x0000, 0x0000, 0x0000, 0x0000,
    0x0000, 0x0000, 0x0000, 0x0000, 0x0000, 0x0000, 0x0000, 0x0000, 0x0000, 0x0000, 0x0000, 0x0000, 0x0000, 0x0000, 0x0000, 0x0000,
    0x0000, 0x0000, 0x0000, 0x0000, 0x0000, 0x0000, 0x0000, 0x0000, 0x0000, 0x0000, 0x0000, 0x0000, 0x0000, 0x0000, 0x0000, 0x0000,
    0x0000, 0x0000, 0x0000, 0x0000, 0x0000, 0x0000, 0x0000, 0x0000, 0x0000, 0x0000, 0x0000, 0x0000, 0x0000, 0x0000, 0x0000, 0x0000,
    0x0000, 0x0000, 0x0000, 0x0000, 0x0000, 0x0000, 0x0000, 0x0000, 0x0000, 0x0000, 0x0000, 0x0000, 0x0000, 0x0000, 0x0000, 0x0000,
    0x0000, 0x0000, 0x0000, 0x0000, 0x0000, 0x0000, 0x0000, 0x0000, 0x0000, 0x0000, 0x0000, 0x0000, 0x0000, 0x0000, 0x0000, 0x0000,
    0x0000, 0x0000, 0x0000, 0xA400, 0xB703, 0x9703, 0x9703, 0x9803, 0x9703, 0x9703, 0x9703, 0x9703, 0x9703, 0x9703, 0x9703, 0x9703,
    0x9703, 0x9703, 0x9703, 0x9703, 0x9703, 0x9703, 0x9703, 0x7703, 0x9703, 0xB50B, 0x2809, 0x0000, 0x0000, 0x0000, 0x0000, 0x0000,
    0x0000, 0x0000, 0x0000, 0x0000, 0x0000, 0x0000, 0x0000, 0x0000, 0x0000, 0x0000, 0x0000, 0x0000, 0x0000, 0x0000, 0x0000, 0x0000,
    0x0000, 0x0000, 0x0000, 0x0000, 0x0000, 0x0000, 0x0000, 0x0000, 0x0000, 0x0000, 0x0000, 0x0000, 0x0000, 0x0000, 0x0000, 0x0000,
    0x0000, 0x0000, 0x0000, 0x0000, 0x440A, 0xA904, 0x8804, 0xA804, 0x8904, 0x8904, 0x8904, 0x8904, 0x8804, 0x8804, 0x8804, 0x8804,
    0x8804, 0x8804, 0x8804, 0x8804, 0x8804, 0x8804, 0x8804, 0x8804, 0xA804, 0x8804, 0xA90C, 0x850A, 0x0000, 0x0000, 0x0000, 0x0000,
    0x0000, 0x0000, 0x0000, 0x0000, 0x0000, 0x0000, 0x0000, 0x0000, 0x0000, 0x0000, 0x0000, 0x0000, 0x0000, 0x0000, 0x0000, 0x0000,
    0x0000, 0x0000, 0x0000, 0x0000, 0x0000, 0x0000, 0x0000, 0x0000, 0x0000, 0x0000, 0x0000, 0x0000, 0x0000, 0x0000, 0x0000, 0x0000,
    0x0000, 0x0000, 0x0000, 0x0000, 0x0000, 0x0000, 0x0000, 0x0000, 0x0000, 0x0000, 0x0000, 0x0000, 0x0000, 0x0000, 0x0000, 0x0000,
    0x0000, 0x0000, 0x0000, 0x0000, 0x0000, 0x0000, 0x0000, 0x0000, 0x0000, 0x0000, 0x0000, 0x0000, 0x0000, 0x0000, 0x0000, 0x0000,
    0x0000, 0x0000, 0x0000, 0x0000, 0x0000, 0x0000, 0x0000, 0x0000, 0x0000, 0x0000, 0x0000, 0x0000, 0x0000, 0x0000, 0x0000, 0x0000,
    0x0000, 0x0000, 0x0000, 0x0000, 0x0000, 0x0000, 0x0000, 0x0000, 0x0000, 0x0000, 0x0000, 0x0000, 0x0000, 0x0000, 0x0000, 0x0000,
    0x0000, 0x0000, 0x0000, 0x0000, 0x0000, 0x0000, 0x0000, 0x0000, 0x0000, 0x0000, 0x0000, 0x0000, 0x0000, 0x0000, 0x0000, 0x0000,
    0x0000, 0x0000, 0x0000, 0x0000, 0x0000, 0x0000, 0x0000, 0x0000, 0x0000, 0x0000, 0x0000, 0x0000, 0x0000, 0x0000, 0x0000, 0x0000,
    0x0000, 0x0000, 0x0000, 0x0000, 0x0000, 0x0000, 0x0000, 0x0000, 0x0000, 0x0000, 0x0000, 0x0000, 0x0000, 0x0000, 0x0000, 0x0000,
    0x0000, 0x0000, 0x0000, 0xA400, 0xB703, 0x9703, 0x9703, 0x9803, 0x9703, 0x9703, 0x9703, 0x9703, 0x9703, 0x9703, 0x9703, 0x9703,
    0x9703, 0x9703, 0x9703, 0x9703, 0x9703, 0x9703, 0x9703, 0x7703, 0x7803, 0xB803, 0xF20A, 0x4200, 0x2000, 0x2000, 0x0100, 0x0000,
    0x0000, 0x0000, 0x0000, 0x0000, 0x0000, 0x0000, 0x0000, 0x0000, 0x0000, 0x0000, 0x0000, 0x0000, 0x0000, 0x0000, 0x0000, 0x0000,
    0x0000, 0x0000, 0x0000, 0x0000, 0x0000, 0x0000, 0x0000, 0x0000, 0x0000, 0x0000, 0x0000, 0x0000, 0x0000, 0x0000, 0x0000, 0x0000,
    0x0000, 0x0008, 0x0000, 0xE000, 0x280C, 0x8804, 0x8804, 0x8804, 0xA804, 0x8804, 0x8804, 0x8804, 0x8804, 0x8804, 0x8804, 0x8804,
    0x8804, 0x8804, 0x8804, 0x8804, 0x8804, 0x8804, 0x8804, 0x8804, 0xA804, 0x8804, 0xA90C, 0x850A, 0x0000, 0x0000, 0x0000, 0x0000,
    0x0000, 0x0000, 0x0000, 0x0000, 0x0000, 0x0000, 0x0000, 0x0000, 0x0000, 0x0000, 0x0000, 0x0000, 0x0000, 0x0000, 0x0000, 0x0000,
    0x0000, 0x0000, 0x0000, 0x0000, 0x0000, 0x0000, 0x0000, 0x0000, 0x0000, 0x0000, 0x0000, 0x0000, 0x0000, 0x0000, 0x0000, 0x0000,
    0x0000, 0x0000, 0x0000, 0x0000, 0x0000, 0x0000, 0x0000, 0x0000, 0x0000, 0x0000, 0x0000, 0x0000, 0x0000, 0x0000, 0x0000, 0x0000,
    0x0000, 0x0000, 0x0000, 0x0000, 0x0000, 0x0000, 0x0000, 0x0000, 0x0000, 0x0000, 0x0000, 0x0000, 0x0000, 0x0000, 0x0000, 0x0000,
    0x0000, 0x0000, 0x0000, 0x0000, 0x0000, 0x0000, 0x0000, 0x0000, 0x0000, 0x0000, 0x0000, 0x0000, 0x0000, 0x0000, 0x0000, 0x0000,
    0x0000, 0x0000, 0x0000, 0x0000, 0x0000, 0x0000, 0x0000, 0x0000, 0x0000, 0x0000, 0x0000, 0x0000, 0x0000, 0x0000, 0x0000, 0x0000,
    0x0000, 0x0000, 0x0000, 0x0000, 0x0000, 0x0000, 0x0000, 0x0000, 0x0000, 0x0000, 0x0000, 0x0000, 0x0000, 0x0000, 0x0000, 0x0000,
    0x0000, 0x0000, 0x0000, 0x0000, 0x0000, 0x0000, 0x0000, 0x0000, 0x0000, 0x0000, 0x0000, 0x0000, 0x0000, 0x0000, 0x0000, 0x0000,
    0x0000, 0x0000, 0x0000, 0x0000, 0x0000, 0x0000, 0x0000, 0x0000, 0x0000, 0x0000, 0x0000, 0x0000, 0x0000, 0x0000, 0x0000, 0x0000,
    0x0000, 0x0000, 0x0000, 0xA400, 0xB703, 0x9703, 0x9703, 0x9803, 0x9703, 0x9703, 0x9703, 0x9703, 0x9703, 0x9703, 0x9703, 0x9703,
    0x9703, 0x9703, 0x9703, 0x9703, 0x9703, 0x9703, 0x9703, 0x9803, 0x9703, 0x7703, 0xB803, 0xCC01, 0x0000, 0x2000, 0x0100, 0x0000,
    0x0000, 0x0000, 0x0000, 0x0000, 0x0000, 0x0000, 0x0000, 0x0000, 0x0000, 0x0000, 0x0000, 0x0000, 0x0000, 0x0000, 0x0000, 0x0000,
    0x0000, 0x0000, 0x0000, 0x0000, 0x0000, 0x0000, 0x0000, 0x0000, 0x0000, 0x0000, 0x0000, 0x0000, 0x0000, 0x0000, 0x0000, 0x0000,
    0x0000, 0x0008, 0x0000, 0xE50A, 0xA804, 0x8804, 0x8904, 0x8804, 0x8804, 0x8804, 0x8804, 0x8804, 0x8804, 0x8804, 0x8804, 0x8804,
    0x8804, 0x8804, 0x8804, 0x8804, 0x8804, 0x8804, 0x8804, 0x8804, 0xA804, 0x8804, 0xA90C, 0x850A, 0x0000, 0x0000, 0x0000, 0x0000,
    0x0000, 0x0000, 0x0000, 0x0000, 0x0000, 0x0000, 0x0000, 0x0000, 0x0000, 0x0000, 0x0000, 0x0000, 0x0000, 0x0000, 0x0000, 0x0000,
    0x0000, 0x0000, 0x0000, 0x0000, 0x0000, 0x0000, 0x0000, 0x0000, 0x0000, 0x0000, 0x0000, 0x0000, 0x0000, 0x0000, 0x0000, 0x0000,
    0x0000, 0x0000, 0x0000, 0x0000, 0x0000, 0x0000, 0x0000, 0x0000, 0x0000, 0x0000, 0x0000, 0x0000, 0x0000, 0x0000, 0x0000, 0x0000,
    0x0000, 0x0000, 0x0000, 0x0000, 0x0000, 0x0000, 0x0000, 0x0000, 0x0000, 0x0000, 0x0000, 0x0000, 0x0000, 0x0000, 0x0000, 0x0000,
    0x0000, 0x0000, 0x0000, 0x0000, 0x0000, 0x0000, 0x0000, 0x0000, 0x0000, 0x0000, 0x0000, 0x0000, 0x0000, 0x0000, 0x0000, 0x0000,
    0x0000, 0x0000, 0x0000, 0x0000, 0x0000, 0x0000, 0x0000, 0x0000, 0x0000, 0x0000, 0x0000, 0x0000, 0x0000, 0x0000, 0x0000, 0x0000,
    0x0000, 0x0000, 0x0000, 0x0000, 0x0000, 0x0000, 0x0000, 0x0000, 0x0000, 0x0000, 0x0000, 0x0000, 0x0000, 0x0000, 0x0000, 0x0000,
    0x0000, 0x0000, 0x0000, 0x0000, 0x0000, 0x0000, 0x0000, 0x0000, 0x0000, 0x0000, 0x0000, 0x0000, 0x0000, 0x0000, 0x0000, 0x0000,
    0x0000, 0x0000, 0x0000, 0x0000, 0x0000, 0x0000, 0x0000, 0x0000, 0x0000, 0x0000, 0x0000, 0x0000, 0x0000, 0x0000, 0x0000, 0x0000,
    0x0000, 0x0000, 0x0000, 0xA400, 0xB703, 0x9703, 0x9703, 0x9803, 0x9703, 0x9703, 0x9703, 0x9703, 0x9703, 0x9703, 0x9703, 0x9703,
    0x9703, 0x9703, 0x9703, 0x9703, 0x9703, 0x9703, 0x9703, 0x9803, 0x9603, 0x7603, 0xB903, 0x550B, 0x8400, 0x0000, 0x0000, 0x0000,
    0x0000, 0x0000, 0x0000, 0x0000, 0x0000, 0x0000, 0x0000, 0x0000, 0x0000, 0x0000, 0x0000, 0x0000, 0x0000, 0x0000, 0x0000, 0x0000,
    0x0000, 0x0000, 0x0000, 0x0000, 0x0000, 0x0000, 0x0000, 0x0000, 0x0000, 0x0000, 0x0000, 0x0000, 0x0000, 0x0000, 0x0000, 0x0000,
    0x0000, 0x0000, 0x4201, 0x490C, 0x8804, 0xA804, 0x8804, 0x8804, 0x8804, 0x8804, 0x8804, 0x8804, 0x8804, 0x8804, 0x8804, 0x8804,
    0x8804, 0x8804, 0x8804, 0x8804, 0x8804, 0x8804, 0x8804, 0x8804, 0xA804, 0x8804, 0xA90C, 0x850A, 0x0000, 0x0000, 0x0000, 0x0000,
    0x0000, 0x0000, 0x0000, 0x0000, 0x0000, 0x0000, 0x0000, 0x0000, 0x0000, 0x0000, 0x0000, 0x0000, 0x0000, 0x0000, 0x0000, 0x0000,
    0x0000, 0x0000, 0x0000, 0x0000, 0x0000, 0x0000, 0x0000, 0x0000, 0x0000, 0x0000, 0x0000, 0x0000, 0x0000, 0x0000, 0x0000, 0x0000,
    0x0000, 0x0000, 0x0000, 0x0000, 0x0000, 0x0000, 0x0000, 0x0000, 0x0000, 0x0000, 0x0000, 0x0000, 0x0000, 0x0000, 0x0000, 0x0000,
    0x0000, 0x0000, 0x0000, 0x0000, 0x0000, 0x0000, 0x0000, 0x0000, 0x0000, 0x0000, 0x0000, 0x0000, 0x0000, 0x0000, 0x0000, 0x0000,
    0x0000, 0x0000, 0x0000, 0x0000, 0x0000, 0x0000, 0x0000, 0x0000, 0x0000, 0x0000, 0x0000, 0x0000, 0x0000, 0x0000, 0x0000, 0x0000,
    0x0000, 0x0000, 0x0000, 0x0000, 0x0000, 0x0000, 0x0000, 0x0000, 0x0000, 0x0000, 0x0000, 0x0000, 0x0000, 0x0000, 0x0000, 0x0000,
    0x0000, 0x0000, 0x0000, 0x0000, 0x0000, 0x0000, 0x0000, 0x0000, 0x0000, 0x0000, 0x0000, 0x0000, 0x0000, 0x0000, 0x0000, 0x0000,
    0x0000, 0x0000, 0x0000, 0x0000, 0x0000, 0x0000, 0x0000, 0x0000, 0x0000, 0x0000, 0x0000, 0x0000, 0x0000, 0x0000, 0x0000, 0x0000,
    0x0000, 0x0000, 0x0000, 0x0000, 0x0000, 0x0000, 0x0000, 0x0000, 0x0000, 0x0000, 0x0000, 0x0000, 0x0000, 0x0000, 0x0000, 0x0000,
    0x0000, 0x0000, 0x0000, 0xA400, 0xB703, 0x9703, 0x9703, 0x9803, 0x9703, 0x9703, 0x9703, 0x9703, 0x9703, 0x9703, 0x9703, 0x9703,
    0x9703, 0x9703, 0x9703, 0x9703, 0x9703, 0x9703, 0x9703, 0x9803, 0x7703, 0x9703, 0x9803, 0x970B, 0x2D0A, 0x0100, 0x0000, 0x0000,
    0x0000, 0x0000, 0x0000, 0x0000, 0x0000, 0x0000, 0x0000, 0x0000, 0x0000, 0x0000, 0x0000, 0x0000, 0x0000, 0x0000, 0x0000, 0x0000,
    0x0000, 0x0000, 0x0000, 0x0000, 0x0000, 0x0000, 0x0000, 0x0000, 0x0000, 0x0000, 0x0000, 0x0000, 0x0000, 0x0000, 0x0000, 0x0000,
    0x0000, 0x2000, 0x470B, 0xA904, 0x8804, 0xA804, 0x8804, 0x8804, 0x8804, 0x8804, 0x8804, 0x8804, 0x8804, 0x8804, 0x8804, 0x8804,
    0x8804, 0x8804, 0x8804, 0x8804, 0x8804, 0x8804, 0x8804, 0x8804, 0xA804, 0x8804, 0xA90C, 0x850A, 0x0000, 0x0000, 0x0000, 0x0000,
    0x0000, 0x0000, 0x0000, 0x0000, 0x0000, 0x0000, 0x0000, 0x0000, 0x0000, 0x0000, 0x0000, 0x0000, 0x0000, 0x0000, 0x0000, 0x0000,
    0x0000, 0x0000, 0x0000, 0x0000, 0x0000, 0x0000, 0x0000, 0x0000, 0x0000, 0x0000, 0x0000, 0x0000, 0x0000, 0x0000, 0x0000, 0x0000,
    0x0000, 0x0000, 0x0000, 0x0000, 0x0000, 0x0000, 0x0000, 0x0000, 0x0000, 0x0000, 0x0000, 0x0000, 0x0000, 0x0000, 0x0000, 0x0000,
    0x0000, 0x0000, 0x0000, 0x0000, 0x0000, 0x0000, 0x0000, 0x0000, 0x0000, 0x0000, 0x0000, 0x0000, 0x0000, 0x0000, 0x0000, 0x0000,
    0x0000, 0x0000, 0x0000, 0x0000, 0x0000, 0x0000, 0x0000, 0x0000, 0x0000, 0x0000, 0x0000, 0x0000, 0x0000, 0x0000, 0x0000, 0x0000,
    0x0000, 0x0000, 0x0000, 0x0000, 0x0000, 0x0000, 0x0000, 0x0000, 0x0000, 0x0000, 0x0000, 0x0000, 0x0000, 0x0000, 0x0000, 0x0000,
    0x0000, 0x0000, 0x0000, 0x0000, 0x0000, 0x0000, 0x0000, 0x0000, 0x0000, 0x0000, 0x0000, 0x0000, 0x0000, 0x0000, 0x0000, 0x0000,
    0x0000, 0x0000, 0x0000, 0x0000, 0x0000, 0x0000, 0x0000, 0x0000, 0x0000, 0x0000, 0x0000, 0x0000, 0x0000, 0x0000, 0x0000, 0x0000,
    0x0000, 0x0000, 0x0000, 0x0000, 0x0000, 0x0000, 0x0000, 0x0000, 0x0000, 0x0000, 0x0000, 0x0000, 0x0000, 0x0000, 0x0000, 0x0000,
    0x0000, 0x0000, 0x0000, 0xA400, 0xB703, 0x9703, 0x9703, 0x9803, 0x9703, 0x9703, 0x9703, 0x9703, 0x9703, 0x9703, 0x9703, 0x9703,
    0x9703, 0x9703, 0x9703, 0x9703, 0x9703, 0x9703, 0x9703, 0x9803, 0x9703, 0x9703, 0x9703, 0x9803, 0x750B, 0xC600, 0x0000, 0x0000,
    0x0000, 0x0000, 0x0000, 0x0000, 0x0000, 0x0000, 0x0000, 0x0000, 0x0000, 0x0000, 0x0000, 0x0000, 0x0000, 0x0000, 0x0000, 0x0000,
    0x0000, 0x0000, 0x0000, 0x0000, 0x0000, 0x0000, 0x0000, 0x0000, 0x0000, 0x0000, 0x0000, 0x0000, 0x0000, 0x0000, 0x0000, 0x0000,
    0x0000, 0x6209, 0x6A0C, 0xA804, 0x8804, 0x8804, 0x8804, 0x8804, 0x8804, 0x8804, 0x8804, 0x8804, 0x8804, 0x8804, 0x8804, 0x8804,
    0x8804, 0x8804, 0x8804, 0x8804, 0x8804, 0x8804, 0x8804, 0x8804, 0xA804, 0x8804, 0xA90C, 0x850A, 0x0000, 0x0000, 0x0000, 0x0000,
    0x0000, 0x0000, 0x0000, 0x0000, 0x0000, 0x0000, 0x0000, 0x0000, 0x0000, 0x0000, 0x0000, 0x0000, 0x0000, 0x0000, 0x0000, 0x0000,
    0x0000, 0x0000, 0x0000, 0x0000, 0x0000, 0x0000, 0x0000, 0x0000, 0x0000, 0x0000, 0x0000, 0x0000, 0x0000, 0x0000, 0x0000, 0x0000,
    0x0000, 0x0000, 0x0000, 0x0000, 0x0000, 0x0000, 0x0000, 0x0000, 0x0000, 0x0000, 0x0000, 0x0000, 0x0000, 0x0000, 0x0000, 0x0000,
    0x0000, 0x0000, 0x0000, 0x0000, 0x0000, 0x0000, 0x0000, 0x0000, 0x0000, 0x0000, 0x0000, 0x0000, 0x0000, 0x0000, 0x0000, 0x0000,
    0x0000, 0x0000, 0x0000, 0x0000, 0x0000, 0x0000, 0x0000, 0x0000, 0x0000, 0x0000, 0x0000, 0x0000, 0x0000, 0x0000, 0x0000, 0x0000,
    0x0000, 0x0000, 0x0000, 0x0000, 0x0000, 0x0000, 0x0000, 0x0000, 0x0000, 0x0000, 0x0000, 0x0000, 0x0000, 0x0000, 0x0000, 0x0000,
    0x0000, 0x0000, 0x0000, 0x0000, 0x0000, 0x0000, 0x0000, 0x0000, 0x0000, 0x0000, 0x0000, 0x0000, 0x0000, 0x0000, 0x0000, 0x0000,
    0x0000, 0x0000, 0x0000, 0x0000, 0x0000, 0x0000, 0x0000, 0x0000, 0x0000, 0x0000, 0x0000, 0x0000, 0x0000, 0x0000, 0x0000, 0x0000,
    0x0000, 0x0000, 0x0000, 0x0000, 0x0000, 0x0000, 0x0000, 0x0000, 0x0000, 0x0000, 0x0000, 0x0000, 0x0000, 0x0000, 0x0000, 0x0000,
    0x0000, 0x0000, 0x0000, 0xA400, 0xB703, 0x9703, 0x9703, 0x9803, 0x9703, 0x9703, 0x9703, 0x9703, 0x9703, 0x9703, 0x9703, 0x9703,
    0x9703, 0x9703, 0x9703, 0x9703, 0x9703, 0x9703, 0x9703, 0x9703, 0x9803, 0x9703, 0x9703, 0x9803, 0xB803, 0x6F12, 0x0100, 0x0000,
    0x0000, 0x0000, 0x0000, 0x0000, 0x0000, 0x0000, 0x0000, 0x0000, 0x0000, 0x0000, 0x0000, 0x0000, 0x0000, 0x0000, 0x0000, 0x0000,
    0x0000, 0x0000, 0x0000, 0x0000, 0x0000, 0x0000, 0x0000, 0x0000, 0x0000, 0x0000, 0x0000, 0x0000, 0x0000, 0x0000, 0x0000, 0x0000,
    0x2000, 0x4713, 0xA904, 0x8804, 0xA804, 0x8804, 0x8804, 0x8804, 0x8804, 0x8804, 0x8804, 0x8804, 0x8804, 0x8804, 0x8804, 0x8804,
    0x8804, 0x8804, 0x8804, 0x8804, 0x8804, 0x8804, 0x8804, 0x8804, 0xA804, 0x8804, 0xA90C, 0x850A, 0x0000, 0x0000, 0x0000, 0x0000,
    0x0000, 0x0000, 0x0000, 0x0000, 0x0000, 0x0000, 0x0000, 0x0000, 0x0000, 0x0000, 0x0000, 0x0000, 0x0000, 0x0000, 0x0000, 0x0000,
    0x0000, 0x0000, 0x0000, 0x0000, 0x0000, 0x0000, 0x0000, 0x0000, 0x0000, 0x0000, 0x0000, 0x0000, 0x0000, 0x0000, 0x0000, 0x0000,
    0x0000, 0x0000, 0x0000, 0x0000, 0x0000, 0x0000, 0x0000, 0x0000, 0x0000, 0x0000, 0x0000, 0x0000, 0x0000, 0x0000, 0x0000, 0x0000,
    0x0000, 0x0000, 0x0000, 0x0000, 0x0000, 0x0000, 0x0000, 0x0000, 0x0000, 0x0000, 0x0000, 0x0000, 0x0000, 0x0000, 0x0000, 0x0000,
    0x0000, 0x0000, 0x0000, 0x0000, 0x0000, 0x0000, 0x0000, 0x0000, 0x0000, 0x0000, 0x0000, 0x0000, 0x0000, 0x0000, 0x0000, 0x0000,
    0x0000, 0x0000, 0x0000, 0x0000, 0x0000, 0x0000, 0x0000, 0x0000, 0x0000, 0x0000, 0x0000, 0x0000, 0x0000, 0x0000, 0x0000, 0x0000,
    0x0000, 0x0000, 0x0000, 0x0000, 0x0000, 0x0000, 0x0000, 0x0000, 0x0000, 0x0000, 0x0000, 0x0000, 0x0000, 0x0000, 0x0000, 0x0000,
    0x0000, 0x0000, 0x0000, 0x0000, 0x0000, 0x0000, 0x0000, 0x0000, 0x0000, 0x0000, 0x0000, 0x0000, 0x0000, 0x0000, 0x0000, 0x0000,
    0x0000, 0x0000, 0x0000, 0x0000, 0x0000, 0x0000, 0x0000, 0x0000, 0x0000, 0x0000, 0x0000, 0x0000, 0x0000, 0x0000, 0x0000, 0x0000,
    0x0000, 0x0000, 0x0000, 0xA400, 0xB703, 0x9703, 0x9703, 0x9803, 0x9703, 0x9703, 0x9703, 0x9703, 0x9703, 0x9703, 0x9703, 0x9703,
    0x9703, 0x9703, 0x9703, 0x9703, 0x9703, 0x9703, 0x9703, 0x9703, 0xB803, 0x9703, 0x9703, 0xB803, 0x9903, 0x950B, 0x0701, 0x0000,
    0x0000, 0x0000, 0x0000, 0x0000, 0x0000, 0x0000, 0x0000, 0x0000, 0x0000, 0x0000, 0x0000, 0x0000, 0x0000, 0x0000, 0x0000, 0x0000,
    0x0000, 0x0000, 0x0000, 0x0000, 0x0000, 0x0000, 0x0000, 0x0000, 0x0000, 0x0000, 0x0000, 0x0000, 0x0000, 0x0000, 0x0000, 0x0000,
    0xC309, 0x890C, 0x8804, 0x8804, 0x8904, 0x8904, 0x8804, 0x8804, 0x8804, 0x8804, 0x8804, 0x8804, 0x8804, 0x8804, 0x8804, 0x8804,
    0x8804, 0x8804, 0x8804, 0x8804, 0x8804, 0x8804, 0x8804, 0x8804, 0xA804, 0x8804, 0xA90C, 0x850A, 0x0000, 0x0000, 0x0000, 0x0000,
    0x0000, 0x0000, 0x0000, 0x0000, 0x0000, 0x0000, 0x0000, 0x0000, 0x0000, 0x0000, 0x0000, 0x0000, 0x0000, 0x0000, 0x0000, 0x0000,
    0x0000, 0x0000, 0x0000, 0x0000, 0x0000, 0x0000, 0x0000, 0x0000, 0x0000, 0x0000, 0x0000, 0x0000, 0x0000, 0x0000, 0x0000, 0x0000,
    0x0000, 0x0000, 0x0000, 0x0000, 0x0000, 0x0000, 0x0000, 0x0000, 0x0000, 0x0000, 0x0000, 0x0000, 0x0000, 0x0000, 0x0000, 0x0000,
    0x0000, 0x0000, 0x0000, 0x0000, 0x0000, 0x0000, 0x0000, 0x0000, 0x0000, 0x0000, 0x0000, 0x0000, 0x0000, 0x0000, 0x0000, 0x0000,
    0x0000, 0x0000, 0x0000, 0x0000, 0x0000, 0x0000, 0x0000, 0x0000, 0x0000, 0x0000, 0x0000, 0x0000, 0x0000, 0x0000, 0x0000, 0x0000,
    0x0000, 0x0000, 0x0000, 0x0000, 0x0000, 0x0000, 0x0000, 0x0000, 0x0000, 0x0000, 0x0000, 0x0000, 0x0000, 0x0000, 0x0000, 0x0000,
    0x0000, 0x0000, 0x0000, 0x0000, 0x0000, 0x0000, 0x0000, 0x0000, 0x0000, 0x0000, 0x0000, 0x0000, 0x0000, 0x0000, 0x0000, 0x0000,
    0x0000, 0x0000, 0x0000, 0x0000, 0x0000, 0x0000, 0x0000, 0x0000, 0x0000, 0x0000, 0x0000, 0x0000, 0x0000, 0x0000, 0x0000, 0x0000,
    0x0000, 0x0000, 0x0000, 0x0000, 0x0000, 0x0000, 0x0000, 0x0000, 0x0000, 0x0000, 0x0000, 0x0000, 0x0000, 0x0000, 0x0000, 0x0000,
    0x0000, 0x0000, 0x0000, 0xA400, 0xB703, 0x9703, 0x9703, 0x9803, 0x9703, 0x9703, 0x9703, 0x9703, 0x9703, 0x9703, 0x9703, 0x9703,
    0x9703, 0x9703, 0x9703, 0x9703, 0x9703, 0x9703, 0x9703, 0x9703, 0x9803, 0x9703, 0x9703, 0x9803, 0x9803, 0xB803, 0x900A, 0x2200,
    0x0100, 0x0000, 0x0000, 0x0000, 0x0000, 0x0000, 0x0000, 0x0000, 0x0000, 0x0000, 0x0000, 0x0000, 0x0000, 0x0000, 0x0000, 0x0000,
    0x0000, 0x0000, 0x0000, 0x0000, 0x0000, 0x0000, 0x0000, 0x0000, 0x0000, 0x0000, 0x0000, 0x0000, 0x0000, 0x0000, 0x0000, 0x2000,
    0x680B, 0xC804, 0x8704, 0x8804, 0x8904, 0xA904, 0x8804, 0x8804, 0x8804, 0x8804, 0x8804, 0x8804, 0x8804, 0x8804, 0x8804, 0x8804,
    0x8804, 0x8804, 0x8804, 0x8804, 0x8804, 0x8804, 0x8804, 0x8804, 0xA804, 0x8804, 0xA90C, 0x850A, 0x0000, 0x0000, 0x0000, 0x0000,
    0x0000, 0x0000, 0x0000, 0x0000, 0x0000, 0x0000, 0x0000, 0x0000, 0x0000, 0x0000, 0x0000, 0x0000, 0x0000, 0x0000, 0x0000, 0x0000,
    0x0000, 0x0000, 0x0000, 0x0000, 0x0000, 0x0000, 0x0000, 0x0000, 0x0000, 0x0000, 0x0000, 0x0000, 0x0000, 0x0000, 0x0000, 0x0000,
    0x0000, 0x0000, 0x0000, 0x0000, 0x0000, 0x0000, 0x0000, 0x0000, 0x0000, 0x0000, 0x0000, 0x0000, 0x0000, 0x0000, 0x0000, 0x0000,
    0x0000, 0x0000, 0x0000, 0x0000, 0x0000, 0x0000, 0x0000, 0x0000, 0x0000, 0x0000, 0x0000, 0x0000, 0x0000, 0x0000, 0x0000, 0x0000,
    0x0000, 0x0000, 0x0000, 0x0000, 0x0000, 0x0000, 0x0000, 0x0000, 0x0000, 0x0000, 0x0000, 0x0000, 0x0000, 0x0000, 0x0000, 0x0000,
    0x0000, 0x0000, 0x0000, 0x0000, 0x0000, 0x0000, 0x0000, 0x0000, 0x0000, 0x0000, 0x0000, 0x0000, 0x0000, 0x0000, 0x0000, 0x0000,
    0x0000, 0x0000, 0x0000, 0x0000, 0x0000, 0x0000, 0x0000, 0x0000, 0x0000, 0x0000, 0x0000, 0x0000, 0x0000, 0x0000, 0x0000, 0x0000,
    0x0000, 0x0000, 0x0000, 0x0000, 0x0000, 0x0000, 0x0000, 0x0000, 0x0000, 0x0000, 0x0000, 0x0000, 0x0000, 0x0000, 0x0000, 0x0000,
    0x0000, 0x0000, 0x0000, 0x0000, 0x0000, 0x0000, 0x0000, 0x0000, 0x0000, 0x0000, 0x0000, 0x0000, 0x0000, 0x0000, 0x0000, 0x0000,
    0x0000, 0x0000, 0x0000, 0xA400, 0xB703, 0x9703, 0x9703, 0x9803, 0x9703, 0x9703, 0x9703, 0x9703, 0x9703, 0x9703, 0x9703, 0x9703,
    0x9703, 0x9703, 0x9703, 0x9703, 0x9703, 0x9703, 0x9703, 0x9703, 0x9703, 0xB703, 0x9703, 0x9703, 0x9703, 0x9803, 0x9613, 0x2709,
    0x0100, 0x0000, 0x0000, 0x0000, 0x0000, 0x0000, 0x0000, 0x0000, 0x0000, 0x0000, 0x0000, 0x0000, 0x0000, 0x0000, 0x0000, 0x0000,
    0x0000, 0x0000, 0x0000, 0x0000, 0x0000, 0x0000, 0x0000, 0x0000, 0x0000, 0x0000, 0x0000, 0x0000, 0x2000, 0x0000, 0x0000, 0xA201,
    0x890C, 0x8804, 0x8804, 0x8804, 0x8804, 0xA804, 0x8804, 0x8804, 0x8804, 0x8804, 0x8804, 0x8804, 0x8804, 0x8804, 0x8804, 0x8804,
    0x8804, 0x8804, 0x8804, 0x8804, 0x8804, 0x8804, 0x8804, 0x8804, 0xA804, 0x8804, 0xA90C, 0x850A, 0x0000, 0x0000, 0x0000, 0x0000,
    0x0000, 0x0000, 0x0000, 0x0000, 0x0000, 0x0000, 0x0000, 0x0000, 0x0000, 0x0000, 0x0000, 0x0000, 0x0000, 0x0000, 0x0000, 0x0000,
    0x0000, 0x0000, 0x0000, 0x0000, 0x0000, 0x0000, 0x0000, 0x0000, 0x0000, 0x0000, 0x0000, 0x0000, 0x0000, 0x0000, 0x0000, 0x0000,
    0x0000, 0x0000, 0x0000, 0x0000, 0x0000, 0x0000, 0x0000, 0x0000, 0x0000, 0x0000, 0x0000, 0x0000, 0x0000, 0x0000, 0x0000, 0x0000,
    0x0000, 0x0000, 0x0000, 0x0000, 0x0000, 0x0000, 0x0000, 0x0000, 0x0000, 0x0000, 0x0000, 0x0000, 0x0000, 0x0000, 0x0000, 0x0000,
    0x0000, 0x0000, 0x0000, 0x0000, 0x0000, 0x0000, 0x0000, 0x0000, 0x0000, 0x0000, 0x0000, 0x0000, 0x0000, 0x0000, 0x0000, 0x0000,
    0x0000, 0x0000, 0x0000, 0x0000, 0x0000, 0x0000, 0x0000, 0x0000, 0x0000, 0x0000, 0x0000, 0x0000, 0x0000, 0x0000, 0x0000, 0x0000,
    0x0000, 0x0000, 0x0000, 0x0000, 0x0000, 0x0000, 0x0000, 0x0000, 0x0000, 0x0000, 0x0000, 0x0000, 0x0000, 0x0000, 0x0000, 0x0000,
    0x0000, 0x0000, 0x0000, 0x0000, 0x0000, 0x0000, 0x0000, 0x0000, 0x0000, 0x0000, 0x0000, 0x0000, 0x0000, 0x0000, 0x0000, 0x0000,
    0x0000, 0x0000, 0x0000, 0x0000, 0x0000, 0x0000, 0x0000, 0x0000, 0x0000, 0x0000, 0x0000, 0x0000, 0x0000, 0x0000, 0x0000, 0x0000,
    0x0000, 0x0000, 0x0000, 0xA400, 0xB703, 0x9703, 0x9703, 0x9803, 0x9703, 0x9703, 0x9703, 0x9703, 0x9703, 0x9703, 0x9703, 0x9703,
    0x9703, 0x9703, 0x9703, 0x9703, 0x9703, 0x9703, 0x9703, 0x9703, 0x9703, 0x9703, 0x9703, 0x9703, 0x9703, 0x9703, 0xD803, 0x900A,
    0x0100, 0x0100, 0x0000, 0x0000, 0x0000, 0x0000, 0x0000, 0x0000, 0x0000, 0x0000, 0x0000, 0x0000, 0x0000, 0x0000, 0x0000, 0x0000,
    0x0000, 0x0000, 0x0000, 0x0000, 0x0000, 0x0000, 0x0000, 0x0000, 0x0000, 0x0000, 0x0000, 0x0000, 0x2000, 0x0000, 0x2000, 0x670B,
    0xA904, 0x6804, 0x8804, 0x8804, 0x8804, 0x8804, 0x8804, 0x8804, 0x8804, 0x8804, 0x8804, 0x8804, 0x8804, 0x8804, 0x8804, 0x8804,
    0x8804, 0x8804, 0x8804, 0x8804, 0x8804, 0x8804, 0x8804, 0x8804, 0xA804, 0x8804, 0xA90C, 0x850A, 0x0000, 0x0000, 0x0000, 0x0000,
    0x0000, 0x0000, 0x0000, 0x0000, 0x0000, 0x0000, 0x0000, 0x0000, 0x0000, 0x0000, 0x0000, 0x0000, 0x0000, 0x0000, 0x0000, 0x0000,
    0x0000, 0x0000, 0x0000, 0x0000, 0x0000, 0x0000, 0x0000, 0x0000, 0x0000, 0x0000, 0x0000, 0x0000, 0x0000, 0x0000, 0x0000, 0x0000,
    0x0000, 0x0000, 0x0000, 0x0000, 0x0000, 0x0000, 0x0000, 0x0000, 0x0000, 0x0000, 0x0000, 0x0000, 0x0000, 0x0000, 0x0000, 0x0000,
    0x0000, 0x0000, 0x0000, 0x0000, 0x0000, 0x0000, 0x0000, 0x0000, 0x0000, 0x0000, 0x0000, 0x0000, 0x0000, 0x0000, 0x0000, 0x0000,
    0x0000, 0x0000, 0x0000, 0x0000, 0x0000, 0x0000, 0x0000, 0x0000, 0x0000, 0x0000, 0x0000, 0x0000, 0x0000, 0x0000, 0x0000, 0x0000,
    0x0000, 0x0000, 0x0000, 0x0000, 0x0000, 0x0000, 0x0000, 0x0000, 0x0000, 0x0000, 0x0000, 0x0000, 0x0000, 0x0000, 0x0000, 0x0000,
    0x0000, 0x0000, 0x0000, 0x0000, 0x0000, 0x0000, 0x0000, 0x0000, 0x0000, 0x0000, 0x0000, 0x0000, 0x0000, 0x0000, 0x0000, 0x0000,
    0x0000, 0x0000, 0x0000, 0x0000, 0x0000, 0x0000, 0x0000, 0x0000, 0x0000, 0x0000, 0x0000, 0x0000, 0x0000, 0x0000, 0x0000, 0x0000,
    0x0000, 0x0000, 0x0000, 0x0000, 0x0000, 0x0000, 0x0000, 0x0000, 0x0000, 0x0000, 0x0000, 0x0000, 0x0000, 0x0000, 0x0000, 0x0000,
    0x0000, 0x0000, 0x0000, 0xA400, 0xB703, 0x9703, 0x9703, 0x9803, 0x9703, 0x9703, 0x9703, 0x9703, 0x9703, 0x9703, 0x9703, 0x9703,
    0x9703, 0x9703, 0x9703, 0x9703, 0x9703, 0x9703, 0x9703, 0x9703, 0x9703, 0x9703, 0x9703, 0x9703, 0x9703, 0x9703, 0x9703, 0x950B,
    0xE708, 0x0000, 0x2000, 0x0000, 0x0000, 0x0000, 0x0000, 0x0000, 0x0000, 0x0000, 0x0000, 0x0000, 0x0000, 0x0000, 0x0000, 0x0000,
    0x0000, 0x0000, 0x0000, 0x0000, 0x0000, 0x0000, 0x0000, 0x0000, 0x0000, 0x0000, 0x0000, 0x0000, 0x2000, 0x0000, 0x6201, 0x6914,
    0x8804, 0x8804, 0xA804, 0x8804, 0x8804, 0x8804, 0x8804, 0x8804, 0x8804, 0x8804, 0x8804, 0x8804, 0x8804, 0x8804, 0x8804, 0x8804,
    0x8804, 0x8804, 0x8804, 0x8804, 0x8804, 0x8804, 0x8804, 0x8804, 0xA804, 0x8804, 0xA90C, 0x850A, 0x0000, 0x0000, 0x0000, 0x0000,
    0x0000, 0x0000, 0x0000, 0x0000, 0x0000, 0x0000, 0x0000, 0x0000, 0x0000, 0x0000, 0x0000, 0x0000, 0x0000, 0x0000, 0x0000, 0x0000,
    0x0000, 0x0000, 0x0000, 0x0000, 0x0000, 0x0000, 0x0000, 0x0000, 0x0000, 0x0000, 0x0000, 0x0000, 0x0000, 0x0000, 0x0000, 0x0000,
    0x0000, 0x0000, 0x0000, 0x0000, 0x0000, 0x0000, 0x0000, 0x0000, 0x0000, 0x0000, 0x0000, 0x0000, 0x0000, 0x0000, 0x0000, 0x0000,
    0x0000, 0x0000, 0x0000, 0x0000, 0x0000, 0x0000, 0x0000, 0x0000, 0x0000, 0x0000, 0x0000, 0x0000, 0x0000, 0x0000, 0x0000, 0x0000,
    0x0000, 0x0000, 0x0000, 0x0000, 0x0000, 0x0000, 0x0000, 0x0000, 0x0000, 0x0000, 0x0000, 0x0000, 0x0000, 0x0000, 0x0000, 0x0000,
    0x0000, 0x0000, 0x0000, 0x0000, 0x0000, 0x0000, 0x0000, 0x0000, 0x0000, 0x0000, 0x0000, 0x0000, 0x0000, 0x0000, 0x0000, 0x0000,
    0x0000, 0x0000, 0x0000, 0x0000, 0x0000, 0x0000, 0x0000, 0x0000, 0x0000, 0x0000, 0x0000, 0x0000, 0x0000, 0x0000, 0x0000, 0x0000,
    0x0000, 0x0000, 0x0000, 0x0000, 0x0000, 0x0000, 0x0000, 0x0000, 0x0000, 0x0000, 0x0000, 0x0000, 0x0000, 0x0000, 0x0000, 0x0000,
    0x0000, 0x0000, 0x0000, 0x0000, 0x0000, 0x0000, 0x0000, 0x0000, 0x0000, 0x0000, 0x0000, 0x0000, 0x0000, 0x0000, 0x0000, 0x0000,
    0x0000, 0x0000, 0x0000, 0xA400, 0xB703, 0x9703, 0x9703, 0x9803, 0x9703, 0x9703, 0x9703, 0x9703, 0x9703, 0x9703, 0x9703, 0x9703,
    0x9703, 0x9703, 0x9703, 0x9703, 0x9703, 0x9703, 0x9703, 0x9703, 0x9703, 0x9703, 0x9703, 0x9703, 0x9703, 0x9703, 0x9703, 0xD703,
    0x6F0A, 0x0100, 0x2000, 0x0000, 0x0000, 0x0000, 0x0000, 0x0000, 0x0000, 0x0000, 0x0000, 0x0000, 0x0000, 0x0000, 0x0000, 0x0000,
    0x0000, 0x0000, 0x0000, 0x0000, 0x0000, 0x0000, 0x0000, 0x0000, 0x0000, 0x0000, 0x0000, 0x0000, 0x0000, 0x2000, 0x260B, 0xA904,
    0x8804, 0x8804, 0x8804, 0x8804, 0x8804, 0x8804, 0x8804, 0x8804, 0x8804, 0x8804, 0x8804, 0x8804, 0x8804, 0x8804, 0x8804, 0x8804,
    0x8804, 0x8804, 0x8804, 0x8804, 0x8804, 0x8804, 0x8804, 0x8804, 0xA804, 0x8804, 0xA90C, 0x850A, 0x0000, 0x0000, 0x0000, 0x0000,
    0x0000, 0x0000, 0x0000, 0x0000, 0x0000, 0x0000, 0x0000, 0x0000, 0x0000, 0x0000, 0x0000, 0x0000, 0x0000, 0x0000, 0x0000, 0x0000,
    0x0000, 0x0000, 0x0000, 0x0000, 0x0000, 0x0000, 0x0000, 0x0000, 0x0000, 0x0000, 0x0000, 0x0000, 0x0000, 0x0000, 0x0000, 0x0000,
    0x0000, 0x0000, 0x0000, 0x0000, 0x0000, 0x0000, 0x0000, 0x0000, 0x0000, 0x0000, 0x0000, 0x0000, 0x0000, 0x0000, 0x0000, 0x0000,
    0x0000, 0x0000, 0x0000, 0x0000, 0x0000, 0x0000, 0x0000, 0x0000, 0x0000, 0x0000, 0x0000, 0x0000, 0x0000, 0x0000, 0x0000, 0x0000,
    0x0000, 0x0000, 0x0000, 0x0000, 0x0000, 0x0000, 0x0000, 0x0000, 0x0000, 0x0000, 0x0000, 0x0000, 0x0000, 0x0000, 0x0000, 0x0000,
    0x0000, 0x0000, 0x0000, 0x0000, 0x0000, 0x0000, 0x0000, 0x0000, 0x0000, 0x0000, 0x0000, 0x0000, 0x0000, 0x0000, 0x0000, 0x0000,
    0x0000, 0x0000, 0x0000, 0x0000, 0x0000, 0x0000, 0x0000, 0x0000, 0x0000, 0x0000, 0x0000, 0x0000, 0x0000, 0x0000, 0x0000, 0x0000,
    0x0000, 0x0000, 0x0000, 0x0000, 0x0000, 0x0000, 0x0000, 0x0000, 0x0000, 0x0000, 0x0000, 0x0000, 0x0000, 0x0000, 0x0000, 0x0000,
    0x0000, 0x0000, 0x0000, 0x0000, 0x0000, 0x0000, 0x0000, 0x0000, 0x0000, 0x0000, 0x0000, 0x0000, 0x0000, 0x0000, 0x0000, 0x0000,
    0x0000, 0x0000, 0x0000, 0xA400, 0xB703, 0x9703, 0x9703, 0x9803, 0x9703, 0x9703, 0x9703, 0x9703, 0x9703, 0x9703, 0x9703, 0x9703,
    0x9703, 0x9703, 0x9703, 0x9703, 0x9703, 0x9703, 0x9703, 0x9703, 0x9703, 0x9703, 0x9703, 0x9703, 0x9703, 0x9703, 0x9703, 0xB703,
    0x760B, 0xC500, 0x0000, 0x0000, 0x0000, 0x0000, 0x0000, 0x0000, 0x0000, 0x0000, 0x0000, 0x0000, 0x0000, 0x0000, 0x0000, 0x0000,
    0x0000, 0x0000, 0x0000, 0x0000, 0x0000, 0x0000, 0x0000, 0x0000, 0x0000, 0x0000, 0x0000, 0x0000, 0x0000, 0x2101, 0x690C, 0xA804,
    0x8804, 0x8804, 0x8804, 0x8804, 0x8804, 0x8804, 0x8804, 0x8804, 0x8804, 0x8804, 0x8804, 0x8804, 0x8804, 0x8804, 0x8804, 0x8804,
    0x8804, 0x8804, 0x8804, 0x8804, 0x8804, 0x8804, 0x8804, 0x8804, 0xA804, 0x8804, 0xA90C, 0x850A, 0x0000, 0x0000, 0x0000, 0x0000,
    0x0000, 0x0000, 0x0000, 0x0000, 0x0000, 0x0000, 0x0000, 0x0000, 0x0000, 0x0000, 0x0000, 0x0000, 0x0000, 0x0000, 0x0000, 0x0000,
    0x0000, 0x0000, 0x0000, 0x0000, 0x0000, 0x0000, 0x0000, 0x0000, 0x0000, 0x0000, 0x0000, 0x0000, 0x0000, 0x0000, 0x0000, 0x0000,
    0x0000, 0x0000, 0x0000, 0x0000, 0x0000, 0x0000, 0x0000, 0x0000, 0x0000, 0x0000, 0x0000, 0x0000, 0x0000, 0x0000, 0x0000, 0x0000,
    0x0000, 0x0000, 0x0000, 0x0000, 0x0000, 0x0000, 0x0000, 0x0000, 0x0000, 0x0000, 0x0000, 0x0000, 0x0000, 0x0000, 0x0000, 0x0000,
    0x0000, 0x0000, 0x0000, 0x0000, 0x0000, 0x0000, 0x0000, 0x0000, 0x0000, 0x0000, 0x0000, 0x0000, 0x0000, 0x0000, 0x0000, 0x0000,
    0x0000, 0x0000, 0x0000, 0x0000, 0x0000, 0x0000, 0x0000, 0x0000, 0x0000, 0x0000, 0x0000, 0x0000, 0x0000, 0x0000, 0x0000, 0x0000,
    0x0000, 0x0000, 0x0000, 0x0000, 0x0000, 0x0000, 0x0000, 0x0000, 0x0000, 0x0000, 0x0000, 0x0000, 0x0000, 0x0000, 0x0000, 0x0000,
    0x0000, 0x0000, 0x0000, 0x0000, 0x0000, 0x0000, 0x0000, 0x0000, 0x0000, 0x0000, 0x0000, 0x0000, 0x0000, 0x0000, 0x0000, 0x0000,
    0x0000, 0x0000, 0x0000, 0x0000, 0x0000, 0x0000, 0x0000, 0x0000, 0x0000, 0x0000, 0x0000, 0x0000, 0x0000, 0x0000, 0x0000, 0x0000,
    0x0000, 0x0000, 0x0000, 0xA400, 0xB703, 0x9703, 0x9703, 0x9803, 0x9703, 0x9703, 0x9703, 0x9703, 0x9703, 0x9703, 0x9703, 0x9703,
    0x9703, 0x9703, 0x9703, 0x9703, 0x9703, 0x9703, 0x9703, 0x9703, 0x9703, 0x9703, 0x9703, 0x9703, 0x9703, 0x9703, 0x9703, 0x9803,
    0xB803, 0x2D0A, 0x0000, 0x0100, 0x0000, 0x0000, 0x0000, 0x0000, 0x0000, 0x0000, 0x0000, 0x0000, 0x0000, 0x0000, 0x0000, 0x0000,
    0x0000, 0x0000, 0x0000, 0x0000, 0x0000, 0x0000, 0x0000, 0x0000, 0x0000, 0x0000, 0x0000, 0x0000, 0x0000, 0xC50A, 0xC904, 0x8804,
    0x8804, 0x8804, 0x8804, 0x8804, 0x8804, 0x8804, 0x8804, 0x8804, 0x8804, 0x8804, 0x8804, 0x8804, 0x8804, 0x8804, 0x8804, 0x8804,
    0x8804, 0x8804, 0x8804, 0x8804, 0x8804, 0x8804, 0x8804, 0x8804, 0xA804, 0x8804, 0xA90C, 0x850A, 0x0000, 0x0000, 0x0000, 0x0000,
    0x0000, 0x0000, 0x0000, 0x0000, 0x0000, 0x0000, 0x0000, 0x0000, 0x0000, 0x0000, 0x0000, 0x0000, 0x0000, 0x0000, 0x0000, 0x0000,
    0x0000, 0x0000, 0x0000, 0x0000, 0x0000, 0x0000, 0x0000, 0x0000, 0x0000, 0x0000, 0x0000, 0x0000, 0x0000, 0x0000, 0x0000, 0x0000,
    0x0000, 0x0000, 0x0000, 0x0000, 0x0000, 0x0000, 0x0000, 0x0000, 0x0000, 0x0000, 0x0000, 0x0000, 0x0000, 0x0000, 0x0000, 0x0000,
    0x0000, 0x0000, 0x0000, 0x0000, 0x0000, 0x0000, 0x0000, 0x0000, 0x0000, 0x0000, 0x0000, 0x0000, 0x0000, 0x0000, 0x0000, 0x0000,
    0x0000, 0x0000, 0x0000, 0x0000, 0x0000, 0x0000, 0x0000, 0x0000, 0x0000, 0x0000, 0x0000, 0x0000, 0x0000, 0x0000, 0x0000, 0x0000,
    0x0000, 0x0000, 0x0000, 0x0000, 0x0000, 0x0000, 0x0000, 0x0000, 0x0000, 0x0000, 0x0000, 0x0000, 0x0000, 0x0000, 0x0000, 0x0000,
    0x0000, 0x0000, 0x0000, 0x0000, 0x0000, 0x0000, 0x0000, 0x0000, 0x0000, 0x0000, 0x0000, 0x0000, 0x0000, 0x0000, 0x0000, 0x0000,
    0x0000, 0x0000, 0x0000, 0x0000, 0x0000, 0x0000, 0x0000, 0x0000, 0x0000, 0x0000, 0x0000, 0x0000, 0x0000, 0x0000, 0x0000, 0x0000,
    0x0000, 0x0000, 0x0000, 0x0000, 0x0000, 0x0000, 0x0000, 0x0000, 0x0000, 0x0000, 0x0000, 0x0000, 0x0000, 0x0000, 0x0000, 0x0000,
    0x0000, 0x0000, 0x0000, 0xA400, 0xB703, 0x9703, 0x9703, 0x9803, 0x9703, 0x9703, 0x9703, 0x9703, 0x9703, 0x9703, 0x9703, 0x9703,
    0x9703, 0x9703, 0x9703, 0x9703, 0x9703, 0x9703, 0x9703, 0x9703, 0x9703, 0x9703, 0x9703, 0x9703, 0x9703, 0x9703, 0x9803, 0x7703,
    0xB703, 0x5413, 0x6400, 0x0100, 0x0000, 0x0000, 0x0000, 0x0000, 0x0000, 0x0000, 0x0000, 0x0000, 0x0000, 0x0000, 0x0000, 0x0000,
    0x0000, 0x0000, 0x0000, 0x0000, 0x0000, 0x0000, 0x0000, 0x0000, 0x0000, 0x0000, 0x0000, 0x0000, 0xA000, 0x290C, 0xA804, 0x8804,
    0x8804, 0x8804, 0x8804, 0x8804, 0x8804, 0xA804, 0xA804, 0x8804, 0x8804, 0x8804, 0x8804, 0x8804, 0x8804, 0xA804, 0xA804, 0xA804,
    0x8804, 0x8804, 0x8804, 0x8804, 0x8804, 0x8804, 0x8804, 0x8804, 0xA804, 0x8804, 0xA90C, 0x850A, 0x0000, 0x0000, 0x0000, 0x0000,
    0x0000, 0x0000, 0x0000, 0x0000, 0x0000, 0x0000, 0x0000, 0x0000, 0x0000, 0x0000, 0x0000, 0x0000, 0x0000, 0x0000, 0x0000, 0x0000,
    0x0000, 0x0000, 0x0000, 0x0000, 0x0000, 0x0000, 0x0000, 0x0000, 0x0000, 0x0000, 0x0000, 0x0000, 0x0000, 0x0000, 0x0000, 0x0000,
    0x0000, 0x0000, 0x0000, 0x0000, 0x0000, 0x0000, 0x0000, 0x0000, 0x0000, 0x0000, 0x0000, 0x0000, 0x0000, 0x0000, 0x0000, 0x0000,
    0x0000, 0x0000, 0x0000, 0x0000, 0x0000, 0x0000, 0x0000, 0x0000, 0x0000, 0x0000, 0x0000, 0x0000, 0x0000, 0x0000, 0x0000, 0x0000,
    0x0000, 0x0000, 0x0000, 0x0000, 0x0000, 0x0000, 0x0000, 0x0000, 0x0000, 0x0000, 0x0000, 0x0000, 0x0000, 0x0000, 0x0000, 0x0000,
    0x0000, 0x0000, 0x0000, 0x0000, 0x0000, 0x0000, 0x0000, 0x0000, 0x0000, 0x0000, 0x0000, 0x0000, 0x0000, 0x0000, 0x0000, 0x0000,
    0x0000, 0x0000, 0x0000, 0x0000, 0x0000, 0x0000, 0x0000, 0x0000, 0x0000, 0x0000, 0x0000, 0x0000, 0x0000, 0x0000, 0x0000, 0x0000,
    0x0000, 0x0000, 0x0000, 0x0000, 0x0000, 0x0000, 0x0000, 0x0000, 0x0000, 0x0000, 0x0000, 0x0000, 0x0000, 0x0000, 0x0000, 0x0000,
    0x0000, 0x0000, 0x0000, 0x0000, 0x0000, 0x0000, 0x0000, 0x0000, 0x0000, 0x0000, 0x0000, 0x0000, 0x0000, 0x0000, 0x0000, 0x0000,
    0x0000, 0x0000, 0x0000, 0xA400, 0xB703, 0x9703, 0x9703, 0x9803, 0x9703, 0x9703, 0x9703, 0x9703, 0x9703, 0x9703, 0x9703, 0x9703,
    0x9703, 0x9703, 0x9703, 0x9703, 0x9703, 0x9703, 0x9703, 0x9703, 0x9703, 0x9703, 0x9703, 0x9703, 0x9703, 0x9703, 0x9803, 0x9703,
    0xB603, 0xB70B, 0xAC09, 0x0000, 0x0000, 0x0000, 0x0000, 0x0000, 0x0000, 0x0000, 0x0000, 0x0000, 0x0000, 0x0000, 0x0000, 0x0000,
    0x0000, 0x0000, 0x0000, 0x0000, 0x0000, 0x0000, 0x0000, 0x0000, 0x0000, 0x0000, 0x0000, 0x0000, 0x0402, 0xCA04, 0x8704, 0x8804,
    0x8804, 0x8804, 0x8804, 0x8804, 0x8804, 0xA804, 0xA804, 0xA804, 0xA904, 0xA904, 0x8804, 0x8804, 0xA804, 0x4804, 0xE70B, 0x0804,
    0xA904, 0x8804, 0x8804, 0x8804, 0x8804, 0x8804, 0x8804, 0x8804, 0xA804, 0x8804, 0xA90C, 0x850A, 0x0000, 0x0000, 0x0000, 0x0000,
    0x0000, 0x0000, 0x0000, 0x0000, 0x0000, 0x0000, 0x0000, 0x0000, 0x0000, 0x0000, 0x0000, 0x0000, 0x0000, 0x0000, 0x0000, 0x0000,
    0x0000, 0x0000, 0x0000, 0x0000, 0x0000, 0x0000, 0x0000, 0x0000, 0x0000, 0x0000, 0x0000, 0x0000, 0x0000, 0x0000, 0x0000, 0x0000,
    0x0000, 0x0000, 0x0000, 0x0000, 0x0000, 0x0000, 0x0000, 0x0000, 0x0000, 0x0000, 0x0000, 0x0000, 0x0000, 0x0000, 0x0000, 0x0000,
    0x0000, 0x0000, 0x0000, 0x0000, 0x0000, 0x0000, 0x0000, 0x0000, 0x0000, 0x0000, 0x0000, 0x0000, 0x0000, 0x0000, 0x0000, 0x0000,
    0x0000, 0x0000, 0x0000, 0x0000, 0x0000, 0x0000, 0x0000, 0x0000, 0x0000, 0x0000, 0x0000, 0x0000, 0x0000, 0x0000, 0x0000, 0x0000,
    0x0000, 0x0000, 0x0000, 0x0000, 0x0000, 0x0000, 0x0000, 0x0000, 0x0000, 0x0000, 0x0000, 0x0000, 0x0000, 0x0000, 0x0000, 0x0000,
    0x0000, 0x0000, 0x0000, 0x0000, 0x0000, 0x0000, 0x0000, 0x0000, 0x0000, 0x0000, 0x0000, 0x0000, 0x0000, 0x0000, 0x0000, 0x0000,
    0x0000, 0x0000, 0x0000, 0x0000, 0x0000, 0x0000, 0x0000, 0x0000, 0x0000, 0x0000, 0x0000, 0x0000, 0x0000, 0x0000, 0x0000, 0x0000,
    0x0000, 0x0000, 0x0000, 0x0000, 0x0000, 0x0000, 0x0000, 0x0000, 0x0000, 0x0000, 0x0000, 0x0000, 0x0000, 0x0000, 0x0000, 0x0000,
    0x0000, 0x0000, 0x0000, 0xA400, 0xB703, 0x9703, 0x9703, 0x9803, 0x9703, 0x9703, 0x9703, 0x9703, 0x9703, 0x9703, 0x9703, 0x9703,
    0x9703, 0x9703, 0x9703, 0x9703, 0x9703, 0x9703, 0x9703, 0x9703, 0x9703, 0x9703, 0x9703, 0x9703, 0x9703, 0x9703, 0x9703, 0x9803,
    0xB603, 0xD703, 0xF30A, 0x2200, 0x0000, 0x2100, 0x0000, 0x0000, 0x0000, 0x0000, 0x0000, 0x0000, 0x0000, 0x0000, 0x0000, 0x0000,
    0x0000, 0x0000, 0x0000, 0x0000, 0x0000, 0x0000, 0x0000, 0x0000, 0x0000, 0x2000, 0x0000, 0x2000, 0x8603, 0xC904, 0x8804, 0x8804,
    0x8804, 0xA804, 0xA804, 0x8804, 0x8804, 0x8804, 0xA904, 0x690C, 0x8703, 0xC703, 0x690C, 0x8804, 0xC904, 0x4503, 0xE832, 0x8A3B,
    0xA703, 0xA904, 0xA804, 0x8904, 0x690C, 0x8804, 0xA804, 0x8804, 0xA804, 0x8804, 0xA90C, 0x850A, 0x0000, 0x0000, 0x0000, 0x0000,
    0x0000, 0x0000, 0x0000, 0x0000, 0x0000, 0x0000, 0x0000, 0x0000, 0x0000, 0x0000, 0x0000, 0x0000, 0x0000, 0x0000, 0x0000, 0x0000,
    0x0000, 0x0000, 0x0000, 0x0000, 0x0000, 0x0000, 0x0000, 0x0000, 0x0000, 0x0000, 0x0000, 0x0000, 0x0000, 0x0000, 0x0000, 0x0000,
    0x0000, 0x0000, 0x0000, 0x0000, 0x0000, 0x0000, 0x0000, 0x0000, 0x0000, 0x0000, 0x0000, 0x0000, 0x0000, 0x0000, 0x0000, 0x0000,
    0x0000, 0x0000, 0x0000, 0x0000, 0x0000, 0x0000, 0x0000, 0x0000, 0x0000, 0x0000, 0x0000, 0x0000, 0x0000, 0x0000, 0x0000, 0x0000,
    0x0000, 0x0000, 0x0000, 0x0000, 0x0000, 0x0000, 0x0000, 0x0000, 0x0000, 0x0000, 0x0000, 0x0000, 0x0000, 0x0000, 0x0000, 0x0000,
    0x0000, 0x0000, 0x0000, 0x0000, 0x0000, 0x0000, 0x0000, 0x0000, 0x0000, 0x0000, 0x0000, 0x0000, 0x0000, 0x0000, 0x0000, 0x0000,
    0x0000, 0x0000, 0x0000, 0x0000, 0x0000, 0x0000, 0x0000, 0x0000, 0x0000, 0x0000, 0x0000, 0x0000, 0x0000, 0x0000, 0x0000, 0x0000,
    0x0000, 0x0000, 0x0000, 0x0000, 0x0000, 0x0000, 0x0000, 0x0000, 0x0000, 0x0000, 0x0000, 0x0000, 0x0000, 0x0000, 0x0000, 0x0000,
    0x0000, 0x0000, 0x0000, 0x0000, 0x0000, 0x0000, 0x0000, 0x0000, 0x0000, 0x0000, 0x0000, 0x0000, 0x0000, 0x0000, 0x0000, 0x0000,
    0x0000, 0x0000, 0x0000, 0xA400, 0xB703, 0x9703, 0x9703, 0x9803, 0x9703, 0x9703, 0x9703, 0x9703, 0x9703, 0x9703, 0x9703, 0x9703,
    0x9703, 0x9703, 0x9703, 0x9703, 0x9703, 0x9703, 0x9703, 0x9703, 0x9703, 0x9703, 0x9703, 0x9703, 0x9703, 0x9703, 0x7703, 0x9803,
    0xB703, 0xB603, 0xB70B, 0x0801, 0x0000, 0x2000, 0x0000, 0x0000, 0x0000, 0x0000, 0x0000, 0x0000, 0x0000, 0x0000, 0x0000, 0x0000,
    0x0000, 0x0000, 0x0000, 0x0000, 0x0000, 0x0000, 0x0000, 0x0000, 0x0000, 0x0000, 0x0000, 0x2201, 0x690C, 0xA804, 0x8804, 0x8804,
    0x8804, 0x8804, 0xA804, 0xA804, 0x8804, 0x8804, 0x490C, 0xE722, 0xD184, 0x8E64, 0x6703, 0xA90C, 0x6804, 0x4914, 0x4713, 0x738D,
    0x8A3B, 0x0804, 0xA904, 0x8904, 0xA804, 0x8804, 0x8804, 0x8804, 0xA804, 0x8804, 0xA90C, 0x850A, 0x0000, 0x0000, 0x0000, 0x0000,
    0x0000, 0x0000, 0x0000, 0x0000, 0x0000, 0x0000, 0x0000, 0x0000, 0x0000, 0x0000, 0x0000, 0x0000, 0x0000, 0x0000, 0x0000, 0x0000,
    0x0000, 0x0000, 0x0000, 0x0000, 0x0000, 0x0000, 0x0000, 0x0000, 0x0000, 0x0000, 0x0000, 0x0000, 0x0000, 0x0000, 0x0000, 0x0000,
    0x0000, 0x0000, 0x0000, 0x0000, 0x0000, 0x0000, 0x0000, 0x0000, 0x0000, 0x0000, 0x0000, 0x0000, 0x0000, 0x0000, 0x0000, 0x0000,
    0x0000, 0x0000, 0x0000, 0x0000, 0x0000, 0x0000, 0x0000, 0x0000, 0x0000, 0x0000, 0x0000, 0x0000, 0x0000, 0x0000, 0x0000, 0x0000,
    0x0000, 0x0000, 0x0000, 0x0000, 0x0000, 0x0000, 0x0000, 0x0000, 0x0000, 0x0000, 0x0000, 0x0000, 0x0000, 0x0000, 0x0000, 0x0000,
    0x0000, 0x0000, 0x0000, 0x0000, 0x0000, 0x0000, 0x0000, 0x0000, 0x0000, 0x0000, 0x0000, 0x0000, 0x0000, 0x0000, 0x0000, 0x0000,
    0x0000, 0x0000, 0x0000, 0x0000, 0x0000, 0x0000, 0x0000, 0x0000, 0x0000, 0x0000, 0x0000, 0x0000, 0x0000, 0x0000, 0x0000, 0x0000,
    0x0000, 0x0000, 0x0000, 0x0000, 0x0000, 0x0000, 0x0000, 0x0000, 0x0000, 0x0000, 0x0000, 0x0000, 0x0000, 0x0000, 0x0000, 0x0000,
    0x0000, 0x0000, 0x0000, 0x0000, 0x0000, 0x0000, 0x0000, 0x0000, 0x0000, 0x0000, 0x0000, 0x0000, 0x0000, 0x0000, 0x0000, 0x0000,
    0x0000, 0x0000, 0x0000, 0xA400, 0xB703, 0x9703, 0x9703, 0x9803, 0x9703, 0x9703, 0x9703, 0x9703, 0x9703, 0x9703, 0x9703, 0x9703,
    0x9703, 0x9703, 0x9703, 0x9703, 0x9703, 0x9703, 0x9703, 0x9703, 0x9703, 0x9703, 0x9703, 0x9703, 0x9703, 0x9703, 0x9703, 0x9703,
    0x9803, 0x9703, 0xB703, 0x4E0A, 0x0100, 0x0000, 0x0000, 0x0000, 0x0000, 0x0000, 0x0000, 0x0000, 0x0000, 0x0000, 0x0000, 0x0000,
    0x0000, 0x0000, 0x0000, 0x0000, 0x0000, 0x0000, 0x0000, 0x0000, 0x0000, 0x0000, 0x0000, 0xA50A, 0xA904, 0xA804, 0x8804, 0x8804,
    0x8804, 0x8804, 0x8804, 0xA804, 0xA804, 0x890C, 0x460B, 0x749D, 0xFFFF, 0xFFFF, 0xCA3B, 0x2804, 0xA904, 0xA904, 0x4804, 0x4933,
    0xD5B5, 0x2613, 0x8904, 0x8904, 0xC804, 0xA804, 0x6804, 0x8804, 0xA804, 0x8804, 0xA90C, 0x850A, 0x0000, 0x0000, 0x0000, 0x0000,
    0x0000, 0x0000, 0x0000, 0x0000, 0x0000, 0x0000, 0x0000, 0x0000, 0x0000, 0x0000, 0x0000, 0x0000, 0x0000, 0x0000, 0x0000, 0x0000,
    0x0000, 0x0000, 0x0000, 0x0000, 0x0000, 0x0000, 0x0000, 0x0000, 0x0000, 0x0000, 0x0000, 0x0000, 0x0000, 0x0000, 0x0000, 0x0000,
    0x0000, 0x0000, 0x0000, 0x0000, 0x0000, 0x0000, 0x0000, 0x0000, 0x0000, 0x0000, 0x0000, 0x0000, 0x0000, 0x0000, 0x0000, 0x0000,
    0x0000, 0x0000, 0x0000, 0x0000, 0x0000, 0x0000, 0x0000, 0x0000, 0x0000, 0x0000, 0x0000, 0x0000, 0x0000, 0x0000, 0x0000, 0x0000,
    0x0000, 0x0000, 0x0000, 0x0000, 0x0000, 0x0000, 0x0000, 0x0000, 0x0000, 0x0000, 0x0000, 0x0000, 0x0000, 0x0000, 0x0000, 0x0000,
    0x0000, 0x0000, 0x0000, 0x0000, 0x0000, 0x0000, 0x0000, 0x0000, 0x0000, 0x0000, 0x0000, 0x0000, 0x0000, 0x0000, 0x0000, 0x0000,
    0x0000, 0x0000, 0x0000, 0x0000, 0x0000, 0x0000, 0x0000, 0x0000, 0x0000, 0x0000, 0x0000, 0x0000, 0x0000, 0x0000, 0x0000, 0x0000,
    0x0000, 0x0000, 0x0000, 0x0000, 0x0000, 0x0000, 0x0000, 0x0000, 0x0000, 0x0000, 0x0000, 0x0000, 0x0000, 0x0000, 0x0000, 0x0000,
    0x0000, 0x0000, 0x0000, 0x0000, 0x0000, 0x0000, 0x0000, 0x0000, 0x0000, 0x0000, 0x0000, 0x0000, 0x0000, 0x0000, 0x0000, 0x0000,
    0x0000, 0x0000, 0x0000, 0xA400, 0xB703, 0x9703, 0x9703, 0x9803, 0x9703, 0x9703, 0x9703, 0x9703, 0x9703, 0x9703, 0x9703, 0x9703,
    0x9703, 0x9703, 0x9703, 0x9703, 0x9703, 0x9703, 0x9703, 0x9703, 0x9703, 0x9703, 0x9703, 0x9703, 0x9703, 0x9703, 0x9703, 0x9703,
    0x9803, 0x9703, 0x9703, 0x540B, 0x8400, 0x0000, 0x0000, 0x0000, 0x0000, 0x0000, 0x0000, 0x0000, 0x0000, 0x0000, 0x0000, 0x0000,
    0x0000, 0x0000, 0x0000, 0x0000, 0x0000, 0x0000, 0x0000, 0x0000, 0x2000, 0x0000, 0x8000, 0xE80B, 0xA804, 0xA804, 0x8804, 0x8804,
    0xA804, 0x6804, 0x8804, 0xA804, 0xA804, 0x890C, 0x461B, 0x7CE7, 0xF7B5, 0x3395, 0x2C4C, 0xE703, 0xA804, 0x8804, 0xEA04, 0x2703,
    0x94AD, 0x1185, 0x6603, 0xC904, 0xC804, 0x8804, 0x6804, 0x8804, 0xA804, 0x8804, 0xA90C, 0x850A, 0x0000, 0x0000, 0x0000, 0x0000,
    0x0000, 0x0000, 0x0000, 0x0000, 0x0000, 0x0000, 0x0000, 0x0000, 0x0000, 0x0000, 0x0000, 0x0000, 0x0000, 0x0000, 0x0000, 0x0000,
    0x0000, 0x0000, 0x0000, 0x0000, 0x0000, 0x0000, 0x0000, 0x0000, 0x0000, 0x0000, 0x0000, 0x0000, 0x0000, 0x0000, 0x0000, 0x0000,
    0x0000, 0x0000, 0x0000, 0x0000, 0x0000, 0x0000, 0x0000, 0x0000, 0x0000, 0x0000, 0x0000, 0x0000, 0x0000, 0x0000, 0x0000, 0x0000,
    0x0000, 0x0000, 0x0000, 0x0000, 0x0000, 0x0000, 0x0000, 0x0000, 0x0000, 0x0000, 0x0000, 0x0000, 0x0000, 0x0000, 0x0000, 0x0000,
    0x0000, 0x0000, 0x0000, 0x0000, 0x0000, 0x0000, 0x0000, 0x0000, 0x0000, 0x0000, 0x0000, 0x0000, 0x0000, 0x0000, 0x0000, 0x0000,
    0x0000, 0x0000, 0x0000, 0x0000, 0x0000, 0x0000, 0x0000, 0x0000, 0x0000, 0x0000, 0x0000, 0x0000, 0x0000, 0x0000, 0x0000, 0x0000,
    0x0000, 0x0000, 0x0000, 0x0000, 0x0000, 0x0000, 0x0000, 0x0000, 0x0000, 0x0000, 0x0000, 0x0000, 0x0000, 0x0000, 0x0000, 0x0000,
    0x0000, 0x0000, 0x0000, 0x0000, 0x0000, 0x0000, 0x0000, 0x0000, 0x0000, 0x0000, 0x0000, 0x0000, 0x0000, 0x0000, 0x0000, 0x0000,
    0x0000, 0x0000, 0x0000, 0x0000, 0x0000, 0x0000, 0x0000, 0x0000, 0x0000, 0x0000, 0x0000, 0x0000, 0x0000, 0x0000, 0x0000, 0x0000,
    0x0000, 0x0000, 0x0000, 0xA400, 0xB703, 0x9703, 0x9703, 0x9803, 0x9703, 0x9703, 0x9703, 0x9703, 0x9703, 0x9703, 0x9703, 0x9703,
    0x9703, 0x9703, 0x9703, 0x9703, 0x9703, 0x9703, 0x9703, 0x9703, 0x9703, 0x9703, 0x9703, 0x9703, 0x9703, 0x9703, 0x9703, 0x9703,
    0x9803, 0x7803, 0x7703, 0xD703, 0x8901, 0x0000, 0x0000, 0x0000, 0x0000, 0x0000, 0x0000, 0x0000, 0x0000, 0x0000, 0x0000, 0x0000,
    0x0000, 0x0000, 0x0000, 0x0000, 0x0000, 0x0000, 0x0000, 0x0000, 0x2000, 0x0000, 0xA301, 0xA90C, 0xA804, 0xA804, 0x8904, 0x8904,
    0x8804, 0x8804, 0x8804, 0xA804, 0xA804, 0x690C, 0xC81B, 0xF184, 0xA712, 0x880B, 0xA70B, 0x680C, 0x8804, 0x680C, 0xA904, 0xC803,
    0xB17C, 0x5DEF, 0x0713, 0xA804, 0x8804, 0x8804, 0x8904, 0x8804, 0xA804, 0x8804, 0xA90C, 0x850A, 0x0000, 0x0000, 0x0000, 0x0000,
    0x0000, 0x0000, 0x0000, 0x0000, 0x0000, 0x0000, 0x0000, 0x0000, 0x0000, 0x0000, 0x0000, 0x0000, 0x0000, 0x0000, 0x0000, 0x0000,
    0x0000, 0x0000, 0x0000, 0x0000, 0x0000, 0x0000, 0x0000, 0x0000, 0x0000, 0x0000, 0x0000, 0x0000, 0x0000, 0x0000, 0x0000, 0x0000,
    0x0000, 0x0000, 0x0000, 0x0000, 0x0000, 0x0000, 0x0000, 0x0000, 0x0000, 0x0000, 0x0000, 0x0000, 0x0000, 0x0000, 0x0000, 0x0000,
    0x0000, 0x0000, 0x0000, 0x0000, 0x0000, 0x0000, 0x0000, 0x0000, 0x0000, 0x0000, 0x0000, 0x0000, 0x0000, 0x0000, 0x0000, 0x0000,
    0x0000, 0x0000, 0x0000, 0x0000, 0x0000, 0x0000, 0x0000, 0x0000, 0x0000, 0x0000, 0x0000, 0x0000, 0x0000, 0x0000, 0x0000, 0x0000,
    0x0000, 0x0000, 0x0000, 0x0000, 0x0000, 0x0000, 0x0000, 0x0000, 0x0000, 0x0000, 0x0000, 0x0000, 0x0000, 0x0000, 0x0000, 0x0000,
    0x0000, 0x0000, 0x0000, 0x0000, 0x0000, 0x0000, 0x0000, 0x0000, 0x0000, 0x0000, 0x0000, 0x0000, 0x0000, 0x0000, 0x0000, 0x0000,
    0x0000, 0x0000, 0x0000, 0x0000, 0x0000, 0x0000, 0x0000, 0x0000, 0x0000, 0x0000, 0x0000, 0x0000, 0x0000, 0x0000, 0x0000, 0x0000,
    0x0000, 0x0000, 0x0000, 0x0000, 0x0000, 0x0000, 0x0000, 0x0000, 0x0000, 0x0000, 0x0000, 0x0000, 0x0000, 0x0000, 0x0000, 0x0000,
    0x0000, 0x0000, 0x0000, 0xA400, 0xB703, 0x9703, 0x9703, 0x9803, 0x9703, 0x9703, 0x9703, 0x9703, 0x9703, 0x9703, 0x9703, 0x9703,
    0x9703, 0x9703, 0x9703, 0x9703, 0x9703, 0x9703, 0x9703, 0x9703, 0x9703, 0x9703, 0x9703, 0x9703, 0x9703, 0x9703, 0x9703, 0x9703,
    0x9703, 0x7803, 0x9703, 0xD803, 0xB00A, 0x0100, 0x0000, 0x0000, 0x0000, 0x0000, 0x0000, 0x0000, 0x0000, 0x0000, 0x0000, 0x0000,
    0x0000, 0x0000, 0x0000, 0x0000, 0x0000, 0x0000, 0x0000, 0x0000, 0x0000, 0x2000, 0x060B, 0xA904, 0x8804, 0xA804, 0x8904, 0x8904,
    0x8804, 0x8804, 0x8804, 0xA804, 0x8804, 0x8904, 0xC70B, 0x0D64, 0xAB33, 0xC803, 0xAA0C, 0xA904, 0xE904, 0xC904, 0x890C, 0xC502,
    0x16A6, 0xFFFF, 0x6933, 0x6804, 0x880C, 0x8804, 0x8904, 0x8804, 0xA804, 0x8804, 0xA90C, 0x850A, 0x0000, 0x0000, 0x0000, 0x0000,
    0x0000, 0x0000, 0x0000, 0x0000, 0x0000, 0x0000, 0x0000, 0x0000, 0x0000, 0x0000, 0x0000, 0x0000, 0x0000, 0x0000, 0x0000, 0x0000,
    0x0000, 0x0000, 0x0000, 0x0000, 0x0000, 0x0000, 0x0000, 0x0000, 0x0000, 0x0000, 0x0000, 0x0000, 0x0000, 0x0000, 0x0000, 0x0000,
    0x0000, 0x0000, 0x0000, 0x0000, 0x0000, 0x0000, 0x0000, 0x0000, 0x0000, 0x0000, 0x0000, 0x0000, 0x0000, 0x0000, 0x0000, 0x0000,
    0x0000, 0x0000, 0x0000, 0x0000, 0x0000, 0x0000, 0x0000, 0x0000, 0x0000, 0x0000, 0x0000, 0x0000, 0x0000, 0x0000, 0x0000, 0x0000,
    0x0000, 0x0000, 0x0000, 0x0000, 0x0000, 0x0000, 0x0000, 0x0000, 0x0000, 0x0000, 0x0000, 0x0000, 0x0000, 0x0000, 0x0000, 0x0000,
    0x0000, 0x0000, 0x0000, 0x0000, 0x0000, 0x0000, 0x0000, 0x0000, 0x0000, 0x0000, 0x0000, 0x0000, 0x0000, 0x0000, 0x0000, 0x0000,
    0x0000, 0x0000, 0x0000, 0x0000, 0x0000, 0x0000, 0x0000, 0x0000, 0x0000, 0x0000, 0x0000, 0x0000, 0x0000, 0x0000, 0x0000, 0x0000,
    0x0000, 0x0000, 0x0000, 0x0000, 0x0000, 0x0000, 0x0000, 0x0000, 0x0000, 0x0000, 0x0000, 0x0000, 0x0000, 0x0000, 0x0000, 0x0000,
    0x0000, 0x0000, 0x0000, 0x0000, 0x0000, 0x0000, 0x0000, 0x0000, 0x0000, 0x0000, 0x0000, 0x0000, 0x0000, 0x0000, 0x0000, 0x0000,
    0x0000, 0x0000, 0x0000, 0xA400, 0xB703, 0x9703, 0x9703, 0x9803, 0x9703, 0x9703, 0x9703, 0x9703, 0x9703, 0x9703, 0x9703, 0x9703,
    0x9703, 0x9703, 0x9703, 0x9703, 0x9703, 0x9703, 0x9703, 0x9703, 0x9703, 0x9703, 0x9703, 0x9703, 0x9703, 0x9703, 0x9803, 0x9803,
    0x9703, 0x9703, 0x9703, 0xB803, 0x550B, 0xA500, 0x0000, 0x0000, 0x0000, 0x0000, 0x0000, 0x0000, 0x0000, 0x0000, 0x0000, 0x0000,
    0x0000, 0x0000, 0x0000, 0x0000, 0x0000, 0x0000, 0x0000, 0x0000, 0x0000, 0xC000, 0x090C, 0x8804, 0x8704, 0xA804, 0x8904, 0x8904,
    0x8804, 0xA804, 0xA804, 0x8804, 0x8804, 0x8804, 0x6804, 0x692B, 0xD6AD, 0x0E64, 0xE712, 0x670B, 0x6603, 0x670B, 0xE71A, 0xB084,
    0xFFFF, 0xBFFF, 0xAB3B, 0x6704, 0xA804, 0x8904, 0x8904, 0x8804, 0xA804, 0x8804, 0xA90C, 0x850A, 0x0000, 0x0000, 0x0000, 0x0000,
    0x0000, 0x0000, 0x0000, 0x0000, 0x0000, 0x0000, 0x0000, 0x0000, 0x0000, 0x0000, 0x0000, 0x0000, 0x0000, 0x0000, 0x0000, 0x0000,
    0x0000, 0x0000, 0x0000, 0x0000, 0x0000, 0x0000, 0x0000, 0x0000, 0x0000, 0x0000, 0x0000, 0x0000, 0x0000, 0x0000, 0x0000, 0x0000,
    0x0000, 0x0000, 0x0000, 0x0000, 0x0000, 0x0000, 0x0000, 0x0000, 0x0000, 0x0000, 0x0000, 0x0000, 0x0000, 0x0000, 0x0000, 0x0000,
    0x0000, 0x0000, 0x0000, 0x0000, 0x0000, 0x0000, 0x0000, 0x0000, 0x0000, 0x0000, 0x0000, 0x0000, 0x0000, 0x0000, 0x0000, 0x0000,
    0x0000, 0x0000, 0x0000, 0x0000, 0x0000, 0x0000, 0x0000, 0x0000, 0x0000, 0x0000, 0x0000, 0x0000, 0x0000, 0x0000, 0x0000, 0x0000,
    0x0000, 0x0000, 0x0000, 0x0000, 0x0000, 0x0000, 0x0000, 0x0000, 0x0000, 0x0000, 0x0000, 0x0000, 0x0000, 0x0000, 0x0000, 0x0000,
    0x0000, 0x0000, 0x0000, 0x0000, 0x0000, 0x0000, 0x0000, 0x0000, 0x0000, 0x0000, 0x0000, 0x0000, 0x0000, 0x0000, 0x0000, 0x0000,
    0x0000, 0x0000, 0x0000, 0x0000, 0x0000, 0x0000, 0x0000, 0x0000, 0x0000, 0x0000, 0x0000, 0x0000, 0x0000, 0x0000, 0x0000, 0x0000,
    0x0000, 0x0000, 0x0000, 0x0000, 0x0000, 0x0000, 0x0000, 0x0000, 0x0000, 0x0000, 0x0000, 0x0000, 0x0000, 0x0000, 0x0000, 0x0000,
    0x0000, 0x0000, 0x0000, 0xA400, 0xB703, 0x9703, 0x9703, 0x9803, 0x9703, 0x9703, 0x9703, 0x9703, 0x9703, 0x9703, 0x9703, 0x9703,
    0x9703, 0x9703, 0x9703, 0x9703, 0x9703, 0x9703, 0x9703, 0x9703, 0x9703, 0x9703, 0x9703, 0x9703, 0x9703, 0x9703, 0x9803, 0x9803,
    0x9603, 0xB703, 0x9703, 0x7603, 0xB903, 0xAB01, 0x0000, 0x0000, 0x0000, 0x0000, 0x0000, 0x0000, 0x0000, 0x0000, 0x0000, 0x0000,
    0x0000, 0x0000, 0x0000, 0x0000, 0x0000, 0x0000, 0x0000, 0x0000, 0x0000, 0xA301, 0xAA04, 0x8804, 0x8804, 0x8804, 0x8904, 0x8804,
    0x8804, 0xA804, 0xA804, 0x8804, 0x8804, 0x8804, 0xC904, 0xE803, 0xAB43, 0x3CE7, 0x5CEF, 0xD5AD, 0x7395, 0x949D, 0xFBDE, 0xFFFF,
    0xFFFF, 0x5CE7, 0x271B, 0xA804, 0x8804, 0xA904, 0x8904, 0x8804, 0xA804, 0x8804, 0xA90C, 0x850A, 0x0000, 0x0000, 0x0000, 0x0000,
    0x0000, 0x0000, 0x0000, 0x0000, 0x0000, 0x0000, 0x0000, 0x0000, 0x0000, 0x0000, 0x0000, 0x0000, 0x0000, 0x0000, 0x0000, 0x0000,
    0x0000, 0x0000, 0x0000, 0x0000, 0x0000, 0x0000, 0x0000, 0x0000, 0x0000, 0x0000, 0x0000, 0x0000, 0x0000, 0x0000, 0x0000, 0x0000,
    0x0000, 0x0000, 0x0000, 0x0000, 0x0000, 0x0000, 0x0000, 0x0000, 0x0000, 0x0000, 0x0000, 0x0000, 0x0000, 0x0000, 0x0000, 0x0000,
    0x0000, 0x0000, 0x0000, 0x0000, 0x0000, 0x0000, 0x0000, 0x0000, 0x0000, 0x0000, 0x0000, 0x0000, 0x0000, 0x0000, 0x0000, 0x0000,
    0x0000, 0x0000, 0x0000, 0x0000, 0x0000, 0x0000, 0x0000, 0x0000, 0x0000, 0x0000, 0x0000, 0x0000, 0x0000, 0x0000, 0x0000, 0x0000,
    0x0000, 0x0000, 0x0000, 0x0000, 0x0000, 0x0000, 0x0000, 0x0000, 0x0000, 0x0000, 0x0000, 0x0000, 0x0000, 0x0000, 0x0000, 0x0000,
    0x0000, 0x0000, 0x0000, 0x0000, 0x0000, 0x0000, 0x0000, 0x0000, 0x0000, 0x0000, 0x0000, 0x0000, 0x0000, 0x0000, 0x0000, 0x0000,
    0x0000, 0x0000, 0x0000, 0x0000, 0x0000, 0x0000, 0x0000, 0x0000, 0x0000, 0x0000, 0x0000, 0x0000, 0x0000, 0x0000, 0x0000, 0x0000,
    0x0000, 0x0000, 0x0000, 0x0000, 0x0000, 0x0000, 0x0000, 0x0000, 0x0000, 0x0000, 0x0000, 0x0000, 0x0000, 0x0000, 0x0000, 0x0000,
    0x0000, 0x0000, 0x0000, 0xA400, 0xB703, 0x9703, 0x9703, 0x9803, 0x9703, 0x9703, 0x9703, 0x9703, 0x9703, 0x9703, 0x9703, 0x9703,
    0x9703, 0x9703, 0x9703, 0x9703, 0x9703, 0x9703, 0x9703, 0x9703, 0x9703, 0x9703, 0x9703, 0x9703, 0x9703, 0x9703, 0x9803, 0x9803,
    0x9603, 0xB703, 0x9703, 0x7603, 0x9803, 0xB10A, 0x2200, 0x0000, 0x0000, 0x0000, 0x0000, 0x0000, 0x0000, 0x0000, 0x0000, 0x0000,
    0x0000, 0x0000, 0x0000, 0x0000, 0x0000, 0x0000, 0x0000, 0x0000, 0x0000, 0xC50A, 0xE904, 0xA804, 0x8804, 0x8804, 0x8804, 0x8804,
    0x8804, 0x8804, 0x8804, 0x8804, 0x6804, 0x8804, 0x8804, 0xC904, 0xE703, 0x2823, 0xF6B5, 0xFFFF, 0xFFFF, 0xFFFF, 0xFFFF, 0xFFFF,
    0xFFFF, 0x4E64, 0x8703, 0xA904, 0x680C, 0x8904, 0xA904, 0x8804, 0xA804, 0x8804, 0xA90C, 0x850A, 0x0000, 0x0000, 0x0000, 0x0000,
    0x0000, 0x0000, 0x0000, 0x0000, 0x0000, 0x0000, 0x0000, 0x0000, 0x0000, 0x0000, 0x0000, 0x0000, 0x0000, 0x0000, 0x0000, 0x0000,
    0x0000, 0x0000, 0x0000, 0x0000, 0x0000, 0x0000, 0x0000, 0x0000, 0x0000, 0x0000, 0x0000, 0x0000, 0x0000, 0x0000, 0x0000, 0x0000,
    0x0000, 0x0000, 0x0000, 0x0000, 0x0000, 0x0000, 0x0000, 0x0000, 0x0000, 0x0000, 0x0000, 0x0000, 0x0000, 0x0000, 0x0000, 0x0000,
    0x0000, 0x0000, 0x0000, 0x0000, 0x0000, 0x0000, 0x0000, 0x0000, 0x0000, 0x0000, 0x0000, 0x0000, 0x0000, 0x0000, 0x0000, 0x0000,
    0x0000, 0x0000, 0x0000, 0x0000, 0x0000, 0x0000, 0x0000, 0x0000, 0x0000, 0x0000, 0x0000, 0x0000, 0x0000, 0x0000, 0x0000, 0x0000,
    0x0000, 0x0000, 0x0000, 0x0000, 0x0000, 0x0000, 0x0000, 0x0000, 0x0000, 0x0000, 0x0000, 0x0000, 0x0000, 0x0000, 0x0000, 0x0000,
    0x0000, 0x0000, 0x0000, 0x0000, 0x0000, 0x0000, 0x0000, 0x0000, 0x0000, 0x0000, 0x0000, 0x0000, 0x0000, 0x0000, 0x0000, 0x0000,
    0x0000, 0x0000, 0x0000, 0x0000, 0x0000, 0x0000, 0x0000, 0x0000, 0x0000, 0x0000, 0x0000, 0x0000, 0x0000, 0x0000, 0x0000, 0x0000,
    0x0000, 0x0000, 0x0000, 0x0000, 0x0000, 0x0000, 0x0000, 0x0000, 0x0000, 0x0000, 0x0000, 0x0000, 0x0000, 0x0000, 0x0000, 0x0000,
    0x0000, 0x0000, 0x0000, 0xA400, 0xB703, 0x9703, 0x9703, 0x9803, 0x9703, 0x9703, 0x9703, 0x9703, 0x9703, 0x9703, 0x9703, 0x9703,
    0x9703, 0x9703, 0x9703, 0x9703, 0x9703, 0x9703, 0x9703, 0x9703, 0x9703, 0x9703, 0x9703, 0x9703, 0x9703, 0x9703, 0x9703, 0x9703,
    0x9703, 0x9703, 0x9703, 0x9703, 0x760B, 0x750B, 0xC600, 0x0000, 0x0000, 0x0000, 0x0000, 0x0000, 0x0000, 0x0000, 0x0000, 0x0000,
    0x0000, 0x0000, 0x0000, 0x0000, 0x0000, 0x0000, 0x0000, 0x0000, 0x6000, 0xC813, 0xA804, 0x8804, 0x8804, 0x8804, 0x8804, 0x8804,
    0x8804, 0x8804, 0x8804, 0x8804, 0x8804, 0x8804, 0x8804, 0x8704, 0xA804, 0x4804, 0x4603, 0xAA3B, 0x3395, 0x17C6, 0xF7C5, 0x95B5,
    0x0D5C, 0x4703, 0x890C, 0x8804, 0x8804, 0x8804, 0x8904, 0x8804, 0xA804, 0x8804, 0xA90C, 0x850A, 0x0000, 0x0000, 0x0000, 0x0000,
    0x0000, 0x0000, 0x0000, 0x0000, 0x0000, 0x0000, 0x0000, 0x0000, 0x0000, 0x0000, 0x0000, 0x0000, 0x0000, 0x0000, 0x0000, 0x0000,
    0x0000, 0x0000, 0x0000, 0x0000, 0x0000, 0x0000, 0x0000, 0x0000, 0x0000, 0x0000, 0x0000, 0x0000, 0x0000, 0x0000, 0x0000, 0x0000,
    0x0000, 0x0000, 0x0000, 0x0000, 0x0000, 0x0000, 0x0000, 0x0000, 0x0000, 0x0000, 0x0000, 0x0000, 0x0000, 0x0000, 0x0000, 0x0000,
    0x0000, 0x0000, 0x0000, 0x0000, 0x0000, 0x0000, 0x0000, 0x0000, 0x0000, 0x0000, 0x0000, 0x0000, 0x0000, 0x0000, 0x0000, 0x0000,
    0x0000, 0x0000, 0x0000, 0x0000, 0x0000, 0x0000, 0x0000, 0x0000, 0x0000, 0x0000, 0x0000, 0x0000, 0x0000, 0x0000, 0x0000, 0x0000,
    0x0000, 0x0000, 0x0000, 0x0000, 0x0000, 0x0000, 0x0000, 0x0000, 0x0000, 0x0000, 0x0000, 0x0000, 0x0000, 0x0000, 0x0000, 0x0000,
    0x0000, 0x0000, 0x0000, 0x0000, 0x0000, 0x0000, 0x0000, 0x0000, 0x0000, 0x0000, 0x0000, 0x0000, 0x0000, 0x0000, 0x0000, 0x0000,
    0x0000, 0x0000, 0x0000, 0x0000, 0x0000, 0x0000, 0x0000, 0x0000, 0x0000, 0x0000, 0x0000, 0x0000, 0x0000, 0x0000, 0x0000, 0x0000,
    0x0000, 0x0000, 0x0000, 0x0000, 0x0000, 0x0000, 0x0000, 0x0000, 0x0000, 0x0000, 0x0000, 0x0000, 0x0000, 0x0000, 0x0000, 0x0000,
    0x0000, 0x0000, 0x0000, 0xA400, 0xB703, 0x9703, 0x9703, 0x9803, 0x9703, 0x9703, 0x9703, 0x9703, 0x9703, 0x9703, 0x9703, 0x9703,
    0x9703, 0x9703, 0x9703, 0x9703, 0x9703, 0x9703, 0x9703, 0x9703, 0x9703, 0x9703, 0x9703, 0x9703, 0x9703, 0x9703, 0x9703, 0x9703,
    0x9703, 0x9803, 0x9803, 0x9703, 0x7603, 0xB70B, 0x8A01, 0x0000, 0x0000, 0x0000, 0x0000, 0x0000, 0x0000, 0x0000, 0x0000, 0x0000,
    0x0000, 0x0000, 0x0000, 0x0000, 0x0000, 0x0000, 0x0000, 0x0000, 0x6201, 0x690C, 0x6804, 0x8804, 0x8804, 0xA804, 0x8804, 0x8804,
    0x8804, 0x8804, 0x8804, 0x8804, 0x8804, 0x8804, 0x8804, 0xA80C, 0xA80C, 0xC90C, 0xCA0C, 0x0804, 0x8703, 0xE60A, 0x662A, 0x6B63,
    0xA612, 0xAB14, 0x8804, 0xA804, 0xC804, 0x8804, 0x6804, 0x8804, 0xA804, 0x8804, 0xA90C, 0x850A, 0x0000, 0x0000, 0x0000, 0x0000,
    0x0000, 0x0000, 0x0000, 0x0000, 0x0000, 0x0000, 0x0000, 0x0000, 0x0000, 0x0000, 0x0000, 0x0000, 0x0000, 0x0000, 0x0000, 0x0000,
    0x0000, 0x0000, 0x0000, 0x0000, 0x0000, 0x0000, 0x0000, 0x0000, 0x0000, 0x0000, 0x0000, 0x0000, 0x0000, 0x0000, 0x0000, 0x0000,
    0x0000, 0x0000, 0x0000, 0x0000, 0x0000, 0x0000, 0x0000, 0x0000, 0x0000, 0x0000, 0x0000, 0x0000, 0x0000, 0x0000, 0x0000, 0x0000,
    0x0000, 0x0000, 0x0000, 0x0000, 0x0000, 0x0000, 0x0000, 0x0000, 0x0000, 0x0000, 0x0000, 0x0000, 0x0000, 0x0000, 0x0000, 0x0000,
    0x0000, 0x0000, 0x0000, 0x0000, 0x0000, 0x0000, 0x0000, 0x0000, 0x0000, 0x0000, 0x0000, 0x0000, 0x0000, 0x0000, 0x0000, 0x0000,
    0x0000, 0x0000, 0x0000, 0x0000, 0x0000, 0x0000, 0x0000, 0x0000, 0x0000, 0x0000, 0x0000, 0x0000, 0x0000, 0x0000, 0x0000, 0x0000,
    0x0000, 0x0000, 0x0000, 0x0000, 0x0000, 0x0000, 0x0000, 0x0000, 0x0000, 0x0000, 0x0000, 0x0000, 0x0000, 0x0000, 0x0000, 0x0000,
    0x0000, 0x0000, 0x0000, 0x0000, 0x0000, 0x0000, 0x0000, 0x0000, 0x0000, 0x0000, 0x0000, 0x0000, 0x0000, 0x0000, 0x0000, 0x0000,
    0x0000, 0x0000, 0x0000, 0x0000, 0x0000, 0x0000, 0x0000, 0x0000, 0x0000, 0x0000, 0x0000, 0x0000, 0x0000, 0x0000, 0x0000, 0x0000,
    0x0000, 0x0000, 0x0000, 0xA400, 0xB703, 0x9703, 0x9703, 0x9803, 0x9703, 0x9703, 0x9703, 0x9703, 0x9703, 0x9703, 0x9703, 0x9703,
    0x9703, 0x9703, 0x9703, 0x9703, 0x9703, 0x9703, 0x9703, 0x9703, 0x9703, 0x9703, 0x9703, 0x9703, 0x9703, 0x9703, 0x9703, 0x9703,
    0x9703, 0x9803, 0x9803, 0x9703, 0x9703, 0xB703, 0x6F0A, 0x0000, 0x0000, 0x0000, 0x0000, 0x0000, 0x0000, 0x0000, 0x0000, 0x0000,
    0x0000, 0x0000, 0x0000, 0x0000, 0x0000, 0x0000, 0x0000, 0x0000, 0x6502, 0xC904, 0x6804, 0x8804, 0xA804, 0xA904, 0x8804, 0x8804,
    0x8804, 0x8804, 0x8804, 0xA804, 0xA804, 0x8804, 0x690C, 0xA713, 0x050B, 0x260B, 0xA703, 0x6904, 0xEA0C, 0xC90C, 0xC70B, 0xAE64,
    0x2D5C, 0x8703, 0xE904, 0xA804, 0xA804, 0xA804, 0x8804, 0x8804, 0xA804, 0x8804, 0xA90C, 0x850A, 0x0000, 0x0000, 0x0000, 0x0000,
    0x0000, 0x0000, 0x0000, 0x0000, 0x0000, 0x0000, 0x0000, 0x0000, 0x0000, 0x0000, 0x0000, 0x0000, 0x0000, 0x0000, 0x0000, 0x0000,
    0x0000, 0x0000, 0x0000, 0x0000, 0x0000, 0x0000, 0x0000, 0x0000, 0x0000, 0x0000, 0x0000, 0x0000, 0x0000, 0x0000, 0x0000, 0x0000,
    0x0000, 0x0000, 0x0000, 0x0000, 0x0000, 0x0000, 0x0000, 0x0000, 0x0000, 0x0000, 0x0000, 0x0000, 0x0000, 0x0000, 0x0000, 0x0000,
    0x0000, 0x0000, 0x0000, 0x0000, 0x0000, 0x0000, 0x0000, 0x0000, 0x0000, 0x0000, 0x0000, 0x0000, 0x0000, 0x0000, 0x0000, 0x0000,
    0x0000, 0x0000, 0x0000, 0x0000, 0x0000, 0x0000, 0x0000, 0x0000, 0x0000, 0x0000, 0x0000, 0x0000, 0x0000, 0x0000, 0x0000, 0x0000,
    0x0000, 0x0000, 0x0000, 0x0000, 0x0000, 0x0000, 0x0000, 0x0000, 0x0000, 0x0000, 0x0000, 0x0000, 0x0000, 0x0000, 0x0000, 0x0000,
    0x0000, 0x0000, 0x0000, 0x0000, 0x0000, 0x0000, 0x0000, 0x0000, 0x0000, 0x0000, 0x0000, 0x0000, 0x0000, 0x0000, 0x0000, 0x0000,
    0x0000, 0x0000, 0x0000, 0x0000, 0x0000, 0x0000, 0x0000, 0x0000, 0x0000, 0x0000, 0x0000, 0x0000, 0x0000, 0x0000, 0x0000, 0x0000,
    0x0000, 0x0000, 0x0000, 0x0000, 0x0000, 0x0000, 0x0000, 0x0000, 0x0000, 0x0000, 0x0000, 0x0000, 0x0000, 0x0000, 0x0000, 0x0000,
    0x0000, 0x0000, 0x0000, 0xA400, 0xB703, 0x9703, 0x9703, 0x9803, 0x9703, 0x9703, 0x9703, 0x9703, 0x9703, 0x9703, 0x9703, 0x9703,
    0x9703, 0x9703, 0x9703, 0x9703, 0x9703, 0x9703, 0x9703, 0x9703, 0x9703, 0x9703, 0x9703, 0x9703, 0x9703, 0x9703, 0x9703, 0x9703,
    0x9703, 0x9703, 0x9803, 0x9803, 0x9703, 0xB803, 0x3313, 0x6300, 0x0000, 0x0000, 0x0000, 0x0000, 0x0000, 0x0000, 0x0000, 0x0000,
    0x0000, 0x0000, 0x0000, 0x0000, 0x0000, 0x0000, 0x0000, 0x2000, 0x670B, 0xC904, 0x8804, 0x8804, 0x8904, 0xA904, 0x8804, 0x8804,
    0x8804, 0x8804, 0x8804, 0xA804, 0xA804, 0x890C, 0xA703, 0xAB43, 0x16AE, 0xF5A5, 0x6F6C, 0x6833, 0x460B, 0xC603, 0x6914, 0x071B,
    0x1295, 0x8A33, 0x2804, 0xA804, 0x8804, 0xA804, 0xA804, 0x8804, 0xA804, 0x8804, 0xA90C, 0x850A, 0x0000, 0x0000, 0x0000, 0x0000,
    0x0000, 0x0000, 0x0000, 0x0000, 0x0000, 0x0000, 0x0000, 0x0000, 0x0000, 0x0000, 0x0000, 0x0000, 0x0000, 0x0000, 0x0000, 0x0000,
    0x0000, 0x0000, 0x0000, 0x0000, 0x0000, 0x0000, 0x0000, 0x0000, 0x0000, 0x0000, 0x0000, 0x0000, 0x0000, 0x0000, 0x0000, 0x0000,
    0x0000, 0x0000, 0x0000, 0x0000, 0x0000, 0x0000, 0x0000, 0x0000, 0x0000, 0x0000, 0x0000, 0x0000, 0x0000, 0x0000, 0x0000, 0x0000,
    0x0000, 0x0000, 0x0000, 0x0000, 0x0000, 0x0000, 0x0000, 0x0000, 0x0000, 0x0000, 0x0000, 0x0000, 0x0000, 0x0000, 0x0000, 0x0000,
    0x0000, 0x0000, 0x0000, 0x0000, 0x0000, 0x0000, 0x0000, 0x0000, 0x0000, 0x0000, 0x0000, 0x0000, 0x0000, 0x0000, 0x0000, 0x0000,
    0x0000, 0x0000, 0x0000, 0x0000, 0x0000, 0x0000, 0x0000, 0x0000, 0x0000, 0x0000, 0x0000, 0x0000, 0x0000, 0x0000, 0x0000, 0x0000,
    0x0000, 0x0000, 0x0000, 0x0000, 0x0000, 0x0000, 0x0000, 0x0000, 0x0000, 0x0000, 0x0000, 0x0000, 0x0000, 0x0000, 0x0000, 0x0000,
    0x0000, 0x0000, 0x0000, 0x0000, 0x0000, 0x0000, 0x0000, 0x0000, 0x0000, 0x0000, 0x0000, 0x0000, 0x0000, 0x0000, 0x0000, 0x0000,
    0x0000, 0x0000, 0x0000, 0x0000, 0x0000, 0x0000, 0x0000, 0x0000, 0x0000, 0x0000, 0x0000, 0x0000, 0x0000, 0x0000, 0x0000, 0x0000,
    0x0000, 0x0000, 0x0000, 0xA400, 0xB703, 0x9703, 0x9703, 0x9803, 0x9703, 0x9703, 0x9703, 0x9703, 0x9703, 0x9703, 0x9703, 0x9703,
    0x9703, 0x9703, 0x9703, 0x9703, 0x9703, 0x9703, 0x9703, 0x9703, 0x9703, 0x9703, 0x9703, 0x9703, 0x9703, 0x9703, 0x9703, 0x9703,
    0x9703, 0x9703, 0x9703, 0x9703, 0x9703, 0x9703, 0x960B, 0x0701, 0x0000, 0x0000, 0x0000, 0x0000, 0x0000, 0x0000, 0x0000, 0x0000,
    0x0000, 0x0000, 0x0000, 0x0000, 0x0000, 0x0000, 0x0000, 0xC100, 0x280C, 0xA804, 0xA704, 0x8804, 0x8904, 0xA904, 0x8804, 0x8804,
    0x8804, 0x8804, 0x8804, 0xA804, 0x8804, 0x890C, 0x450B, 0x1BD7, 0xFFFF, 0xFFFF, 0xFFFF, 0x9DF7, 0x16AE, 0x2D5C, 0x492B, 0x2512,
    0x74A5, 0x16B6, 0x060B, 0xC904, 0xC804, 0x8804, 0x8804, 0x8804, 0xA804, 0x8804, 0xA90C, 0x850A, 0x0000, 0x0000, 0x0000, 0x0000,
    0x0000, 0x0000, 0x0000, 0x0000, 0x0000, 0x0000, 0x0000, 0x0000, 0x0000, 0x0000, 0x0000, 0x0000, 0x0000, 0x0000, 0x0000, 0x0000,
    0x0000, 0x0000, 0x0000, 0x0000, 0x0000, 0x0000, 0x0000, 0x0000, 0x0000, 0x0000, 0x0000, 0x0000, 0x0000, 0x0000, 0x0000, 0x0000,
    0x0000, 0x0000, 0x0000, 0x0000, 0x0000, 0x0000, 0x0000, 0x0000, 0x0000, 0x0000, 0x0000, 0x0000, 0x0000, 0x0000, 0x0000, 0x0000,
    0x0000, 0x0000, 0x0000, 0x0000, 0x0000, 0x0000, 0x0000, 0x0000, 0x0000, 0x0000, 0x0000, 0x0000, 0x0000, 0x0000, 0x0000, 0x0000,
    0x0000, 0x0000, 0x0000, 0x0000, 0x0000, 0x0000, 0x0000, 0x0000, 0x0000, 0x0000, 0x0000, 0x0000, 0x0000, 0x0000, 0x0000, 0x0000,
    0x0000, 0x0000, 0x0000, 0x0000, 0x0000, 0x0000, 0x0000, 0x0000, 0x0000, 0x0000, 0x0000, 0x0000, 0x0000, 0x0000, 0x0000, 0x0000,
    0x0000, 0x0000, 0x0000, 0x0000, 0x0000, 0x0000, 0x0000, 0x0000, 0x0000, 0x0000, 0x0000, 0x0000, 0x0000, 0x0000, 0x0000, 0x0000,
    0x0000, 0x0000, 0x0000, 0x0000, 0x0000, 0x0000, 0x0000, 0x0000, 0x0000, 0x0000, 0x0000, 0x0000, 0x0000, 0x0000, 0x0000, 0x0000,
    0x0000, 0x0000, 0x0000, 0x0000, 0x0000, 0x0000, 0x0000, 0x0000, 0x0000, 0x0000, 0x0000, 0x0000, 0x0000, 0x0000, 0x0000, 0x0000,
    0x0000, 0x0000, 0x0000, 0xA400, 0xB703, 0x9703, 0x9703, 0x9803, 0x9703, 0x9703, 0x9703, 0x9703, 0x9703, 0x9703, 0x9703, 0x9703,
    0x9703, 0x9703, 0x9703, 0x9703, 0x9703, 0x9703, 0x9703, 0x9703, 0x9703, 0x9703, 0x9703, 0x9703, 0x9703, 0x9703, 0x9703, 0x9703,
    0x9703, 0x9703, 0x9703, 0x9703, 0x9703, 0x9703, 0xD803, 0xEC01, 0x0000, 0x0100, 0x0000, 0x0000, 0x0000, 0x0000, 0x0000, 0x0000,
    0x0000, 0x0000, 0x0000, 0x0000, 0x0000, 0x0000, 0x0000, 0xA301, 0xA90C, 0x6804, 0xC804, 0x8804, 0x8904, 0x8904, 0x8804, 0xA804,
    0x8804, 0x8804, 0x8804, 0xA804, 0x8804, 0x890C, 0x460B, 0x37BE, 0xFFFF, 0xFFFF, 0xFFFF, 0xFFFF, 0xFFFF, 0xFFFF, 0x1CE7, 0x99C6,
    0xDFF7, 0x9EF7, 0x692B, 0x6804, 0xA804, 0x8804, 0x8804, 0x8804, 0xA804, 0x8804, 0xA90C, 0x850A, 0x0000, 0x0000, 0x0000, 0x0000,
    0x0000, 0x0000, 0x0000, 0x0000, 0x0000, 0x0000, 0x0000, 0x0000, 0x0000, 0x0000, 0x0000, 0x0000, 0x0000, 0x0000, 0x0000, 0x0000,
    0x0000, 0x0000, 0x0000, 0x0000, 0x0000, 0x0000, 0x0000, 0x0000, 0x0000, 0x0000, 0x0000, 0x0000, 0x0000, 0x0000, 0x0000, 0x0000,
    0x0000, 0x0000, 0x0000, 0x0000, 0x0000, 0x0000, 0x0000, 0x0000, 0x0000, 0x0000, 0x0000, 0x0000, 0x0000, 0x0000, 0x0000, 0x0000,
    0x0000, 0x0000, 0x0000, 0x0000, 0x0000, 0x0000, 0x0000, 0x0000, 0x0000, 0x0000, 0x0000, 0x0000, 0x0000, 0x0000, 0x0000, 0x0000,
    0x0000, 0x0000, 0x0000, 0x0000, 0x0000, 0x0000, 0x0000, 0x0000, 0x0000, 0x0000, 0x0000, 0x0000, 0x0000, 0x0000, 0x0000, 0x0000,
    0x0000, 0x0000, 0x0000, 0x0000, 0x0000, 0x0000, 0x0000, 0x0000, 0x0000, 0x0000, 0x0000, 0x0000, 0x0000, 0x0000, 0x0000, 0x0000,
    0x0000, 0x0000, 0x0000, 0x0000, 0x0000, 0x0000, 0x0000, 0x0000, 0x0000, 0x0000, 0x0000, 0x0000, 0x0000, 0x0000, 0x0000, 0x0000,
    0x0000, 0x0000, 0x0000, 0x0000, 0x0000, 0x0000, 0x0000, 0x0000, 0x0000, 0x0000, 0x0000, 0x0000, 0x0000, 0x0000, 0x0000, 0x0000,
    0x0000, 0x0000, 0x0000, 0x0000, 0x0000, 0x0000, 0x0000, 0x0000, 0x0000, 0x0000, 0x0000, 0x0000, 0x0000, 0x0000, 0x0000, 0x0000,
    0x0000, 0x0000, 0x0000, 0xA400, 0xB703, 0x9703, 0x9703, 0x9803, 0x9703, 0x9703, 0x9703, 0x9703, 0x9703, 0x9703, 0x9703, 0x9703,
    0x9703, 0x9703, 0x9703, 0x9703, 0x9703, 0x9703, 0x9703, 0x9703, 0x9703, 0x9703, 0x9703, 0x9703, 0x9703, 0x9703, 0x9703, 0x9703,
    0x9703, 0x9703, 0x9703, 0x9703, 0x9703, 0x9703, 0xB903, 0xB00A, 0x0000, 0x0100, 0x0000, 0x0000, 0x0000, 0x0000, 0x0000, 0x0000,
    0x0000, 0x0000, 0x0000, 0x0000, 0x0000, 0x2000, 0x0000, 0x850A, 0xC904, 0x8804, 0xA804, 0x8804, 0x8804, 0x8804, 0x8804, 0xA804,
    0xA804, 0x8804, 0x8804, 0x8804, 0xA804, 0xA804, 0x0704, 0x6A43, 0xBEF7, 0xB184, 0x507C, 0x38BE, 0x9EFF, 0xFFFF, 0xFFFF, 0xFFFF,
    0xFFFF, 0xFFFF, 0xAA33, 0x6804, 0x8804, 0x8804, 0xA804, 0x8804, 0xA804, 0x8804, 0xA90C, 0x850A, 0x0000, 0x0000, 0x0000, 0x0000,
    0x0000, 0x0000, 0x0000, 0x0000, 0x0000, 0x0000, 0x0000, 0x0000, 0x0000, 0x0000, 0x0000, 0x0000, 0x0000, 0x0000, 0x0000, 0x0000,
    0x0000, 0x0000, 0x0000, 0x0000, 0x0000, 0x0000, 0x0000, 0x0000, 0x0000, 0x0000, 0x0000, 0x0000, 0x0000, 0x0000, 0x0000, 0x0000,
    0x0000, 0x0000, 0x0000, 0x0000, 0x0000, 0x0000, 0x0000, 0x0000, 0x0000, 0x0000, 0x0000, 0x0000, 0x0000, 0x0000, 0x0000, 0x0000,
    0x0000, 0x0000, 0x0000, 0x0000, 0x0000, 0x0000, 0x0000, 0x0000, 0x0000, 0x0000, 0x0000, 0x0000, 0x0000, 0x0000, 0x0000, 0x0000,
    0x0000, 0x0000, 0x0000, 0x0000, 0x0000, 0x0000, 0x0000, 0x0000, 0x0000, 0x0000, 0x0000, 0x0000, 0x0000, 0x0000, 0x0000, 0x0000,
    0x0000, 0x0000, 0x0000, 0x0000, 0x0000, 0x0000, 0x0000, 0x0000, 0x0000, 0x0000, 0x0000, 0x0000, 0x0000, 0x0000, 0x0000, 0x0000,
    0x0000, 0x0000, 0x0000, 0x0000, 0x0000, 0x0000, 0x0000, 0x0000, 0x0000, 0x0000, 0x0000, 0x0000, 0x0000, 0x0000, 0x0000, 0x0000,
    0x0000, 0x0000, 0x0000, 0x0000, 0x0000, 0x0000, 0x0000, 0x0000, 0x0000, 0x0000, 0x0000, 0x0000, 0x0000, 0x0000, 0x0000, 0x0000,
    0x0000, 0x0000, 0x0000, 0x0000, 0x0000, 0x0000, 0x0000, 0x0000, 0x0000, 0x0000, 0x0000, 0x0000, 0x0000, 0x0000, 0x0000, 0x0000,
    0x0000, 0x0000, 0x0000, 0xA400, 0xB703, 0x9703, 0x9703, 0x9703, 0x7703, 0x9803, 0x9603, 0x9703, 0xB803, 0x7503, 0xB703, 0xD803,
    0x9803, 0x9803, 0x9803, 0x9703, 0xB703, 0x9703, 0x7703, 0x9703, 0x9703, 0x9703, 0x9703, 0x9703, 0x9703, 0x9703, 0x9703, 0x9703,
    0x9703, 0x9703, 0x9703, 0x9703, 0x9703, 0x9703, 0xB803, 0x5503, 0x8400, 0x0000, 0x0000, 0x0000, 0x0000, 0x0000, 0x0000, 0x0000,
    0x0000, 0x0000, 0x0000, 0x0000, 0x0000, 0x2000, 0x4000, 0x6713, 0xA904, 0x8804, 0x8804, 0x8804, 0x8804, 0x8804, 0x8804, 0xA804,
    0xA804, 0x8804, 0x8804, 0x8804, 0x8804, 0x8804, 0xC90C, 0x670B, 0x4F7C, 0xED6B, 0xA502, 0x880B, 0x4A3B, 0xB18C, 0x38BE, 0x3CEF,
    0xBEF7, 0x5395, 0x4713, 0xC904, 0xA804, 0x8804, 0x8804, 0x8804, 0xA804, 0x8804, 0xA90C, 0x850A, 0x0000, 0x0000, 0x0000, 0x0000,
    0x0000, 0x0000, 0x0000, 0x0000, 0x0000, 0x0000, 0x0000, 0x0000, 0x0000, 0x0000, 0x0000, 0x0000, 0x0000, 0x0000, 0x0000, 0x0000,
    0x0000, 0x0000, 0x0000, 0x0000, 0x0000, 0x0000, 0x0000, 0x0000, 0x0000, 0x0000, 0x0000, 0x0000, 0x0000, 0x0000, 0x0000, 0x0000,
    0x0000, 0x0000, 0x0000, 0x0000, 0x0000, 0x0000, 0x0000, 0x0000, 0x0000, 0x0000, 0x0000, 0x0000, 0x0000, 0x0000, 0x0000, 0x0000,
    0x0000, 0x0000, 0x0000, 0x0000, 0x0000, 0x0000, 0x0000, 0x0000, 0x0000, 0x0000, 0x0000, 0x0000, 0x0000, 0x0000, 0x0000, 0x0000,
    0x0000, 0x0000, 0x0000, 0x0000, 0x0000, 0x0000, 0x0000, 0x0000, 0x0000, 0x0000, 0x0000, 0x0000, 0x0000, 0x0000, 0x0000, 0x0000,
    0x0000, 0x0000, 0x0000, 0x0000, 0x0000, 0x0000, 0x0000, 0x0000, 0x0000, 0x0000, 0x0000, 0x0000, 0x0000, 0x0000, 0x0000, 0x0000,
    0x0000, 0x0000, 0x0000, 0x0000, 0x0000, 0x0000, 0x0000, 0x0000, 0x0000, 0x0000, 0x0000, 0x0000, 0x0000, 0x0000, 0x0000, 0x0000,
    0x0000, 0x0000, 0x0000, 0x0000, 0x0000, 0x0000, 0x0000, 0x0000, 0x0000, 0x0000, 0x0000, 0x0000, 0x0000, 0x0000, 0x0000, 0x0000,
    0x0000, 0x0000, 0x0000, 0x0000, 0x0000, 0x0000, 0x0000, 0x0000, 0x0000, 0x0000, 0x0000, 0x0000, 0x0000, 0x0000, 0x0000, 0x0000,
    0x0000, 0x0000, 0x0000, 0xA400, 0xB703, 0x9703, 0x9703, 0x9803, 0x9703, 0x9703, 0x9703, 0x9703, 0xD20A, 0xEF2A, 0xAF12, 0x3403,
    0x970B, 0x7703, 0x9803, 0x9703, 0x9703, 0x9703, 0x9703, 0x9703, 0x9703, 0x9703, 0x9703, 0x9703, 0x9703, 0x9703, 0x9703, 0x9703,
    0x9703, 0x9703, 0x9703, 0x9703, 0x9703, 0x9703, 0x9703, 0xB703, 0x0701, 0x0000, 0x0000, 0x0000, 0x0000, 0x0000, 0x0000, 0x0000,
    0x0000, 0x0000, 0x0000, 0x0000, 0x2000, 0x0000, 0xC100, 0xE813, 0xA804, 0x8804, 0x8804, 0x8804, 0x8804, 0x8804, 0x8804, 0x8804,
    0x8804, 0x8804, 0x8804, 0x8804, 0x8804, 0x8804, 0x2704, 0xC803, 0xE612, 0xB08C, 0x0C5C, 0xC80B, 0x690C, 0x8603, 0x670B, 0x6823,
    0x8923, 0x670B, 0x6904, 0xA804, 0xA804, 0x8804, 0x8804, 0x8804, 0xA804, 0x8804, 0xA90C, 0x850A, 0x0000, 0x0000, 0x0000, 0x0000,
    0x0000, 0x0000, 0x0000, 0x0000, 0x0000, 0x0000, 0x0000, 0x0000, 0x0000, 0x0000, 0x0000, 0x0000, 0x0000, 0x0000, 0x0000, 0x0000,
    0x0000, 0x0000, 0x0000, 0x0000, 0x0000, 0x0000, 0x0000, 0x0000, 0x0000, 0x0000, 0x0000, 0x0000, 0x0000, 0x0000, 0x0000, 0x0000,
    0x0000, 0x0000, 0x0000, 0x0000, 0x0000, 0x0000, 0x0000, 0x0000, 0x0000, 0x0000, 0x0000, 0x0000, 0x0000, 0x0000, 0x0000, 0x0000,
    0x0000, 0x0000, 0x0000, 0x0000, 0x0000, 0x0000, 0x0000, 0x0000, 0x0000, 0x0000, 0x0000, 0x0000, 0x0000, 0x0000, 0x0000, 0x0000,
    0x0000, 0x0000, 0x0000, 0x0000, 0x0000, 0x0000, 0x0000, 0x0000, 0x0000, 0x0000, 0x0000, 0x0000, 0x0000, 0x0000, 0x0000, 0x0000,
    0x0000, 0x0000, 0x0000, 0x0000, 0x0000, 0x0000, 0x0000, 0x0000, 0x0000, 0x0000, 0x0000, 0x0000, 0x0000, 0x0000, 0x0000, 0x0000,
    0x0000, 0x0000, 0x0000, 0x0000, 0x0000, 0x0000, 0x0000, 0x0000, 0x0000, 0x0000, 0x0000, 0x0000, 0x0000, 0x0000, 0x0000, 0x0000,
    0x0000, 0x0000, 0x0000, 0x0000, 0x0000, 0x0000, 0x0000, 0x0000, 0x0000, 0x0000, 0x0000, 0x0000, 0x0000, 0x0000, 0x0000, 0x0000,
    0x0000, 0x0000, 0x0000, 0x0000, 0x0000, 0x0000, 0x0000, 0x0000, 0x0000, 0x0000, 0x0000, 0x0000, 0x0000, 0x0000, 0x0000, 0x0000,
    0x0000, 0x0000, 0x0000, 0xA400, 0xB703, 0x9703, 0x9703, 0x9803, 0x9703, 0x9603, 0xB803, 0xF302, 0xB15B, 0x7DEF, 0x7ACE, 0xCF22,
    0x3313, 0x9503, 0x9703, 0x9703, 0x9703, 0x9703, 0x9803, 0x9703, 0x9703, 0x9703, 0x9703, 0x9703, 0x9703, 0x9703, 0x9703, 0x9703,
    0x9703, 0x9703, 0x9703, 0x9703, 0x9703, 0x9703, 0x9703, 0xB703, 0xAA09, 0x0000, 0x0000, 0x0000, 0x0000, 0x0000, 0x0000, 0x0000,
    0x0000, 0x0000, 0x0000, 0x0000, 0x2000, 0x0000, 0x4209, 0x890C, 0x8804, 0x8804, 0x8804, 0x8804, 0x8804, 0x8804, 0x8804, 0x8804,
    0x8804, 0x8804, 0x8804, 0xA804, 0x8804, 0x8804, 0x860B, 0xEB4B, 0x8A3B, 0xE411, 0x6B63, 0x8A43, 0x8603, 0xEA04, 0xA90C, 0x8A0C,
    0x8A0C, 0xAA14, 0x8804, 0x8804, 0xA804, 0x8804, 0xA804, 0x8804, 0xA804, 0x8804, 0xA90C, 0x850A, 0x0000, 0x0000, 0x0000, 0x0000,
    0x0000, 0x0000, 0x0000, 0x0000, 0x0000, 0x0000, 0x0000, 0x0000, 0x0000, 0x0000, 0x0000, 0x0000, 0x0000, 0x0000, 0x0000, 0x0000,
    0x0000, 0x0000, 0x0000, 0x0000, 0x0000, 0x0000, 0x0000, 0x0000, 0x0000, 0x0000, 0x0000, 0x0000, 0x0000, 0x0000, 0x0000, 0x0000,
    0x0000, 0x0000, 0x0000, 0x0000, 0x0000, 0x0000, 0x0000, 0x0000, 0x0000, 0x0000, 0x0000, 0x0000, 0x0000, 0x0000, 0x0000, 0x0000,
    0x0000, 0x0000, 0x0000, 0x0000, 0x0000, 0x0000, 0x0000, 0x0000, 0x0000, 0x0000, 0x0000, 0x0000, 0x0000, 0x0000, 0x0000, 0x0000,
    0x0000, 0x0000, 0x0000, 0x0000, 0x0000, 0x0000, 0x0000, 0x0000, 0x0000, 0x0000, 0x0000, 0x0000, 0x0000, 0x0000, 0x0000, 0x0000,
    0x0000, 0x0000, 0x0000, 0x0000, 0x0000, 0x0000, 0x0000, 0x0000, 0x0000, 0x0000, 0x0000, 0x0000, 0x0000, 0x0000, 0x0000, 0x0000,
    0x0000, 0x0000, 0x0000, 0x0000, 0x0000, 0x0000, 0x0000, 0x0000, 0x0000, 0x0000, 0x0000, 0x0000, 0x0000, 0x0000, 0x0000, 0x0000,
    0x0000, 0x0000, 0x0000, 0x0000, 0x0000, 0x0000, 0x0000, 0x0000, 0x0000, 0x0000, 0x0000, 0x0000, 0x0000, 0x0000, 0x0000, 0x0000,
    0x0000, 0x0000, 0x0000, 0x0000, 0x0000, 0x0000, 0x0000, 0x0000, 0x0000, 0x0000, 0x0000, 0x0000, 0x0000, 0x0000, 0x0000, 0x0000,
    0x0000, 0x0000, 0x0000, 0xA400, 0xB703, 0x9703, 0x9703, 0x9803, 0x9803, 0x9603, 0xB703, 0x8F12, 0xDBD6, 0xFFFF, 0xFFFF, 0x578D,
    0x9002, 0xB60B, 0x9703, 0x9803, 0x7703, 0x9703, 0xB703, 0x9703, 0x9703, 0x9703, 0x9703, 0x9703, 0x9703, 0x9703, 0x9703, 0x9703,
    0x9703, 0x9703, 0x9703, 0x9703, 0x9703, 0x9703, 0x9703, 0xB803, 0x8F12, 0x0000, 0x0000, 0x0000, 0x0000, 0x0000, 0x0000, 0x0000,
    0x0000, 0x0000, 0x0008, 0x0000, 0x2000, 0x0000, 0x240A, 0xCA04, 0x8804, 0x8804, 0x8804, 0x8804, 0x8804, 0x8804, 0x8804, 0x8804,
    0x8804, 0x8804, 0x8804, 0xA804, 0x8804, 0xA90C, 0x8603, 0xF6AD, 0xBEF7, 0x17AE, 0x3084, 0x17C6, 0xB074, 0xE71A, 0x470B, 0xA603,
    0x8603, 0xE703, 0x890C, 0x8804, 0xA804, 0x8804, 0x8804, 0x8804, 0xA804, 0x8804, 0xA90C, 0x850A, 0x0000, 0x0000, 0x0000, 0x0000,
    0x0000, 0x0000, 0x0000, 0x0000, 0x0000, 0x0000, 0x0000, 0x0000, 0x0000, 0x0000, 0x0000, 0x0000, 0x0000, 0x0000, 0x0000, 0x0000,
    0x0000, 0x0000, 0x0000, 0x0000, 0x0000, 0x0000, 0x0000, 0x0000, 0x0000, 0x0000, 0x0000, 0x0000, 0x0000, 0x0000, 0x0000, 0x0000,
    0x0000, 0x0000, 0x0000, 0x0000, 0x0000, 0x0000, 0x0000, 0x0000, 0x0000, 0x0000, 0x0000, 0x0000, 0x0000, 0x0000, 0x0000, 0x0000,
    0x0000, 0x0000, 0x0000, 0x0000, 0x0000, 0x0000, 0x0000, 0x0000, 0x0000, 0x0000, 0x0000, 0x0000, 0x0000, 0x0000, 0x0000, 0x0000,
    0x0000, 0x0000, 0x0000, 0x0000, 0x0000, 0x0000, 0x0000, 0x0000, 0x0000, 0x0000, 0x0000, 0x0000, 0x0000, 0x0000, 0x0000, 0x0000,
    0x0000, 0x0000, 0x0000, 0x0000, 0x0000, 0x0000, 0x0000, 0x0000, 0x0000, 0x0000, 0x0000, 0x0000, 0x0000, 0x0000, 0x0000, 0x0000,
    0x0000, 0x0000, 0x0000, 0x0000, 0x0000, 0x0000, 0x0000, 0x0000, 0x0000, 0x0000, 0x0000, 0x0000, 0x0000, 0x0000, 0x0000, 0x0000,
    0x0000, 0x0000, 0x0000, 0x0000, 0x0000, 0x0000, 0x0000, 0x0000, 0x0000, 0x0000, 0x0000, 0x0000, 0x0000, 0x0000, 0x0000, 0x0000,
    0x0000, 0x0000, 0x0000, 0x0000, 0x0000, 0x0000, 0x0000, 0x0000, 0x0000, 0x0000, 0x0000, 0x0000, 0x0000, 0x0000, 0x0000, 0x0000,
    0x0000, 0x0000, 0x0000, 0xA400, 0xB703, 0x9703, 0x9703, 0x9703, 0x9703, 0x9703, 0x9703, 0xAE1A, 0x9DF7, 0xF8AD, 0xEF32, 0xD11A,
    0x540B, 0xB703, 0xB803, 0x9803, 0x7703, 0x9703, 0x9603, 0x9703, 0x9703, 0x9703, 0x9703, 0x9703, 0x9703, 0x9703, 0x9703, 0x9703,
    0x9703, 0x9703, 0x9703, 0x9703, 0x9703, 0x9703, 0x9703, 0xB703, 0xF30A, 0x4200, 0x0000, 0x0000, 0x0000, 0x0000, 0x0000, 0x0000,
    0x0000, 0x2000, 0x0000, 0x0000, 0x0000, 0x0000, 0x0613, 0xC904, 0x8804, 0x8804, 0x8804, 0x8804, 0x8804, 0x8804, 0x8804, 0x8804,
    0x8804, 0x8804, 0x8804, 0x8804, 0x8804, 0xA904, 0xA603, 0x2F74, 0xFFFF, 0xFFFF, 0xFFFF, 0xDFF7, 0xFFFF, 0xFBDE, 0xB6B5, 0x539D,
    0x1295, 0xEC4B, 0x870B, 0xA90C, 0x8804, 0x8804, 0x8804, 0x8804, 0xA804, 0x8804, 0xA90C, 0x850A, 0x0000, 0x0000, 0x0000, 0x0000,
    0x0000, 0x0000, 0x0000, 0x0000, 0x0000, 0x0000, 0x0000, 0x0000, 0x0000, 0x0000, 0x0000, 0x0000, 0x0000, 0x0000, 0x0000, 0x0000,
    0x0000, 0x0000, 0x0000, 0x0000, 0x0000, 0x0000, 0x0000, 0x0000, 0x0000, 0x0000, 0x0000, 0x0000, 0x0000, 0x0000, 0x0000, 0x0000,
    0x0000, 0x0000, 0x0000, 0x0000, 0x0000, 0x0000, 0x0000, 0x0000, 0x0000, 0x0000, 0x0000, 0x0000, 0x0000, 0x0000, 0x0000, 0x0000,
    0x0000, 0x0000, 0x0000, 0x0000, 0x0000, 0x0000, 0x0000, 0x0000, 0x0000, 0x0000, 0x0000, 0x0000, 0x0000, 0x0000, 0x0000, 0x0000,
    0x0000, 0x0000, 0x0000, 0x0000, 0x0000, 0x0000, 0x0000, 0x0000, 0x0000, 0x0000, 0x0000, 0x0000, 0x0000, 0x0000, 0x0000, 0x0000,
    0x0000, 0x0000, 0x0000, 0x0000, 0x0000, 0x0000, 0x0000, 0x0000, 0x0000, 0x0000, 0x0000, 0x0000, 0x0000, 0x0000, 0x0000, 0x0000,
    0x0000, 0x0000, 0x0000, 0x0000, 0x0000, 0x0000, 0x0000, 0x0000, 0x0000, 0x0000, 0x0000, 0x0000, 0x0000, 0x0000, 0x0000, 0x0000,
    0x0000, 0x0000, 0x0000, 0x0000, 0x0000, 0x0000, 0x0000, 0x0000, 0x0000, 0x0000, 0x0000, 0x0000, 0x0000, 0x0000, 0x0000, 0x0000,
    0x0000, 0x0000, 0x0000, 0x0000, 0x0000, 0x0000, 0x0000, 0x0000, 0x0000, 0x0000, 0x0000, 0x0000, 0x0000, 0x0000, 0x0000, 0x0000,
    0x0000, 0x0000, 0x0000, 0xA400, 0xB703, 0x9703, 0x9703, 0x7703, 0x760B, 0x9703, 0xD903, 0xB102, 0xD7AD, 0xAF63, 0xB102, 0xB70B,
    0x9603, 0x9703, 0x9803, 0x9803, 0x9703, 0x9703, 0x9703, 0x9703, 0x9703, 0x9703, 0x9703, 0x9703, 0x9703, 0x9703, 0x9703, 0x9703,
    0x9703, 0x9703, 0x9703, 0x9703, 0x9703, 0x9703, 0x9703, 0x9703, 0x760B, 0xC500, 0x0000, 0x0000, 0x0000, 0x0000, 0x0000, 0x0000,
    0x0000, 0x2000, 0x0000, 0x0000, 0x0000, 0x4000, 0x870B, 0xA904, 0x8804, 0x8804, 0x8804, 0x8804, 0x8804, 0x8804, 0x8804, 0xA804,
    0xA804, 0x8804, 0x8804, 0x8804, 0x8804, 0x8804, 0x6804, 0x6813, 0x0D5C, 0xF6B5, 0x5DEF, 0xFFFF, 0xFFFF, 0xFFFF, 0xFFFF, 0xFFFF,
    0xFFFF, 0xDAD6, 0x2713, 0xA904, 0x8804, 0x8904, 0x8804, 0x8804, 0xA804, 0x8804, 0xA90C, 0x850A, 0x0000, 0x0000, 0x0000, 0x0000,
    0x0000, 0x0000, 0x0000, 0x0000, 0x0000, 0x0000, 0x0000, 0x0000, 0x0000, 0x0000, 0x0000, 0x0000, 0x0000, 0x0000, 0x0000, 0x0000,
    0x0000, 0x0000, 0x0000, 0x0000, 0x0000, 0x0000, 0x0000, 0x0000, 0x0000, 0x0000, 0x0000, 0x0000, 0x0000, 0x0000, 0x0000, 0x0000,
    0x0000, 0x0000, 0x0000, 0x0000, 0x0000, 0x0000, 0x0000, 0x0000, 0x0000, 0x0000, 0x0000, 0x0000, 0x0000, 0x0000, 0x0000, 0x0000,
    0x0000, 0x0000, 0x0000, 0x0000, 0x0000, 0x0000, 0x0000, 0x0000, 0x0000, 0x0000, 0x0000, 0x0000, 0x0000, 0x0000, 0x0000, 0x0000,
    0x0000, 0x0000, 0x0000, 0x0000, 0x0000, 0x0000, 0x0000, 0x0000, 0x0000, 0x0000, 0x0000, 0x0000, 0x0000, 0x0000, 0x0000, 0x0000,
    0x0000, 0x0000, 0x0000, 0x0000, 0x0000, 0x0000, 0x0000, 0x0000, 0x0000, 0x0000, 0x0000, 0x0000, 0x0000, 0x0000, 0x0000, 0x0000,
    0x0000, 0x0000, 0x0000, 0x0000, 0x0000, 0x0000, 0x0000, 0x0000, 0x0000, 0x0000, 0x0000, 0x0000, 0x0000, 0x0000, 0x0000, 0x0000,
    0x0000, 0x0000, 0x0000, 0x0000, 0x0000, 0x0000, 0x0000, 0x0000, 0x0000, 0x0000, 0x0000, 0x0000, 0x0000, 0x0000, 0x0000, 0x0000,
    0x0000, 0x0000, 0x0000, 0x0000, 0x0000, 0x0000, 0x0000, 0x0000, 0x0000, 0x0000, 0x0000, 0x0000, 0x0000, 0x0000, 0x0000, 0x0000,
    0x0000, 0x0000, 0x0000, 0xA400, 0xB703, 0x9703, 0x9703, 0x9703, 0x9703, 0x9803, 0xB803, 0x3503, 0x1033, 0x937C, 0x8F12, 0x7503,
    0x9703, 0x9803, 0x9803, 0x9703, 0x9703, 0x9703, 0x9703, 0x9703, 0x9703, 0x9703, 0x9703, 0x9703, 0x9703, 0x9703, 0x9703, 0x9703,
    0x9703, 0x9703, 0x9703, 0x9703, 0x9703, 0x9703, 0x9703, 0x9703, 0xB903, 0x2701, 0x0000, 0x0000, 0x0000, 0x0000, 0x0000, 0x0000,
    0x0000, 0x0000, 0x0000, 0x0000, 0x0000, 0xC100, 0x290C, 0xA804, 0x8804, 0x8804, 0x8804, 0x8804, 0x8804, 0x8804, 0x8804, 0xA804,
    0xA804, 0x8804, 0x8804, 0x8804, 0xA804, 0xA804, 0x8804, 0xA904, 0x2704, 0x470B, 0x6A3B, 0x4E6C, 0x949D, 0xB9C6, 0xBAD6, 0xDBD6,
    0x1BD7, 0x58C6, 0x471B, 0xA904, 0x8804, 0x8804, 0x8804, 0x8804, 0xA804, 0x8804, 0xA90C, 0x850A, 0x0000, 0x0000, 0x0000, 0x0000,
    0x0000, 0x0000, 0x0000, 0x0000, 0x0000, 0x0000, 0x0000, 0x0000, 0x0000, 0x0000, 0x0000, 0x0000, 0x0000, 0x0000, 0x0000, 0x0000,
    0x0000, 0x0000, 0x0000, 0x0000, 0x0000, 0x0000, 0x0000, 0x0000, 0x0000, 0x0000, 0x0000, 0x0000, 0x0000, 0x0000, 0x0000, 0x0000,
    0x0000, 0x0000, 0x0000, 0x0000, 0x0000, 0x0000, 0x0000, 0x0000, 0x0000, 0x0000, 0x0000, 0x0000, 0x0000, 0x0000, 0x0000, 0x0000,
    0x0000, 0x0000, 0x0000, 0x0000, 0x0000, 0x0000, 0x0000, 0x0000, 0x0000, 0x0000, 0x0000, 0x0000, 0x0000, 0x0000, 0x0000, 0x0000,
    0x0000, 0x0000, 0x0000, 0x0000, 0x0000, 0x0000, 0x0000, 0x0000, 0x0000, 0x0000, 0x0000, 0x0000, 0x0000, 0x0000, 0x0000, 0x0000,
    0x0000, 0x0000, 0x0000, 0x0000, 0x0000, 0x0000, 0x0000, 0x0000, 0x0000, 0x0000, 0x0000, 0x0000, 0x0000, 0x0000, 0x0000, 0x0000,
    0x0000, 0x0000, 0x0000, 0x0000, 0x0000, 0x0000, 0x0000, 0x0000, 0x0000, 0x0000, 0x0000, 0x0000, 0x0000, 0x0000, 0x0000, 0x0000,
    0x0000, 0x0000, 0x0000, 0x0000, 0x0000, 0x0000, 0x0000, 0x0000, 0x0000, 0x0000, 0x0000, 0x0000, 0x0000, 0x0000, 0x0000, 0x0000,
    0x0000, 0x0000, 0x0000, 0x0000, 0x0000, 0x0000, 0x0000, 0x0000, 0x0000, 0x0000, 0x0000, 0x0000, 0x0000, 0x0000, 0x0000, 0x0000,
    0x0000, 0x0000, 0x0000, 0xA400, 0xB703, 0x9703, 0x9703, 0x9803, 0x9803, 0x9803, 0x9603, 0x7613, 0xD30A, 0x7243, 0x747C, 0xEF22,
    0xF202, 0x550B, 0x970B, 0xB703, 0xB703, 0x9703, 0x7703, 0x9703, 0x9703, 0x9703, 0x9703, 0x9703, 0x9803, 0x9803, 0x9703, 0x9703,
    0x9703, 0x9703, 0x9703, 0x9703, 0x9703, 0x9703, 0x9703, 0x9703, 0xD903, 0xCB09, 0x0000, 0x0000, 0x0000, 0x0000, 0x0000, 0x0000,
    0x0000, 0x0000, 0x0000, 0x0000, 0x0000, 0x4201, 0x890C, 0x8804, 0x8804, 0x8804, 0x8804, 0x8804, 0x8804, 0x8804, 0x8804, 0xA804,
    0xA804, 0x8804, 0x8804, 0xA804, 0xA904, 0xA804, 0xA804, 0x8804, 0x2704, 0xC80B, 0x280C, 0x0604, 0xA603, 0x4402, 0xAA42, 0x0B4B,
    0x661A, 0x271B, 0xC703, 0xA904, 0xA804, 0x6804, 0x8804, 0x8804, 0xA804, 0x8804, 0xA90C, 0x850A, 0x0000, 0x0000, 0x0000, 0x0000,
    0x0000, 0x0000, 0x0000, 0x0000, 0x0000, 0x0000, 0x0000, 0x0000, 0x0000, 0x0000, 0x0000, 0x0000, 0x0000, 0x0000, 0x0000, 0x0000,
    0x0000, 0x0000, 0x0000, 0x0000, 0x0000, 0x0000, 0x0000, 0x0000, 0x0000, 0x0000, 0x0000, 0x0000, 0x0000, 0x0000, 0x0000, 0x0000,
    0x0000, 0x0000, 0x0000, 0x0000, 0x0000, 0x0000, 0x0000, 0x0000, 0x0000, 0x0000, 0x0000, 0x0000, 0x0000, 0x0000, 0x0000, 0x0000,
    0x0000, 0x0000, 0x0000, 0x0000, 0x0000, 0x0000, 0x0000, 0x0000, 0x0000, 0x0000, 0x0000, 0x0000, 0x0000, 0x0000, 0x0000, 0x0000,
    0x0000, 0x0000, 0x0000, 0x0000, 0x0000, 0x0000, 0x0000, 0x0000, 0x0000, 0x0000, 0x0000, 0x0000, 0x0000, 0x0000, 0x0000, 0x0000,
    0x0000, 0x0000, 0x0000, 0x0000, 0x0000, 0x0000, 0x0000, 0x0000, 0x0000, 0x0000, 0x0000, 0x0000, 0x0000, 0x0000, 0x0000, 0x0000,
    0x0000, 0x0000, 0x0000, 0x0000, 0x0000, 0x0000, 0x0000, 0x0000, 0x0000, 0x0000, 0x0000, 0x0000, 0x0000, 0x0000, 0x0000, 0x0000,
    0x0000, 0x0000, 0x0000, 0x0000, 0x0000, 0x0000, 0x0000, 0x0000, 0x0000, 0x0000, 0x0000, 0x0000, 0x0000, 0x0000, 0x0000, 0x0000,
    0x0000, 0x0000, 0x0000, 0x0000, 0x0000, 0x0000, 0x0000, 0x0000, 0x0000, 0x0000, 0x0000, 0x0000, 0x0000, 0x0000, 0x0000, 0x0000,
    0x0000, 0x0000, 0x0000, 0xA400, 0xB703, 0x9703, 0x9703, 0x9803, 0x9703, 0x9603, 0x9703, 0x9603, 0x970B, 0x1503, 0x313B, 0x3174,
    0xD15B, 0x102B, 0xF20A, 0x3403, 0x7603, 0xB803, 0xB803, 0xB803, 0x9703, 0x9703, 0x7703, 0x7703, 0x9703, 0x9803, 0x9803, 0x9703,
    0x9703, 0x9703, 0x9703, 0x9703, 0x9703, 0x9703, 0x9703, 0x7703, 0xB803, 0x700A, 0x0000, 0x0000, 0x0000, 0x0000, 0x0000, 0x0000,
    0x0000, 0x0000, 0x0000, 0x0000, 0x0000, 0xC301, 0xAA0C, 0x8804, 0x8804, 0x8804, 0x8804, 0x8804, 0x8804, 0x8804, 0x8804, 0xA804,
    0x8804, 0x8804, 0x8804, 0xA804, 0xA804, 0x8904, 0x690C, 0x470B, 0x0E64, 0x4F7C, 0x0823, 0x4804, 0xEA0C, 0x4914, 0x481B, 0x749D,
    0x4A43, 0xE813, 0xA90C, 0x690C, 0x8804, 0xA804, 0x8804, 0x8804, 0xA804, 0x8804, 0xA90C, 0x850A, 0x0000, 0x0000, 0x0000, 0x0000,
    0x0000, 0x0000, 0x0000, 0x0000, 0x0000, 0x0000, 0x0000, 0x0000, 0x0000, 0x0000, 0x0000, 0x0000, 0x0000, 0x0000, 0x0000, 0x0000,
    0x0000, 0x0000, 0x0000, 0x0000, 0x0000, 0x0000, 0x0000, 0x0000, 0x0000, 0x0000, 0x0000, 0x0000, 0x0000, 0x0000, 0x0000, 0x0000,
    0x0000, 0x0000, 0x0000, 0x0000, 0x0000, 0x0000, 0x0000, 0x0000, 0x0000, 0x0000, 0x0000, 0x0000, 0x0000, 0x0000, 0x0000, 0x0000,
    0x0000, 0x0000, 0x0000, 0x0000, 0x0000, 0x0000, 0x0000, 0x0000, 0x0000, 0x0000, 0x0000, 0x0000, 0x0000, 0x0000, 0x0000, 0x0000,
    0x0000, 0x0000, 0x0000, 0x0000, 0x0000, 0x0000, 0x0000, 0x0000, 0x0000, 0x0000, 0x0000, 0x0000, 0x0000, 0x0000, 0x0000, 0x0000,
    0x0000, 0x0000, 0x0000, 0x0000, 0x0000, 0x0000, 0x0000, 0x0000, 0x0000, 0x0000, 0x0000, 0x0000, 0x0000, 0x0000, 0x0000, 0x0000,
    0x0000, 0x0000, 0x0000, 0x0000, 0x0000, 0x0000, 0x0000, 0x0000, 0x0000, 0x0000, 0x0000, 0x0000, 0x0000, 0x0000, 0x0000, 0x0000,
    0x0000, 0x0000, 0x0000, 0x0000, 0x0000, 0x0000, 0x0000, 0x0000, 0x0000, 0x0000, 0x0000, 0x0000, 0x0000, 0x0000, 0x0000, 0x0000,
    0x0000, 0x0000, 0x0000, 0x0000, 0x0000, 0x0000, 0x0000, 0x0000, 0x0000, 0x0000, 0x0000, 0x0000, 0x0000, 0x0000, 0x0000, 0x0000,
    0x0000, 0x0000, 0x0000, 0xA400, 0xB703, 0x9703, 0x9703, 0x9703, 0x7703, 0x9803, 0x9803, 0x9703, 0x9803, 0xB903, 0x5403, 0x8F1A,
    0x314B, 0x136C, 0xF16B, 0x9053, 0x3033, 0xF112, 0x1303, 0x3403, 0x7603, 0x9703, 0xB803, 0x9703, 0x9703, 0x9603, 0x9603, 0x9703,
    0x9703, 0x9703, 0x9703, 0x9703, 0x9703, 0x9703, 0x9703, 0x9703, 0xB703, 0xD20A, 0x2100, 0x0000, 0x0000, 0x0000, 0x0000, 0x0000,
    0x0000, 0x0000, 0x0000, 0x0000, 0x0000, 0x650A, 0xA904, 0x8804, 0x8804, 0x8804, 0x8804, 0x8804, 0x8804, 0x8804, 0x8804, 0x8804,
    0x8804, 0x8804, 0x8804, 0xA804, 0x8804, 0x890C, 0x8603, 0xF28C, 0xFFFF, 0xFFFF, 0x5DE7, 0x492B, 0x0804, 0x890C, 0xE803, 0x4933,
    0xD5AD, 0x2613, 0x6904, 0x6804, 0xC804, 0xA804, 0x8804, 0x8804, 0xA804, 0x8804, 0xA90C, 0x850A, 0x0000, 0x0000, 0x0000, 0x0000,
    0x0000, 0x0000, 0x0000, 0x0000, 0x0000, 0x0000, 0x0000, 0x0000, 0x0000, 0x0000, 0x0000, 0x0000, 0x0000, 0x0000, 0x0000, 0x0000,
    0x0000, 0x0000, 0x0000, 0x0000, 0x0000, 0x0000, 0x0000, 0x0000, 0x0000, 0x0000, 0x0000, 0x0000, 0x0000, 0x0000, 0x0000, 0x0000,
    0x0000, 0x0000, 0x0000, 0x0000, 0x0000, 0x0000, 0x0000, 0x0000, 0x0000, 0x0000, 0x0000, 0x0000, 0x0000, 0x0000, 0x0000, 0x0000,
    0x0000, 0x0000, 0x0000, 0x0000, 0x0000, 0x0000, 0x0000, 0x0000, 0x0000, 0x0000, 0x0000, 0x0000, 0x0000, 0x0000, 0x0000, 0x0000,
    0x0000, 0x0000, 0x0000, 0x0000, 0x0000, 0x0000, 0x0000, 0x0000, 0x0000, 0x0000, 0x0000, 0x0000, 0x0000, 0x0000, 0x0000, 0x0000,
    0x0000, 0x0000, 0x0000, 0x0000, 0x0000, 0x0000, 0x0000, 0x0000, 0x0000, 0x0000, 0x0000, 0x0000, 0x0000, 0x0000, 0x0000, 0x0000,
    0x0000, 0x0000, 0x0000, 0x0000, 0x0000, 0x0000, 0x0000, 0x0000, 0x0000, 0x0000, 0x0000, 0x0000, 0x0000, 0x0000, 0x0000, 0x0000,
    0x0000, 0x0000, 0x0000, 0x0000, 0x0000, 0x0000, 0x0000, 0x0000, 0x0000, 0x0000, 0x0000, 0x0000, 0x0000, 0x0000, 0x0000, 0x0000,
    0x0000, 0x0000, 0x0000, 0x0000, 0x0000, 0x0000, 0x0000, 0x0000, 0x0000, 0x0000, 0x0000, 0x0000, 0x0000, 0x0000, 0x0000, 0x0000,
    0x0000, 0x0000, 0x0000, 0xA400, 0xB703, 0x9703, 0x9703, 0x7703, 0x7703, 0x9903, 0x9803, 0x9703, 0x9703, 0xB703, 0xD803, 0xD803,
    0x7603, 0xF30A, 0x1123, 0x924B, 0xF263, 0x3374, 0xF16B, 0xD153, 0x5133, 0xF10A, 0x1403, 0x9703, 0xB803, 0xB703, 0x9703, 0x9803,
    0x9803, 0x9803, 0x9703, 0x9703, 0x9703, 0x9703, 0x9703, 0x9803, 0x9703, 0x330B, 0x6300, 0x0000, 0x0000, 0x0000, 0x0000, 0x0000,
    0x0000, 0x0000, 0x0000, 0x0000, 0x0000, 0x0613, 0xA904, 0x8804, 0x8804, 0x8804, 0x8804, 0x8804, 0x8804, 0x8804, 0x8804, 0x8804,
    0x8804, 0x8804, 0x8804, 0xA804, 0x6804, 0x8914, 0x6613, 0x1BDF, 0xF7AD, 0x3385, 0x79CE, 0xB9D6, 0x271B, 0x880C, 0xE904, 0x4603,
    0x94A5, 0x5285, 0x8603, 0xA904, 0xA804, 0xA804, 0x6804, 0x8804, 0xA804, 0x8804, 0xA90C, 0x850A, 0x0000, 0x0000, 0x0000, 0x0000,
    0x0000, 0x0000, 0x0000, 0x0000, 0x0000, 0x0000, 0x0000, 0x0000, 0x0000, 0x0000, 0x0000, 0x0000, 0x0000, 0x0000, 0x0000, 0x0000,
    0x0000, 0x0000, 0x0000, 0x0000, 0x0000, 0x0000, 0x0000, 0x0000, 0x0000, 0x0000, 0x0000, 0x0000, 0x0000, 0x0000, 0x0000, 0x0000,
    0x0000, 0x0000, 0x0000, 0x0000, 0x0000, 0x0000, 0x0000, 0x0000, 0x0000, 0x0000, 0x0000, 0x0000, 0x0000, 0x0000, 0x0000, 0x0000,
    0x0000, 0x0000, 0x0000, 0x0000, 0x0000, 0x0000, 0x0000, 0x0000, 0x0000, 0x0000, 0x0000, 0x0000, 0x0000, 0x0000, 0x0000, 0x0000,
    0x0000, 0x0000, 0x0000, 0x0000, 0x0000, 0x0000, 0x0000, 0x0000, 0x0000, 0x0000, 0x0000, 0x0000, 0x0000, 0x0000, 0x0000, 0x0000,
    0x0000, 0x0000, 0x0000, 0x0000, 0x0000, 0x0000, 0x0000, 0x0000, 0x0000, 0x0000, 0x0000, 0x0000, 0x0000, 0x0000, 0x0000, 0x0000,
    0x0000, 0x0000, 0x0000, 0x0000, 0x0000, 0x0000, 0x0000, 0x0000, 0x0000, 0x0000, 0x0000, 0x0000, 0x0000, 0x0000, 0x0000, 0x0000,
    0x0000, 0x0000, 0x0000, 0x0000, 0x0000, 0x0000, 0x0000, 0x0000, 0x0000, 0x0000, 0x0000, 0x0000, 0x0000, 0x0000, 0x0000, 0x0000,
    0x0000, 0x0000, 0x0000, 0x0000, 0x0000, 0x0000, 0x0000, 0x0000, 0x0000, 0x0000, 0x0000, 0x0000, 0x0000, 0x0000, 0x0000, 0x0000,
    0x0000, 0x0000, 0x0000, 0xA400, 0xB703, 0x9703, 0x9703, 0x9703, 0x9703, 0x9803, 0x9803, 0x340B, 0x8F1A, 0xB00A, 0xD302, 0xD302,
    0xF302, 0x3403, 0x1403, 0xB102, 0x8F02, 0x6E1A, 0xCE32, 0x4E53, 0x1174, 0x947C, 0x1364, 0x1023, 0x1303, 0xB803, 0xB903, 0x9703,
    0x9803, 0xB803, 0x9803, 0x9703, 0x9703, 0x9703, 0x9703, 0x9703, 0x9703, 0x750B, 0xC500, 0x0000, 0x0000, 0x0000, 0x0000, 0x0000,
    0x0000, 0x0000, 0x0000, 0x0000, 0x4000, 0x8713, 0xA904, 0x8804, 0x8804, 0x8804, 0x8804, 0x8804, 0x8804, 0x8804, 0x8804, 0x8804,
    0x8804, 0x8804, 0x8804, 0xA804, 0x8804, 0x480C, 0xC81B, 0xD084, 0xA60A, 0xA813, 0x860A, 0xD184, 0xAF64, 0xC703, 0xEA04, 0xA703,
    0xB07C, 0x7CEF, 0x271B, 0x8804, 0x8804, 0x8804, 0x8904, 0x8804, 0xA804, 0x8804, 0xA90C, 0x850A, 0x0000, 0x0000, 0x0000, 0x0000,
    0x0000, 0x0000, 0x0000, 0x0000, 0x0000, 0x0000, 0x0000, 0x0000, 0x0000, 0x0000, 0x0000, 0x0000, 0x0000, 0x0000, 0x0000, 0x0000,
    0x0000, 0x0000, 0x0000, 0x0000, 0x0000, 0x0000, 0x0000, 0x0000, 0x0000, 0x0000, 0x0000, 0x0000, 0x0000, 0x0000, 0x0000, 0x0000,
    0x0000, 0x0000, 0x0000, 0x0000, 0x0000, 0x0000, 0x0000, 0x0000, 0x0000, 0x0000, 0x0000, 0x0000, 0x0000, 0x0000, 0x0000, 0x0000,
    0x0000, 0x0000, 0x0000, 0x0000, 0x0000, 0x0000, 0x0000, 0x0000, 0x0000, 0x0000, 0x0000, 0x0000, 0x0000, 0x0000, 0x0000, 0x0000,
    0x0000, 0x0000, 0x0000, 0x0000, 0x0000, 0x0000, 0x0000, 0x0000, 0x0000, 0x0000, 0x0000, 0x0000, 0x0000, 0x0000, 0x0000, 0x0000,
    0x0000, 0x0000, 0x0000, 0x0000, 0x0000, 0x0000, 0x0000, 0x0000, 0x0000, 0x0000, 0x0000, 0x0000, 0x0000, 0x0000, 0x0000, 0x0000,
    0x0000, 0x0000, 0x0000, 0x0000, 0x0000, 0x0000, 0x0000, 0x0000, 0x0000, 0x0000, 0x0000, 0x0000, 0x0000, 0x0000, 0x0000, 0x0000,
    0x0000, 0x0000, 0x0000, 0x0000, 0x0000, 0x0000, 0x0000, 0x0000, 0x0000, 0x0000, 0x0000, 0x0000, 0x0000, 0x0000, 0x0000, 0x0000,
    0x0000, 0x0000, 0x0000, 0x0000, 0x0000, 0x0000, 0x0000, 0x0000, 0x0000, 0x0000, 0x0000, 0x0000, 0x0000, 0x0000, 0x0000, 0x0000,
    0x0000, 0x0000, 0x0000, 0xA400, 0xB703, 0x9703, 0x9703, 0x9803, 0xB703, 0x9603, 0xB803, 0xD01A, 0x99D6, 0x59C6, 0x97A5, 0xD484,
    0x7374, 0x1264, 0xF263, 0x1364, 0xF25B, 0xD253, 0xD24B, 0x303B, 0x4C32, 0xC831, 0xAA5A, 0xAF73, 0x9153, 0x8F12, 0x3413, 0x9703,
    0x9703, 0x9703, 0x9803, 0x9803, 0x9703, 0x9703, 0x9703, 0x9703, 0x9703, 0xB70B, 0x0801, 0x0000, 0x0000, 0x0000, 0x0000, 0x0000,
    0x0000, 0x0000, 0x0000, 0x0000, 0x8000, 0xE80B, 0xA804, 0x8804, 0x8804, 0x8804, 0x8804, 0x8804, 0x8804, 0x8804, 0x8804, 0xA804,
    0x8804, 0x8804, 0x8804, 0x8804, 0x8804, 0x890C, 0xA70B, 0x6F74, 0x482B, 0x0804, 0xCB0C, 0x4813, 0x4E6C, 0x8923, 0x8A14, 0xC502,
    0x16AE, 0xFFFF, 0x6933, 0x8704, 0xA804, 0x6804, 0x8904, 0x8804, 0xA804, 0x8804, 0xA90C, 0x850A, 0x0000, 0x0000, 0x0000, 0x0000,
    0x0000, 0x0000, 0x0000, 0x0000, 0x0000, 0x0000, 0x0000, 0x0000, 0x0000, 0x0000, 0x0000, 0x0000, 0x0000, 0x0000, 0x0000, 0x0000,
    0x0000, 0x0000, 0x0000, 0x0000, 0x0000, 0x0000, 0x0000, 0x0000, 0x0000, 0x0000, 0x0000, 0x0000, 0x0000, 0x0000, 0x0000, 0x0000,
    0x0000, 0x0000, 0x0000, 0x0000, 0x0000, 0x0000, 0x0000, 0x0000, 0x0000, 0x0000, 0x0000, 0x0000, 0x0000, 0x0000, 0x0000, 0x0000,
    0x0000, 0x0000, 0x0000, 0x0000, 0x0000, 0x0000, 0x0000, 0x0000, 0x0000, 0x0000, 0x0000, 0x0000, 0x0000, 0x0000, 0x0000, 0x0000,
    0x0000, 0x0000, 0x0000, 0x0000, 0x0000, 0x0000, 0x0000, 0x0000, 0x0000, 0x0000, 0x0000, 0x0000, 0x0000, 0x0000, 0x0000, 0x0000,
    0x0000, 0x0000, 0x0000, 0x0000, 0x0000, 0x0000, 0x0000, 0x0000, 0x0000, 0x0000, 0x0000, 0x0000, 0x0000, 0x0000, 0x0000, 0x0000,
    0x0000, 0x0000, 0x0000, 0x0000, 0x0000, 0x0000, 0x0000, 0x0000, 0x0000, 0x0000, 0x0000, 0x0000, 0x0000, 0x0000, 0x0000, 0x0000,
    0x0000, 0x0000, 0x0000, 0x0000, 0x0000, 0x0000, 0x0000, 0x0000, 0x0000, 0x0000, 0x0000, 0x0000, 0x0000, 0x0000, 0x0000, 0x0000,
    0x0000, 0x0000, 0x0000, 0x0000, 0x0000, 0x0000, 0x0000, 0x0000, 0x0000, 0x0000, 0x0000, 0x0000, 0x0000, 0x0000, 0x0000, 0x0000,
    0x0000, 0x0000, 0x0000, 0xA400, 0xB703, 0x9703, 0x9703, 0x9803, 0xB603, 0x9603, 0xB803, 0xB00A, 0xFBDE, 0xFFFF, 0xFFFF, 0xFFFF,
    0xFFFF, 0xFFFF, 0xFFFF, 0xFFFF, 0xFFFF, 0xDFFF, 0xDFFF, 0xDFFF, 0x7DEF, 0xDBDE, 0x55B5, 0xAE73, 0xF073, 0x938C, 0xAE2A, 0x550B,
    0x9603, 0x9703, 0x9703, 0x9803, 0x9703, 0x9703, 0x9703, 0x9703, 0x9603, 0xB803, 0x6A01, 0x0000, 0x0000, 0x0000, 0x0000, 0x0000,
    0x0000, 0x0000, 0x0000, 0x0000, 0xA100, 0x4904, 0xA804, 0x8804, 0x8804, 0x8804, 0x8804, 0x8804, 0x8804, 0x8804, 0x8804, 0xA804,
    0xA804, 0x8804, 0x8804, 0x8804, 0x8804, 0xA904, 0x0804, 0x8C4B, 0x37C6, 0xAA43, 0x260B, 0xE70A, 0xC93A, 0x4A43, 0x8512, 0xD184,
    0xFFFF, 0xBFFF, 0xAB3B, 0x6804, 0xA804, 0x8904, 0x8904, 0x8804, 0xA804, 0x8804, 0xA90C, 0x850A, 0x0000, 0x0000, 0x0000, 0x0000,
    0x0000, 0x0000, 0x0000, 0x0000, 0x0000, 0x0000, 0x0000, 0x0000, 0x0000, 0x0000, 0x0000, 0x0000, 0x0000, 0x0000, 0x0000, 0x0000,
    0x0000, 0x0000, 0x0000, 0x0000, 0x0000, 0x0000, 0x0000, 0x0000, 0x0000, 0x0000, 0x0000, 0x0000, 0x0000, 0x0000, 0x0000, 0x0000,
    0x0000, 0x0000, 0x0000, 0x0000, 0x0000, 0x0000, 0x0000, 0x0000, 0x0000, 0x0000, 0x0000, 0x0000, 0x0000, 0x0000, 0x0000, 0x0000,
    0x0000, 0x0000, 0x0000, 0x0000, 0x0000, 0x0000, 0x0000, 0x0000, 0x0000, 0x0000, 0x0000, 0x0000, 0x0000, 0x0000, 0x0000, 0x0000,
    0x0000, 0x0000, 0x0000, 0x0000, 0x0000, 0x0000, 0x0000, 0x0000, 0x0000, 0x0000, 0x0000, 0x0000, 0x0000, 0x0000, 0x0000, 0x0000,
    0x0000, 0x0000, 0x0000, 0x0000, 0x0000, 0x0000, 0x0000, 0x0000, 0x0000, 0x0000, 0x0000, 0x0000, 0x0000, 0x0000, 0x0000, 0x0000,
    0x0000, 0x0000, 0x0000, 0x0000, 0x0000, 0x0000, 0x0000, 0x0000, 0x0000, 0x0000, 0x0000, 0x0000, 0x0000, 0x0000, 0x0000, 0x0000,
    0x0000, 0x0000, 0x0000, 0x0000, 0x0000, 0x0000, 0x0000, 0x0000, 0x0000, 0x0000, 0x0000, 0x0000, 0x0000, 0x0000, 0x0000, 0x0000,
    0x0000, 0x0000, 0x0000, 0x0000, 0x0000, 0x0000, 0x0000, 0x0000, 0x0000, 0x0000, 0x0000, 0x0000, 0x0000, 0x0000, 0x0000, 0x0000,
    0x0000, 0x0000, 0x0000, 0xA400, 0xB703, 0x9703, 0x9703, 0x9703, 0x9703, 0x9703, 0xB803, 0x1303, 0x6F53, 0x7DEF, 0xDEFF, 0x7DEF,
    0xFFFF, 0xFFFF, 0xFFFF, 0xFFFF, 0xFFFF, 0xFFFF, 0xFFFF, 0xFFFF, 0xFFFF, 0xFFFF, 0xFFFF, 0xFFFF, 0x7DEF, 0xBEF7, 0x578D, 0xD302,
    0xB60B, 0x9603, 0x9703, 0x9803, 0x9703, 0x9703, 0x9803, 0x9703, 0x9603, 0xB803, 0xEC09, 0x0000, 0x0000, 0x0000, 0x0000, 0x0000,
    0x0000, 0x0000, 0x0000, 0x0000, 0x0201, 0xA90C, 0x8804, 0x8804, 0x8804, 0x8804, 0x8804, 0x8804, 0x8804, 0x8804, 0x8804, 0xA804,
    0xA804, 0x8804, 0x8804, 0x8804, 0x8804, 0x8804, 0xA90C, 0x6803, 0x6E5C, 0xDEF7, 0xDADE, 0x74A5, 0x74A5, 0x58C6, 0xB9D6, 0xFFFF,
    0xFFFF, 0x5DE7, 0x4823, 0xA804, 0x8804, 0xA904, 0x8904, 0x8804, 0xA804, 0x8804, 0xA90C, 0x850A, 0x0000, 0x0000, 0x0000, 0x0000,
    0x0000, 0x0000, 0x0000, 0x0000, 0x0000, 0x0000, 0x0000, 0x0000, 0x0000, 0x0000, 0x0000, 0x0000, 0x0000, 0x0000, 0x0000, 0x0000,
    0x0000, 0x0000, 0x0000, 0x0000, 0x0000, 0x0000, 0x0000, 0x0000, 0x0000, 0x0000, 0x0000, 0x0000, 0x0000, 0x0000, 0x0000, 0x0000,
    0x0000, 0x0000, 0x0000, 0x0000, 0x0000, 0x0000, 0x0000, 0x0000, 0x0000, 0x0000, 0x0000, 0x0000, 0x0000, 0x0000, 0x0000, 0x0000,
    0x0000, 0x0000, 0x0000, 0x0000, 0x0000, 0x0000, 0x0000, 0x0000, 0x0000, 0x0000, 0x0000, 0x0000, 0x0000, 0x0000, 0x0000, 0x0000,
    0x0000, 0x0000, 0x0000, 0x0000, 0x0000, 0x0000, 0x0000, 0x0000, 0x0000, 0x0000, 0x0000, 0x0000, 0x0000, 0x0000, 0x0000, 0x0000,
    0x0000, 0x0000, 0x0000, 0x0000, 0x0000, 0x0000, 0x0000, 0x0000, 0x0000, 0x0000, 0x0000, 0x0000, 0x0000, 0x0000, 0x0000, 0x0000,
    0x0000, 0x0000, 0x0000, 0x0000, 0x0000, 0x0000, 0x0000, 0x0000, 0x0000, 0x0000, 0x0000, 0x0000, 0x0000, 0x0000, 0x0000, 0x0000,
    0x0000, 0x0000, 0x0000, 0x0000, 0x0000, 0x0000, 0x0000, 0x0000, 0x0000, 0x0000, 0x0000, 0x0000, 0x0000, 0x0000, 0x0000, 0x0000,
    0x0000, 0x0000, 0x0000, 0x0000, 0x0000, 0x0000, 0x0000, 0x0000, 0x0000, 0x0000, 0x0000, 0x0000, 0x0000, 0x0000, 0x0000, 0x0000,
    0x0000, 0x0000, 0x0000, 0xA400, 0xB703, 0x9703, 0x9703, 0x9803, 0x9703, 0x9603, 0x9703, 0xB803, 0xD202, 0x303B, 0xF8AD, 0x3184,
    0xAF73, 0xB384, 0xD7A5, 0x58BE, 0xBACE, 0xDBCE, 0xDCCE, 0xDBD6, 0xDADE, 0xD9DE, 0xB9DE, 0xBAD6, 0x1CE7, 0x9DF7, 0xF9A5, 0xB202,
    0xB60B, 0x9603, 0x9703, 0x9803, 0x9703, 0x9703, 0x9703, 0x9703, 0x7703, 0xB803, 0x4F0A, 0x0000, 0x0000, 0x0000, 0x0000, 0x0000,
    0x0000, 0x0000, 0x0000, 0x0000, 0x8201, 0xC904, 0x8804, 0x8804, 0x8804, 0x8804, 0x8804, 0x8804, 0x8804, 0x8804, 0x8804, 0xA804,
    0xA804, 0x8804, 0x8804, 0x8804, 0xA804, 0x8804, 0x8804, 0xA90C, 0x4603, 0x8B43, 0xFBD6, 0xFFFF, 0xFFFF, 0xFFFF, 0xFFFF, 0xFFFF,
    0xFFFF, 0x4E6C, 0xA603, 0xC804, 0x8804, 0x8804, 0xA804, 0x8804, 0xA804, 0x8804, 0xA90C, 0x850A, 0x0000, 0x0000, 0x0000, 0x0000,
    0x0000, 0x0000, 0x0000, 0x0000, 0x0000, 0x0000, 0x0000, 0x0000, 0x0000, 0x0000, 0x0000, 0x0000, 0x0000, 0x0000, 0x0000, 0x0000,
    0x0000, 0x0000, 0x0000, 0x0000, 0x0000, 0x0000, 0x0000, 0x0000, 0x0000, 0x0000, 0x0000, 0x0000, 0x0000, 0x0000, 0x0000, 0x0000,
    0x0000, 0x0000, 0x0000, 0x0000, 0x0000, 0x0000, 0x0000, 0x0000, 0x0000, 0x0000, 0x0000, 0x0000, 0x0000, 0x0000, 0x0000, 0x0000,
    0x0000, 0x0000, 0x0000, 0x0000, 0x0000, 0x0000, 0x0000, 0x0000, 0x0000, 0x0000, 0x0000, 0x0000, 0x0000, 0x0000, 0x0000, 0x0000,
    0x0000, 0x0000, 0x0000, 0x0000, 0x0000, 0x0000, 0x0000, 0x0000, 0x0000, 0x0000, 0x0000, 0x0000, 0x0000, 0x0000, 0x0000, 0x0000,
    0x0000, 0x0000, 0x0000, 0x0000, 0x0000, 0x0000, 0x0000, 0x0000, 0x0000, 0x0000, 0x0000, 0x0000, 0x0000, 0x0000, 0x0000, 0x0000,
    0x0000, 0x0000, 0x0000, 0x0000, 0x0000, 0x0000, 0x0000, 0x0000, 0x0000, 0x0000, 0x0000, 0x0000, 0x0000, 0x0000, 0x0000, 0x0000,
    0x0000, 0x0000, 0x0000, 0x0000, 0x0000, 0x0000, 0x0000, 0x0000, 0x0000, 0x0000, 0x0000, 0x0000, 0x0000, 0x0000, 0x0000, 0x0000,
    0x0000, 0x0000, 0x0000, 0x0000, 0x0000, 0x0000, 0x0000, 0x0000, 0x0000, 0x0000, 0x0000, 0x0000, 0x0000, 0x0000, 0x0000, 0x0000,
    0x0000, 0x0000, 0x0000, 0xA400, 0xB703, 0x9703, 0x9703, 0x9803, 0xB803, 0x9603, 0x9603, 0x9703, 0xD903, 0x340B, 0x8E1A, 0xF06B,
    0x8E6B, 0x8B4A, 0xEA21, 0x0C12, 0xB012, 0x121B, 0xF11A, 0xD11A, 0xD01A, 0xCF22, 0xEF1A, 0xF012, 0xCF12, 0xAF22, 0x312B, 0x3403,
    0x9603, 0x9703, 0x9703, 0x9703, 0x9703, 0x9703, 0x9703, 0x9703, 0x7703, 0xB70B, 0xB10A, 0x0100, 0x0000, 0x0000, 0x0000, 0x0000,
    0x0000, 0x0000, 0x0000, 0x0000, 0xC301, 0xA904, 0x8804, 0x8804, 0x8804, 0x8804, 0x8804, 0x8804, 0x8804, 0x8804, 0x8804, 0x8804,
    0x8804, 0x8804, 0x8804, 0xA804, 0xA804, 0xA804, 0xA804, 0xA804, 0xA90C, 0xC70B, 0x2713, 0x6E5C, 0xD6AD, 0xD7BD, 0x55B5, 0x34A5,
    0xCD53, 0x470B, 0x8904, 0xA804, 0x8804, 0x8804, 0x8804, 0x8804, 0xA804, 0x8804, 0xA90C, 0x850A, 0x0000, 0x0000, 0x0000, 0x0000,
    0x0000, 0x0000, 0x0000, 0x0000, 0x0000, 0x0000, 0x0000, 0x0000, 0x0000, 0x0000, 0x0000, 0x0000, 0x0000, 0x0000, 0x0000, 0x0000,
    0x0000, 0x0000, 0x0000, 0x0000, 0x0000, 0x0000, 0x0000, 0x0000, 0x0000, 0x0000, 0x0000, 0x0000, 0x0000, 0x0000, 0x0000, 0x0000,
    0x0000, 0x0000, 0x0000, 0x0000, 0x0000, 0x0000, 0x0000, 0x0000, 0x0000, 0x0000, 0x0000, 0x0000, 0x0000, 0x0000, 0x0000, 0x0000,
    0x0000, 0x0000, 0x0000, 0x0000, 0x0000, 0x0000, 0x0000, 0x0000, 0x0000, 0x0000, 0x0000, 0x0000, 0x0000, 0x0000, 0x0000, 0x0000,
    0x0000, 0x0000, 0x0000, 0x0000, 0x0000, 0x0000, 0x0000, 0x0000, 0x0000, 0x0000, 0x0000, 0x0000, 0x0000, 0x0000, 0x0000, 0x0000,
    0x0000, 0x0000, 0x0000, 0x0000, 0x0000, 0x0000, 0x0000, 0x0000, 0x0000, 0x0000, 0x0000, 0x0000, 0x0000, 0x0000, 0x0000, 0x0000,
    0x0000, 0x0000, 0x0000, 0x0000, 0x0000, 0x0000, 0x0000, 0x0000, 0x0000, 0x0000, 0x0000, 0x0000, 0x0000, 0x0000, 0x0000, 0x0000,
    0x0000, 0x0000, 0x0000, 0x0000, 0x0000, 0x0000, 0x0000, 0x0000, 0x0000, 0x0000, 0x0000, 0x0000, 0x0000, 0x0000, 0x0000, 0x0000,
    0x0000, 0x0000, 0x0000, 0x0000, 0x0000, 0x0000, 0x0000, 0x0000, 0x0000, 0x0000, 0x0000, 0x0000, 0x0000, 0x0000, 0x0000, 0x0000,
    0x0000, 0x0000, 0x0000, 0xA400, 0xB703, 0x9703, 0x9703, 0x9803, 0x9703, 0x9703, 0x9703, 0x9703, 0x9703, 0xB703, 0x960B, 0xF202,
    0x1123, 0x135C, 0x7384, 0xF26B, 0x103B, 0xD10A, 0x5403, 0xD803, 0xB803, 0x7703, 0x7703, 0x9703, 0xB703, 0x7803, 0x5703, 0x9603,
    0x9703, 0x9703, 0x9703, 0x9803, 0x9703, 0x9703, 0x9703, 0x9703, 0x7703, 0xB703, 0xD10A, 0x2100, 0x0000, 0x0000, 0x0000, 0x0000,
    0x0000, 0x0000, 0x0000, 0x0000, 0x240A, 0xA904, 0x8804, 0x8804, 0x8804, 0x8804, 0x8804, 0x8804, 0x8804, 0x8804, 0x8804, 0x8804,
    0x8804, 0x8804, 0x8804, 0xA804, 0xA804, 0xA804, 0xA804, 0xA904, 0xA804, 0xC904, 0xA804, 0xC603, 0x870B, 0x860A, 0x6732, 0xCE73,
    0x860A, 0xAB14, 0x8904, 0xA804, 0xC804, 0x8804, 0x6804, 0x8804, 0xA804, 0x8804, 0xA90C, 0x850A, 0x0000, 0x0000, 0x0000, 0x0000,
    0x0000, 0x0000, 0x0000, 0x0000, 0x0000, 0x0000, 0x0000, 0x0000, 0x0000, 0x0000, 0x0000, 0x0000, 0x0000, 0x0000, 0x0000, 0x0000,
    0x0000, 0x0000, 0x0000, 0x0000, 0x0000, 0x0000, 0x0000, 0x0000, 0x0000, 0x0000, 0x0000, 0x0000, 0x0000, 0x0000, 0x0000, 0x0000,
    0x0000, 0x0000, 0x0000, 0x0000, 0x0000, 0x0000, 0x0000, 0x0000, 0x0000, 0x0000, 0x0000, 0x0000, 0x0000, 0x0000, 0x0000, 0x0000,
    0x0000, 0x0000, 0x0000, 0x0000, 0x0000, 0x0000, 0x0000, 0x0000, 0x0000, 0x0000, 0x0000, 0x0000, 0x0000, 0x0000, 0x0000, 0x0000,
    0x0000, 0x0000, 0x0000, 0x0000, 0x0000, 0x0000, 0x0000, 0x0000, 0x0000, 0x0000, 0x0000, 0x0000, 0x0000, 0x0000, 0x0000, 0x0000,
    0x0000, 0x0000, 0x0000, 0x0000, 0x0000, 0x0000, 0x0000, 0x0000, 0x0000, 0x0000, 0x0000, 0x0000, 0x0000, 0x0000, 0x0000, 0x0000,
    0x0000, 0x0000, 0x0000, 0x0000, 0x0000, 0x0000, 0x0000, 0x0000, 0x0000, 0x0000, 0x0000, 0x0000, 0x0000, 0x0000, 0x0000, 0x0000,
    0x0000, 0x0000, 0x0000, 0x0000, 0x0000, 0x0000, 0x0000, 0x0000, 0x0000, 0x0000, 0x0000, 0x0000, 0x0000, 0x0000, 0x0000, 0x0000,
    0x0000, 0x0000, 0x0000, 0x0000, 0x0000, 0x0000, 0x0000, 0x0000, 0x0000, 0x0000, 0x0000, 0x0000, 0x0000, 0x0000, 0x0000, 0x0000,
    0x0000, 0x0000, 0x0000, 0xA400, 0xB703, 0x9703, 0x9703, 0x7703, 0x7703, 0x9803, 0x9803, 0x9803, 0x9703, 0xB803, 0xB803, 0xD90B,
    0xB80B, 0x3503, 0x1113, 0x904B, 0x937C, 0x727C, 0x704B, 0xAF12, 0x3303, 0xB803, 0xB903, 0x7703, 0x770B, 0x9803, 0x9803, 0x9703,
    0x9703, 0x9703, 0x9803, 0x9803, 0x9703, 0x9703, 0x9703, 0x9703, 0x7703, 0xB703, 0x1203, 0x4200, 0x0000, 0x0000, 0x0000, 0x0000,
    0x0000, 0x0000, 0x0000, 0x0000, 0x650A, 0xC904, 0x8804, 0x8804, 0x8804, 0x8804, 0x8804, 0x8804, 0x8804, 0x8804, 0x8804, 0xA804,
    0xA804, 0x8804, 0x8804, 0x8804, 0x8804, 0x880C, 0xE70B, 0x2603, 0xA703, 0x4804, 0xA804, 0xE90C, 0xA904, 0xCA0C, 0x870B, 0xF59D,
    0x8F6C, 0x6703, 0xCA04, 0x8804, 0xA804, 0x8804, 0x8804, 0x8804, 0xA804, 0x8804, 0xA90C, 0x850A, 0x0000, 0x0000, 0x0000, 0x0000,
    0x0000, 0x0000, 0x0000, 0x0000, 0x0000, 0x0000, 0x0000, 0x0000, 0x0000, 0x0000, 0x0000, 0x0000, 0x0000, 0x0000, 0x0000, 0x0000,
    0x0000, 0x0000, 0x0000, 0x0000, 0x0000, 0x0000, 0x0000, 0x0000, 0x0000, 0x0000, 0x0000, 0x0000, 0x0000, 0x0000, 0x0000, 0x0000,
    0x0000, 0x0000, 0x0000, 0x0000, 0x0000, 0x0000, 0x0000, 0x0000, 0x0000, 0x0000, 0x0000, 0x0000, 0x0000, 0x0000, 0x0000, 0x0000,
    0x0000, 0x0000, 0x0000, 0x0000, 0x0000, 0x0000, 0x0000, 0x0000, 0x0000, 0x0000, 0x0000, 0x0000, 0x0000, 0x0000, 0x0000, 0x0000,
    0x0000, 0x0000, 0x0000, 0x0000, 0x0000, 0x0000, 0x0000, 0x0000, 0x0000, 0x0000, 0x0000, 0x0000, 0x0000, 0x0000, 0x0000, 0x0000,
    0x0000, 0x0000, 0x0000, 0x0000, 0x0000, 0x0000, 0x0000, 0x0000, 0x0000, 0x0000, 0x0000, 0x0000, 0x0000, 0x0000, 0x0000, 0x0000,
    0x0000, 0x0000, 0x0000, 0x0000, 0x0000, 0x0000, 0x0000, 0x0000, 0x0000, 0x0000, 0x0000, 0x0000, 0x0000, 0x0000, 0x0000, 0x0000,
    0x0000, 0x0000, 0x0000, 0x0000, 0x0000, 0x0000, 0x0000, 0x0000, 0x0000, 0x0000, 0x0000, 0x0000, 0x0000, 0x0000, 0x0000, 0x0000,
    0x0000, 0x0000, 0x0000, 0x0000, 0x0000, 0x0000, 0x0000, 0x0000, 0x0000, 0x0000, 0x0000, 0x0000, 0x0000, 0x0000, 0x0000, 0x0000,
    0x0000, 0x0000, 0x0000, 0xA400, 0xB703, 0x9703, 0x9703, 0x9703, 0x9703, 0x9703, 0x9803, 0x9803, 0x970B, 0x750B, 0xF20A, 0x9102,
    0x7002, 0xB002, 0xD102, 0xB102, 0x7002, 0x112B, 0x346C, 0xB48C, 0x914B, 0xF10A, 0x3403, 0xB70B, 0x770B, 0x7703, 0x9703, 0x9703,
    0x9703, 0x9803, 0x9803, 0x9703, 0x9703, 0x9703, 0x9703, 0x9703, 0x7803, 0xB703, 0x3303, 0x6300, 0x0000, 0x0000, 0x0000, 0x0000,
    0x0000, 0x0000, 0x2000, 0x0000, 0xA50A, 0xC904, 0x8804, 0x8804, 0x8804, 0x8804, 0x8804, 0x8804, 0x8804, 0x8804, 0x8804, 0xA804,
    0xA804, 0x8804, 0x8804, 0x8804, 0x6804, 0x890C, 0x860B, 0x127D, 0xB074, 0x6933, 0x2613, 0x8603, 0x0704, 0xA904, 0x890C, 0x082B,
    0xFADE, 0x6A3B, 0x0804, 0x8904, 0x6804, 0x8804, 0x8804, 0x8804, 0xA804, 0x8804, 0xA90C, 0x850A, 0x0000, 0x0000, 0x0000, 0x0000,
    0x0000, 0x0000, 0x0000, 0x0000, 0x0000, 0x0000, 0x0000, 0x0000, 0x0000, 0x0000, 0x0000, 0x0000, 0x0000, 0x0000, 0x0000, 0x0000,
    0x0000, 0x0000, 0x0000, 0x0000, 0x0000, 0x0000, 0x0000, 0x0000, 0x0000, 0x0000, 0x0000, 0x0000, 0x0000, 0x0000, 0x0000, 0x0000,
    0x0000, 0x0000, 0x0000, 0x0000, 0x0000, 0x0000, 0x0000, 0x0000, 0x0000, 0x0000, 0x0000, 0x0000, 0x0000, 0x0000, 0x0000, 0x0000,
    0x0000, 0x0000, 0x0000, 0x0000, 0x0000, 0x0000, 0x0000, 0x0000, 0x0000, 0x0000, 0x0000, 0x0000, 0x0000, 0x0000, 0x0000, 0x0000,
    0x0000, 0x0000, 0x0000, 0x0000, 0x0000, 0x0000, 0x0000, 0x0000, 0x0000, 0x0000, 0x0000, 0x0000, 0x0000, 0x0000, 0x0000, 0x0000,
    0x0000, 0x0000, 0x0000, 0x0000, 0x0000, 0x0000, 0x0000, 0x0000, 0x0000, 0x0000, 0x0000, 0x0000, 0x0000, 0x0000, 0x0000, 0x0000,
    0x0000, 0x0000, 0x0000, 0x0000, 0x0000, 0x0000, 0x0000, 0x0000, 0x0000, 0x0000, 0x0000, 0x0000, 0x0000, 0x0000, 0x0000, 0x0000,
    0x0000, 0x0000, 0x0000, 0x0000, 0x0000, 0x0000, 0x0000, 0x0000, 0x0000, 0x0000, 0x0000, 0x0000, 0x0000, 0x0000, 0x0000, 0x0000,
    0x0000, 0x0000, 0x0000, 0x0000, 0x0000, 0x0000, 0x0000, 0x0000, 0x0000, 0x0000, 0x0000, 0x0000, 0x0000, 0x0000, 0x0000, 0x0000,
    0x0000, 0x0000, 0x0000, 0xA400, 0xB703, 0x9703, 0x9703, 0x9703, 0x9703, 0x9703, 0x9703, 0x970B, 0xF30A, 0x8F1A, 0xF26B, 0x769D,
    0xD7A5, 0xD7A5, 0x7795, 0x9474, 0x914B, 0xCE32, 0xCA11, 0x0A22, 0x4E63, 0x5384, 0x9153, 0xB10A, 0x9603, 0xB703, 0x9703, 0x9703,
    0x9803, 0x9703, 0x9703, 0x9703, 0x9703, 0x9703, 0x9703, 0x9703, 0x9803, 0xB803, 0x5403, 0x8300, 0x0000, 0x0000, 0x0000, 0x0000,
    0x0000, 0x0000, 0x2000, 0x0000, 0x0613, 0xC904, 0x8804, 0x8804, 0x8804, 0x8804, 0x8804, 0x8804, 0x8804, 0x8804, 0x8804, 0x8804,
    0x8804, 0x8804, 0x8804, 0x8804, 0x8804, 0xA90C, 0x8603, 0x95AD, 0xFFFF, 0x7DE7, 0x78BE, 0xF17C, 0xAA43, 0x681B, 0xE60A, 0x882A,
    0x7DEF, 0x57BE, 0xE612, 0xA90C, 0xA804, 0xA804, 0x8804, 0x8804, 0xA804, 0x8804, 0xA90C, 0x850A, 0x0000, 0x0000, 0x0000, 0x0000,
    0x0000, 0x0000, 0x0000, 0x0000, 0x0000, 0x0000, 0x0000, 0x0000, 0x0000, 0x0000, 0x0000, 0x0000, 0x0000, 0x0000, 0x0000, 0x0000,
    0x0000, 0x0000, 0x0000, 0x0000, 0x0000, 0x0000, 0x0000, 0x0000, 0x0000, 0x0000, 0x0000, 0x0000, 0x0000, 0x0000, 0x0000, 0x0000,
    0x0000, 0x0000, 0x0000, 0x0000, 0x0000, 0x0000, 0x0000, 0x0000, 0x0000, 0x0000, 0x0000, 0x0000, 0x0000, 0x0000, 0x0000, 0x0000,
    0x0000, 0x0000, 0x0000, 0x0000, 0x0000, 0x0000, 0x0000, 0x0000, 0x0000, 0x0000, 0x0000, 0x0000, 0x0000, 0x0000, 0x0000, 0x0000,
    0x0000, 0x0000, 0x0000, 0x0000, 0x0000, 0x0000, 0x0000, 0x0000, 0x0000, 0x0000, 0x0000, 0x0000, 0x0000, 0x0000, 0x0000, 0x0000,
    0x0000, 0x0000, 0x0000, 0x0000, 0x0000, 0x0000, 0x0000, 0x0000, 0x0000, 0x0000, 0x0000, 0x0000, 0x0000, 0x0000, 0x0000, 0x0000,
    0x0000, 0x0000, 0x0000, 0x0000, 0x0000, 0x0000, 0x0000, 0x0000, 0x0000, 0x0000, 0x0000, 0x0000, 0x0000, 0x0000, 0x0000, 0x0000,
    0x0000, 0x0000, 0x0000, 0x0000, 0x0000, 0x0000, 0x0000, 0x0000, 0x0000, 0x0000, 0x0000, 0x0000, 0x0000, 0x0000, 0x0000, 0x0000,
    0x0000, 0x0000, 0x0000, 0x0000, 0x0000, 0x0000, 0x0000, 0x0000, 0x0000, 0x0000, 0x0000, 0x0000, 0x0000, 0x0000, 0x0000, 0x0000,
    0x0000, 0x0000, 0x0000, 0xA400, 0xB703, 0x9703, 0x9703, 0x9703, 0x9703, 0x9803, 0xB703, 0xF20A, 0xB24B, 0x3DDF, 0xFFFF, 0xFFFF,
    0xFFFF, 0xFFFF, 0xFFFF, 0xFFFF, 0xFFFF, 0x7DEF, 0x79C6, 0xF494, 0x8C4A, 0xA931, 0x4E63, 0xB37C, 0xCE1A, 0x550B, 0xB903, 0x9703,
    0x9703, 0x9703, 0x9703, 0x9703, 0x9703, 0x9703, 0x9703, 0x9703, 0x9803, 0xB803, 0x750B, 0xA400, 0x0000, 0x0000, 0x0000, 0x0000,
    0x0000, 0x0000, 0x2000, 0x0000, 0x0613, 0xC904, 0xA804, 0x8804, 0x8804, 0x8804, 0x8804, 0x8804, 0x8804, 0x8804, 0x8804, 0x8804,
    0x8804, 0x8804, 0xA804, 0xA804, 0xA804, 0xC904, 0xC603, 0x4F74, 0xFFFF, 0xFFFF, 0xFFFF, 0xFFFF, 0xDFFF, 0xFBDE, 0x37BE, 0x1BD7,
    0xFFFF, 0xBEF7, 0x892B, 0x4804, 0xA804, 0xA804, 0x8804, 0x8804, 0xA804, 0x8804, 0xA90C, 0x850A, 0x0000, 0x0000, 0x0000, 0x0000,
    0x0000, 0x0000, 0x0000, 0x0000, 0x0000, 0x0000, 0x0000, 0x0000, 0x0000, 0x0000, 0x0000, 0x0000, 0x0000, 0x0000, 0x0000, 0x0000,
    0x0000, 0x0000, 0x0000, 0x0000, 0x0000, 0x0000, 0x0000, 0x0000, 0x0000, 0x0000, 0x0000, 0x0000, 0x0000, 0x0000, 0x0000, 0x0000,
    0x0000, 0x0000, 0x0000, 0x0000, 0x0000, 0x0000, 0x0000, 0x0000, 0x0000, 0x0000, 0x0000, 0x0000, 0x0000, 0x0000, 0x0000, 0x0000,
    0x0000, 0x0000, 0x0000, 0x0000, 0x0000, 0x0000, 0x0000, 0x0000, 0x0000, 0x0000, 0x0000, 0x0000, 0x0000, 0x0000, 0x0000, 0x0000,
    0x0000, 0x0000, 0x0000, 0x0000, 0x0000, 0x0000, 0x0000, 0x0000, 0x0000, 0x0000, 0x0000, 0x0000, 0x0000, 0x0000, 0x0000, 0x0000,
    0x0000, 0x0000, 0x0000, 0x0000, 0x0000, 0x0000, 0x0000, 0x0000, 0x0000, 0x0000, 0x0000, 0x0000, 0x0000, 0x0000, 0x0000, 0x0000,
    0x0000, 0x0000, 0x0000, 0x0000, 0x0000, 0x0000, 0x0000, 0x0000, 0x0000, 0x0000, 0x0000, 0x0000, 0x0000, 0x0000, 0x0000, 0x0000,
    0x0000, 0x0000, 0x0000, 0x0000, 0x0000, 0x0000, 0x0000, 0x0000, 0x0000, 0x0000, 0x0000, 0x0000, 0x0000, 0x0000, 0x0000, 0x0000,
    0x0000, 0x0000, 0x0000, 0x0000, 0x0000, 0x0000, 0x0000, 0x0000, 0x0000, 0x0000, 0x0000, 0x0000, 0x0000, 0x0000, 0x0000, 0x0000,
    0x0000, 0x0000, 0x0000, 0xA400, 0xB703, 0x9703, 0x9703, 0x9703, 0x9703, 0x9803, 0x970B, 0x8E1A, 0x1CDF, 0xFFFF, 0xDFFF, 0xFFFF,
    0xFFFF, 0xFFFF, 0xFFFF, 0xFFFF, 0xFFFF, 0xFFFF, 0xFFFF, 0xFFFF, 0xFFFF, 0x9ACE, 0x6D6B, 0xA962, 0x938C, 0xF022, 0x3503, 0x9703,
    0x9703, 0x9703, 0x9703, 0x9703, 0x9703, 0x9703, 0x9703, 0x9703, 0x9803, 0x9803, 0xB60B, 0xC508, 0x0000, 0x0000, 0x0000, 0x0000,
    0x0000, 0x0000, 0x0000, 0x2000, 0x4713, 0xC904, 0x8804, 0x8804, 0x8804, 0x8804, 0x8804, 0x8804, 0x8804, 0x8804, 0x8804, 0xA804,
    0xA804, 0x8804, 0x8804, 0xA804, 0xA804, 0xA804, 0x6804, 0x281B, 0x9074, 0x17B6, 0x3DEF, 0xFFFF, 0xFFFF, 0xFFFF, 0xFFFF, 0xFFFF,
    0xFFFF, 0xDEF7, 0x8823, 0x6804, 0xA804, 0x8904, 0x8804, 0x8804, 0xA804, 0x8804, 0xA90C, 0x850A, 0x0000, 0x0000, 0x0000, 0x0000,
    0x0000, 0x0000, 0x0000, 0x0000, 0x0000, 0x0000, 0x0000, 0x0000, 0x0000, 0x0000, 0x0000, 0x0000, 0x0000, 0x0000, 0x0000, 0x0000,
    0x0000, 0x0000, 0x0000, 0x0000, 0x0000, 0x0000, 0x0000, 0x0000, 0x0000, 0x0000, 0x0000, 0x0000, 0x0000, 0x0000, 0x0000, 0x0000,
    0x0000, 0x0000, 0x0000, 0x0000, 0x0000, 0x0000, 0x0000, 0x0000, 0x0000, 0x0000, 0x0000, 0x0000, 0x0000, 0x0000, 0x0000, 0x0000,
    0x0000, 0x0000, 0x0000, 0x0000, 0x0000, 0x0000, 0x0000, 0x0000, 0x0000, 0x0000, 0x0000, 0x0000, 0x0000, 0x0000, 0x0000, 0x0000,
    0x0000, 0x0000, 0x0000, 0x0000, 0x0000, 0x0000, 0x0000, 0x0000, 0x0000, 0x0000, 0x0000, 0x0000, 0x0000, 0x0000, 0x0000, 0x0000,
    0x0000, 0x0000, 0x0000, 0x0000, 0x0000, 0x0000, 0x0000, 0x0000, 0x0000, 0x0000, 0x0000, 0x0000, 0x0000, 0x0000, 0x0000, 0x0000,
    0x0000, 0x0000, 0x0000, 0x0000, 0x0000, 0x0000, 0x0000, 0x0000, 0x0000, 0x0000, 0x0000, 0x0000, 0x0000, 0x0000, 0x0000, 0x0000,
    0x0000, 0x0000, 0x0000, 0x0000, 0x0000, 0x0000, 0x0000, 0x0000, 0x0000, 0x0000, 0x0000, 0x0000, 0x0000, 0x0000, 0x0000, 0x0000,
    0x0000, 0x0000, 0x0000, 0x0000, 0x0000, 0x0000, 0x0000, 0x0000, 0x0000, 0x0000, 0x0000, 0x0000, 0x0000, 0x0000, 0x0000, 0x0000,
    0x0000, 0x0000, 0x0000, 0xA400, 0xB703, 0x9703, 0x9703, 0x9703, 0x9703, 0x9803, 0x9703, 0xAF22, 0x5CE7, 0xFFFF, 0xDEF7, 0xF8B5,
    0x369D, 0x359D, 0x769D, 0xD7B5, 0x79CE, 0x7EEF, 0xFFFF, 0xFFFF, 0xFFFF, 0xFFFF, 0xFFFF, 0x38CE, 0x1184, 0x938C, 0x8F2A, 0x7603,
    0x9703, 0x9803, 0x9803, 0x9803, 0x9703, 0x9703, 0x9703, 0x9703, 0x9703, 0x9703, 0x9703, 0xC600, 0x0000, 0x0000, 0x0000, 0x0000,
    0x0000, 0x0000, 0x0000, 0x2000, 0x6713, 0xC904, 0x8804, 0x8804, 0x8804, 0x8804, 0x8804, 0x8804, 0x8804, 0x8804, 0x8804, 0xA804,
    0xA804, 0x8804, 0x8804, 0x8804, 0xA804, 0x8804, 0x8804, 0x6904, 0xC703, 0x2603, 0x682B, 0xED5B, 0x74A5, 0x1BDF, 0xFFFF, 0x79D6,
    0x38C6, 0xEC5B, 0xA70B, 0xC804, 0xA804, 0x8804, 0x8804, 0x8804, 0xA804, 0x8804, 0xA90C, 0x850A, 0x0000, 0x0000, 0x0000, 0x0000,
    0x0000, 0x0000, 0x0000, 0x0000, 0x0000, 0x0000, 0x0000, 0x0000, 0x0000, 0x0000, 0x0000, 0x0000, 0x0000, 0x0000, 0x0000, 0x0000,
    0x0000, 0x0000, 0x0000, 0x0000, 0x0000, 0x0000, 0x0000, 0x0000, 0x0000, 0x0000, 0x0000, 0x0000, 0x0000, 0x0000, 0x0000, 0x0000,
    0x0000, 0x0000, 0x0000, 0x0000, 0x0000, 0x0000, 0x0000, 0x0000, 0x0000, 0x0000, 0x0000, 0x0000, 0x0000, 0x0000, 0x0000, 0x0000,
    0x0000, 0x0000, 0x0000, 0x0000, 0x0000, 0x0000, 0x0000, 0x0000, 0x0000, 0x0000, 0x0000, 0x0000, 0x0000, 0x0000, 0x0000, 0x0000,
    0x0000, 0x0000, 0x0000, 0x0000, 0x0000, 0x0000, 0x0000, 0x0000, 0x0000, 0x0000, 0x0000, 0x0000, 0x0000, 0x0000, 0x0000, 0x0000,
    0x0000, 0x0000, 0x0000, 0x0000, 0x0000, 0x0000, 0x0000, 0x0000, 0x0000, 0x0000, 0x0000, 0x0000, 0x0000, 0x0000, 0x0000, 0x0000,
    0x0000, 0x0000, 0x0000, 0x0000, 0x0000, 0x0000, 0x0000, 0x0000, 0x0000, 0x0000, 0x0000, 0x0000, 0x0000, 0x0000, 0x0000, 0x0000,
    0x0000, 0x0000, 0x0000, 0x0000, 0x0000, 0x0000, 0x0000, 0x0000, 0x0000, 0x0000, 0x0000, 0x0000, 0x0000, 0x0000, 0x0000, 0x0000,
    0x0000, 0x0000, 0x0000, 0x0000, 0x0000, 0x0000, 0x0000, 0x0000, 0x0000, 0x0000, 0x0000, 0x0000, 0x0000, 0x0000, 0x0000, 0x0000,
    0x0000, 0x0000, 0x0000, 0xA400, 0xB703, 0x9703, 0x9703, 0x9703, 0x9703, 0x9703, 0xB903, 0x900A, 0xB6B5, 0xFFFF, 0xF163, 0x4E02,
    0xD202, 0xD302, 0xB302, 0x9002, 0xAF12, 0x1033, 0x3043, 0x7384, 0xB7B5, 0xFCE6, 0xFFFF, 0xFFFF, 0xFFFF, 0xDBDE, 0x5374, 0xF302,
    0x970B, 0x9803, 0x9803, 0x9703, 0x9703, 0x9703, 0x9703, 0x9703, 0x9703, 0x9703, 0x9803, 0xE600, 0x0000, 0x0000, 0x0000, 0x0000,
    0x0000, 0x0000, 0x0000, 0x2000, 0x6713, 0xC904, 0x8804, 0x8804, 0x8804, 0x8804, 0x8804, 0x8804, 0x8804, 0x8804, 0x8804, 0x8804,
    0x8804, 0x8804, 0x8804, 0xA804, 0xA804, 0x8804, 0x880C, 0xA804, 0xC90C, 0xA90C, 0x8804, 0x2804, 0x6703, 0x071B, 0x1185, 0xEE73,
    0x250A, 0xC90B, 0x890C, 0x8804, 0x8804, 0x8904, 0x8904, 0x8804, 0xA804, 0x8804, 0xA90C, 0x850A, 0x0000, 0x0000, 0x0000, 0x0000,
    0x0000, 0x0000, 0x0000, 0x0000, 0x0000, 0x0000, 0x0000, 0x0000, 0x0000, 0x0000, 0x0000, 0x0000, 0x0000, 0x0000, 0x0000, 0x0000,
    0x0000, 0x0000, 0x0000, 0x0000, 0x0000, 0x0000, 0x0000, 0x0000, 0x0000, 0x0000, 0x0000, 0x0000, 0x0000, 0x0000, 0x0000, 0x0000,
    0x0000, 0x0000, 0x0000, 0x0000, 0x0000, 0x0000, 0x0000, 0x0000, 0x0000, 0x0000, 0x0000, 0x0000, 0x0000, 0x0000, 0x0000, 0x0000,
    0x0000, 0x0000, 0x0000, 0x0000, 0x0000, 0x0000, 0x0000, 0x0000, 0x0000, 0x0000, 0x0000, 0x0000, 0x0000, 0x0000, 0x0000, 0x0000,
    0x0000, 0x0000, 0x0000, 0x0000, 0x0000, 0x0000, 0x0000, 0x0000, 0x0000, 0x0000, 0x0000, 0x0000, 0x0000, 0x0000, 0x0000, 0x0000,
    0x0000, 0x0000, 0x0000, 0x0000, 0x0000, 0x0000, 0x0000, 0x0000, 0x0000, 0x0000, 0x0000, 0x0000, 0x0000, 0x0000, 0x0000, 0x0000,
    0x0000, 0x0000, 0x0000, 0x0000, 0x0000, 0x0000, 0x0000, 0x0000, 0x0000, 0x0000, 0x0000, 0x0000, 0x0000, 0x0000, 0x0000, 0x0000,
    0x0000, 0x0000, 0x0000, 0x0000, 0x0000, 0x0000, 0x0000, 0x0000, 0x0000, 0x0000, 0x0000, 0x0000, 0x0000, 0x0000, 0x0000, 0x0000,
    0x0000, 0x0000, 0x0000, 0x0000, 0x0000, 0x0000, 0x0000, 0x0000, 0x0000, 0x0000, 0x0000, 0x0000, 0x0000, 0x0000, 0x0000, 0x0000,
    0x0000, 0x0000, 0x0000, 0xA400, 0xB703, 0x9703, 0x9703, 0x9803, 0x9703, 0x9703, 0xB903, 0x1503, 0x4F53, 0x7CF7, 0xAE2A, 0x7513,
    0xB70B, 0xB803, 0xD903, 0xB803, 0x970B, 0x7603, 0x5503, 0x1203, 0x9002, 0xCF22, 0x504B, 0xD58C, 0x9BCE, 0xFFFF, 0x19AE, 0x9002,
    0x9513, 0x9603, 0x9703, 0x9703, 0x9703, 0x9803, 0x9703, 0x9703, 0x9703, 0x9703, 0xB803, 0x0701, 0x0000, 0x0000, 0x0000, 0x0000,
    0x0000, 0x0000, 0x0000, 0x2000, 0x6713, 0xC904, 0x8804, 0x8804, 0x8804, 0x8804, 0x8804, 0x8804, 0x8804, 0x8804, 0x8804, 0x8804,
    0x8804, 0x8804, 0xA804, 0xA804, 0x8804, 0x890C, 0xE70B, 0x6503, 0xC603, 0x8904, 0xC904, 0xCA0C, 0xAA0C, 0x690C, 0x2603, 0x8F74,
    0x6D54, 0xA703, 0xA904, 0x8804, 0xA804, 0xA804, 0x8804, 0x8804, 0xA804, 0x8804, 0xA90C, 0x850A, 0x0000, 0x0000, 0x0000, 0x0000,
    0x0000, 0x0000, 0x0000, 0x0000, 0x0000, 0x0000, 0x0000, 0x0000, 0x0000, 0x0000, 0x0000, 0x0000, 0x0000, 0x0000, 0x0000, 0x0000,
    0x0000, 0x0000, 0x0000, 0x0000, 0x0000, 0x0000, 0x0000, 0x0000, 0x0000, 0x0000, 0x0000, 0x0000, 0x0000, 0x0000, 0x0000, 0x0000,
    0x0000, 0x0000, 0x0000, 0x0000, 0x0000, 0x0000, 0x0000, 0x0000, 0x0000, 0x0000, 0x0000, 0x0000, 0x0000, 0x0000, 0x0000, 0x0000,
    0x0000, 0x0000, 0x0000, 0x0000, 0x0000, 0x0000, 0x0000, 0x0000, 0x0000, 0x0000, 0x0000, 0x0000, 0x0000, 0x0000, 0x0000, 0x0000,
    0x0000, 0x0000, 0x0000, 0x0000, 0x0000, 0x0000, 0x0000, 0x0000, 0x0000, 0x0000, 0x0000, 0x0000, 0x0000, 0x0000, 0x0000, 0x0000,
    0x0000, 0x0000, 0x0000, 0x0000, 0x0000, 0x0000, 0x0000, 0x0000, 0x0000, 0x0000, 0x0000, 0x0000, 0x0000, 0x0000, 0x0000, 0x0000,
    0x0000, 0x0000, 0x0000, 0x0000, 0x0000, 0x0000, 0x0000, 0x0000, 0x0000, 0x0000, 0x0000, 0x0000, 0x0000, 0x0000, 0x0000, 0x0000,
    0x0000, 0x0000, 0x0000, 0x0000, 0x0000, 0x0000, 0x0000, 0x0000, 0x0000, 0x0000, 0x0000, 0x0000, 0x0000, 0x0000, 0x0000, 0x0000,
    0x0000, 0x0000, 0x0000, 0x0000, 0x0000, 0x0000, 0x0000, 0x0000, 0x0000, 0x0000, 0x0000, 0x0000, 0x0000, 0x0000, 0x0000, 0x0000,
    0x0000, 0x0000, 0x0000, 0xA400, 0xB703, 0x9703, 0x9703, 0x9703, 0x9803, 0xB803, 0x9603, 0xB70B, 0x7002, 0x1685, 0xB47C, 0xD202,
    0xD803, 0xB803, 0x9803, 0x9803, 0x9703, 0xB803, 0xB803, 0xB803, 0xB803, 0x7803, 0x3603, 0xB302, 0x8F12, 0xAF53, 0x5264, 0xF20A,
    0x960B, 0x9603, 0x9703, 0x9703, 0x9703, 0x9803, 0x9803, 0x9703, 0x9703, 0x9703, 0xB803, 0x2701, 0x0000, 0x0000, 0x0000, 0x0000,
    0x0000, 0x0000, 0x0000, 0x2000, 0x6713, 0xC904, 0x8804, 0x8804, 0x8804, 0x8804, 0x8804, 0x8804, 0x8804, 0x8804, 0x8804, 0x8804,
    0x8804, 0x8804, 0x8804, 0xA804, 0x8804, 0x890C, 0x8603, 0xD07C, 0x9074, 0x082B, 0x270B, 0xA703, 0x4804, 0x890C, 0xCA14, 0x0713,
    0x74B5, 0xAB4B, 0x0704, 0xC804, 0x8804, 0x8804, 0x8804, 0x8804, 0xA804, 0x8804, 0xA90C, 0x850A, 0x0000, 0x0000, 0x0000, 0x0000,
    0x0000, 0x0000, 0x0000, 0x0000, 0x0000, 0x0000, 0x0000, 0x0000, 0x0000, 0x0000, 0x0000, 0x0000, 0x0000, 0x0000, 0x0000, 0x0000,
    0x0000, 0x0000, 0x0000, 0x0000, 0x0000, 0x0000, 0x0000, 0x0000, 0x0000, 0x0000, 0x0000, 0x0000, 0x0000, 0x0000, 0x0000, 0x0000,
    0x0000, 0x0000, 0x0000, 0x0000, 0x0000, 0x0000, 0x0000, 0x0000, 0x0000, 0x0000, 0x0000, 0x0000, 0x0000, 0x0000, 0x0000, 0x0000,
    0x0000, 0x0000, 0x0000, 0x0000, 0x0000, 0x0000, 0x0000, 0x0000, 0x0000, 0x0000, 0x0000, 0x0000, 0x0000, 0x0000, 0x0000, 0x0000,
    0x0000, 0x0000, 0x0000, 0x0000, 0x0000, 0x0000, 0x0000, 0x0000, 0x0000, 0x0000, 0x0000, 0x0000, 0x0000, 0x0000, 0x0000, 0x0000,
    0x0000, 0x0000, 0x0000, 0x0000, 0x0000, 0x0000, 0x0000, 0x0000, 0x0000, 0x0000, 0x0000, 0x0000, 0x0000, 0x0000, 0x0000, 0x0000,
    0x0000, 0x0000, 0x0000, 0x0000, 0x0000, 0x0000, 0x0000, 0x0000, 0x0000, 0x0000, 0x0000, 0x0000, 0x0000, 0x0000, 0x0000, 0x0000,
    0x0000, 0x0000, 0x0000, 0x0000, 0x0000, 0x0000, 0x0000, 0x0000, 0x0000, 0x0000, 0x0000, 0x0000, 0x0000, 0x0000, 0x0000, 0x0000,
    0x0000, 0x0000, 0x0000, 0x0000, 0x0000, 0x0000, 0x0000, 0x0000, 0x0000, 0x0000, 0x0000, 0x0000, 0x0000, 0x0000, 0x0000, 0x0000,
    0x0000, 0x0000, 0x0000, 0xA400, 0xB703, 0x9703, 0x9703, 0x9703, 0x9703, 0xB803, 0x9603, 0x9703, 0x970B, 0xEC09, 0x107C, 0x4C22,
    0xB102, 0x3403, 0x7703, 0xB803, 0x980B, 0x7703, 0x7703, 0x9703, 0x9703, 0x9603, 0x9603, 0xB703, 0x960B, 0x1403, 0xF302, 0x960B,
    0x9703, 0x9803, 0x9703, 0x9703, 0x9703, 0x9703, 0x9703, 0x9703, 0x9703, 0x9703, 0xB803, 0x2701, 0x0000, 0x0000, 0x0000, 0x0000,
    0x0000, 0x0000, 0x0000, 0x2000, 0x6713, 0xC904, 0x8804, 0x8804, 0x8804, 0x8804, 0x8804, 0x8804, 0x8804, 0x8804, 0x8804, 0x8804,
    0x8804, 0x8804, 0x8804, 0x8804, 0x8804, 0xA90C, 0xA603, 0xB59D, 0xFFFF, 0x3CE7, 0xD6B5, 0xAF6C, 0x892B, 0x471B, 0x870B, 0x8502,
    0x95BD, 0xB9CE, 0x2603, 0xC904, 0x8804, 0x6804, 0x8804, 0x8804, 0xA804, 0x8804, 0xA90C, 0x850A, 0x0000, 0x0000, 0x0000, 0x0000,
    0x0000, 0x0000, 0x0000, 0x0000, 0x0000, 0x0000, 0x0000, 0x0000, 0x0000, 0x0000, 0x0000, 0x0000, 0x0000, 0x0000, 0x0000, 0x0000,
    0x0000, 0x0000, 0x0000, 0x0000, 0x0000, 0x0000, 0x0000, 0x0000, 0x0000, 0x0000, 0x0000, 0x0000, 0x0000, 0x0000, 0x0000, 0x0000,
    0x0000, 0x0000, 0x0000, 0x0000, 0x0000, 0x0000, 0x0000, 0x0000, 0x0000, 0x0000, 0x0000, 0x0000, 0x0000, 0x0000, 0x0000, 0x0000,
    0x0000, 0x0000, 0x0000, 0x0000, 0x0000, 0x0000, 0x0000, 0x0000, 0x0000, 0x0000, 0x0000, 0x0000, 0x0000, 0x0000, 0x0000, 0x0000,
    0x0000, 0x0000, 0x0000, 0x0000, 0x0000, 0x0000, 0x0000, 0x0000, 0x0000, 0x0000, 0x0000, 0x0000, 0x0000, 0x0000, 0x0000, 0x0000,
    0x0000, 0x0000, 0x0000, 0x0000, 0x0000, 0x0000, 0x0000, 0x0000, 0x0000, 0x0000, 0x0000, 0x0000, 0x0000, 0x0000, 0x0000, 0x0000,
    0x0000, 0x0000, 0x0000, 0x0000, 0x0000, 0x0000, 0x0000, 0x0000, 0x0000, 0x0000, 0x0000, 0x0000, 0x0000, 0x0000, 0x0000, 0x0000,
    0x0000, 0x0000, 0x0000, 0x0000, 0x0000, 0x0000, 0x0000, 0x0000, 0x0000, 0x0000, 0x0000, 0x0000, 0x0000, 0x0000, 0x0000, 0x0000,
    0x0000, 0x0000, 0x0000, 0x0000, 0x0000, 0x0000, 0x0000, 0x0000, 0x0000, 0x0000, 0x0000, 0x0000, 0x0000, 0x0000, 0x0000, 0x0000,
    0x0000, 0x0000, 0x0000, 0xA400, 0xB703, 0x9703, 0x9703, 0x7703, 0x7703, 0x9703, 0xB703, 0x7603, 0xB00A, 0x737C, 0x718C, 0x0B63,
    0x4D63, 0xB163, 0xCF32, 0x9012, 0xB202, 0x5603, 0x9803, 0x9803, 0x9703, 0xB703, 0xB803, 0xB803, 0x9803, 0x9903, 0x9803, 0x9703,
    0x9803, 0xB803, 0x9803, 0x9703, 0x9703, 0x9703, 0x9703, 0x9703, 0x9703, 0x9703, 0xB803, 0x2701, 0x0000, 0x0000, 0x0000, 0x0000,
    0x0000, 0x0000, 0x0000, 0x2000, 0x6713, 0xC904, 0x8804, 0x8804, 0x8804, 0x8804, 0x8804, 0x8804, 0x8804, 0x8804, 0x8804, 0xA804,
    0xA804, 0x8804, 0x8804, 0x8804, 0x8804, 0xC904, 0xC603, 0x4F6C, 0xFFFF, 0xFFFF, 0xFFFF, 0xFFFF, 0xBEEF, 0xFBD6, 0xB5A5, 0xF7B5,
    0xDFF7, 0xDEF7, 0x8A3B, 0x2804, 0xA804, 0xC804, 0x8804, 0x8804, 0xA804, 0x8804, 0xA90C, 0x850A, 0x0000, 0x0000, 0x0000, 0x0000,
    0x0000, 0x0000, 0x0000, 0x0000, 0x0000, 0x0000, 0x0000, 0x0000, 0x0000, 0x0000, 0x0000, 0x0000, 0x0000, 0x0000, 0x0000, 0x0000,
    0x0000, 0x0000, 0x0000, 0x0000, 0x0000, 0x0000, 0x0000, 0x0000, 0x0000, 0x0000, 0x0000, 0x0000, 0x0000, 0x0000, 0x0000, 0x0000,
    0x0000, 0x0000, 0x0000, 0x0000, 0x0000, 0x0000, 0x0000, 0x0000, 0x0000, 0x0000, 0x0000, 0x0000, 0x0000, 0x0000, 0x0000, 0x0000,
    0x0000, 0x0000, 0x0000, 0x0000, 0x0000, 0x0000, 0x0000, 0x0000, 0x0000, 0x0000, 0x0000, 0x0000, 0x0000, 0x0000, 0x0000, 0x0000,
    0x0000, 0x0000, 0x0000, 0x0000, 0x0000, 0x0000, 0x0000, 0x0000, 0x0000, 0x0000, 0x0000, 0x0000, 0x0000, 0x0000, 0x0000, 0x0000,
    0x0000, 0x0000, 0x0000, 0x0000, 0x0000, 0x0000, 0x0000, 0x0000, 0x0000, 0x0000, 0x0000, 0x0000, 0x0000, 0x0000, 0x0000, 0x0000,
    0x0000, 0x0000, 0x0000, 0x0000, 0x0000, 0x0000, 0x0000, 0x0000, 0x0000, 0x0000, 0x0000, 0x0000, 0x0000, 0x0000, 0x0000, 0x0000,
    0x0000, 0x0000, 0x0000, 0x0000, 0x0000, 0x0000, 0x0000, 0x0000, 0x0000, 0x0000, 0x0000, 0x0000, 0x0000, 0x0000, 0x0000, 0x0000,
    0x0000, 0x0000, 0x0000, 0x0000, 0x0000, 0x0000, 0x0000, 0x0000, 0x0000, 0x0000, 0x0000, 0x0000, 0x0000, 0x0000, 0x0000, 0x0000,
    0x0000, 0x0000, 0x0000, 0xA400, 0xB703, 0x9703, 0x9703, 0x9803, 0x9803, 0x9603, 0xB803, 0xB102, 0x19AE, 0xFFFF, 0xFFFF, 0xFFFF,
    0xFFFF, 0xFFFF, 0x9EEF, 0x39BE, 0x947C, 0x102B, 0xD10A, 0x9703, 0x9703, 0x770B, 0x1603, 0xB80B, 0xB803, 0xB703, 0x9703, 0x9703,
    0x9803, 0x9803, 0x9703, 0x9703, 0x9703, 0x9703, 0x9703, 0x9703, 0x9703, 0x9703, 0xB803, 0x2701, 0x0000, 0x0000, 0x0000, 0x0000,
    0x0000, 0x0000, 0x0000, 0x2000, 0x6713, 0xC904, 0x8804, 0x8804, 0x8804, 0x8804, 0x8804, 0x8804, 0x8804, 0x8804, 0x8804, 0xA804,
    0xA804, 0x8804, 0x8804, 0x8804, 0x8804, 0xA804, 0x6804, 0x4823, 0x6E6C, 0x37BE, 0x5CEF, 0xFFFF, 0xFFFF, 0xFFFF, 0xFFFF, 0xFFFF,
    0xFFFF, 0xDEEF, 0x4933, 0x480C, 0x8804, 0xA804, 0x8804, 0x8804, 0xA804, 0x6804, 0xA90C, 0x850A, 0x0000, 0x0000, 0x0000, 0x0000,
    0x0000, 0x0000, 0x0000, 0x0000, 0x0000, 0x0000, 0x0000, 0x0000, 0x0000, 0x0000, 0x0000, 0x0000, 0x0000, 0x0000, 0x0000, 0x0000,
    0x0000, 0x0000, 0x0000, 0x0000, 0x0000, 0x0000, 0x0000, 0x0000, 0x0000, 0x0000, 0x0000, 0x0000, 0x0000, 0x0000, 0x0000, 0x0000,
    0x0000, 0x0000, 0x0000, 0x0000, 0x0000, 0x0000, 0x0000, 0x0000, 0x0000, 0x0000, 0x0000, 0x0000, 0x0000, 0x0000, 0x0000, 0x0000,
    0x0000, 0x0000, 0x0000, 0x0000, 0x0000, 0x0000, 0x0000, 0x0000, 0x0000, 0x0000, 0x0000, 0x0000, 0x0000, 0x0000, 0x0000, 0x0000,
    0x0000, 0x0000, 0x0000, 0x0000, 0x0000, 0x0000, 0x0000, 0x0000, 0x0000, 0x0000, 0x0000, 0x0000, 0x0000, 0x0000, 0x0000, 0x0000,
    0x0000, 0x0000, 0x0000, 0x0000, 0x0000, 0x0000, 0x0000, 0x0000, 0x0000, 0x0000, 0x0000, 0x0000, 0x0000, 0x0000, 0x0000, 0x0000,
    0x0000, 0x0000, 0x0000, 0x0000, 0x0000, 0x0000, 0x0000, 0x0000, 0x0000, 0x0000, 0x0000, 0x0000, 0x0000, 0x0000, 0x0000, 0x0000,
    0x0000, 0x0000, 0x0000, 0x0000, 0x0000, 0x0000, 0x0000, 0x0000, 0x0000, 0x0000, 0x0000, 0x0000, 0x0000, 0x0000, 0x0000, 0x0000,
    0x0000, 0x0000, 0x0000, 0x0000, 0x0000, 0x0000, 0x0000, 0x0000, 0x0000, 0x0000, 0x0000, 0x0000, 0x0000, 0x0000, 0x0000, 0x0000,
    0x0000, 0x0000, 0x0000, 0xA400, 0xB703, 0x9703, 0x9703, 0x9803, 0x9903, 0x9703, 0x9603, 0xAF12, 0x5CE7, 0xFEFF, 0xBEF7, 0x3DDF,
    0x9EEF, 0xFFFF, 0xFFFF, 0xFFFF, 0xFFFF, 0xBEF7, 0x5274, 0xF202, 0xB60B, 0xB01A, 0x3143, 0x4E1A, 0x1313, 0x9703, 0xB703, 0x9603,
    0x9703, 0x9703, 0x9703, 0x9703, 0x9703, 0x9703, 0x9703, 0x9703, 0x9703, 0x9703, 0xB80B, 0x0701, 0x0000, 0x0000, 0x0000, 0x0000,
    0x0000, 0x0000, 0x0000, 0x4000, 0x4713, 0xC904, 0x8804, 0x8804, 0x8804, 0x8804, 0x8804, 0x8804, 0x8804, 0x8804, 0x8804, 0xA804,
    0xA804, 0x8804, 0x8804, 0x8804, 0xA804, 0x8804, 0xA904, 0xA904, 0xC603, 0x460B, 0x682B, 0x0D64, 0x549D, 0x74A5, 0xD394, 0x76B5,
    0xB9C6, 0x0B54, 0x6613, 0xA80C, 0xA804, 0x8904, 0x8904, 0x8804, 0x8804, 0x680C, 0xAA0C, 0x850A, 0x0000, 0x2000, 0x0000, 0x0000,
    0x0000, 0x0000, 0x0000, 0x0000, 0x0000, 0x0000, 0x0000, 0x0000, 0x0000, 0x0000, 0x0000, 0x0000, 0x0000, 0x0000, 0x0000, 0x0000,
    0x0000, 0x0000, 0x0000, 0x0000, 0x0000, 0x0000, 0x0000, 0x0000, 0x0000, 0x0000, 0x0000, 0x0000, 0x0000, 0x0000, 0x0000, 0x0000,
    0x0000, 0x0000, 0x0000, 0x0000, 0x0000, 0x0000, 0x0000, 0x0000, 0x0000, 0x0000, 0x0000, 0x0000, 0x0000, 0x0000, 0x0000, 0x0000,
    0x0000, 0x0000, 0x0000, 0x0000, 0x0000, 0x0000, 0x0000, 0x0000, 0x0000, 0x0000, 0x0000, 0x0000, 0x0000, 0x0000, 0x0000, 0x0000,
    0x0000, 0x0000, 0x0000, 0x0000, 0x0000, 0x0000, 0x0000, 0x0000, 0x0000, 0x0000, 0x0000, 0x0000, 0x0000, 0x0000, 0x0000, 0x0000,
    0x0000, 0x0000, 0x0000, 0x0000, 0x0000, 0x0000, 0x0000, 0x0000, 0x0000, 0x0000, 0x0000, 0x0000, 0x0000, 0x0000, 0x0000, 0x0000,
    0x0000, 0x0000, 0x0000, 0x0000, 0x0000, 0x0000, 0x0000, 0x0000, 0x0000, 0x0000, 0x0000, 0x0000, 0x0000, 0x0000, 0x0000, 0x0000,
    0x0000, 0x0000, 0x0000, 0x0000, 0x0000, 0x0000, 0x0000, 0x0000, 0x0000, 0x0000, 0x0000, 0x0000, 0x0000, 0x0000, 0x0000, 0x0000,
    0x0000, 0x0000, 0x0000, 0x0000, 0x0000, 0x0000, 0x0000, 0x0000, 0x0000, 0x0000, 0x0000, 0x0000, 0x0000, 0x0000, 0x0000, 0x0000,
    0x0000, 0x0000, 0x0000, 0xA400, 0xB703, 0x9703, 0x9703, 0x9703, 0x9703, 0x9903, 0xB70B, 0xB002, 0x9474, 0xFFFF, 0x5284, 0x6E22,
    0x5133, 0xF25B, 0x769D, 0x1BDF, 0xFFFF, 0xFFFF, 0x59C6, 0xD00A, 0x3603, 0x724B, 0xFFFF, 0xD6BD, 0x8D22, 0x7703, 0x9703, 0x9703,
    0x9703, 0x9703, 0x9703, 0x9703, 0x9703, 0x9703, 0x9803, 0x9703, 0x9703, 0x9803, 0x970B, 0xC500, 0x0000, 0x0000, 0x0000, 0x0000,
    0x0000, 0x0000, 0x0000, 0x2000, 0x4713, 0xC904, 0x8804, 0x8804, 0x8804, 0x8804, 0x8804, 0x8804, 0x8804, 0x8804, 0x8804, 0x8804,
    0x8804, 0x8804, 0x8804, 0xA804, 0x8804, 0x680C, 0x280C, 0x8703, 0x4904, 0xCA0C, 0xAA04, 0x0804, 0x870B, 0xA512, 0xA319, 0x8D63,
    0x6512, 0xA70B, 0xA90C, 0xA804, 0xA804, 0x8804, 0x8804, 0x8804, 0xA804, 0x8804, 0xA904, 0x850A, 0x0000, 0x0008, 0x0000, 0x0000,
    0x0000, 0x0000, 0x0000, 0x0000, 0x0000, 0x0000, 0x0000, 0x0000, 0x0000, 0x0000, 0x0000, 0x0000, 0x0000, 0x0000, 0x0000, 0x0000,
    0x0000, 0x0000, 0x0000, 0x0000, 0x0000, 0x0000, 0x0000, 0x0000, 0x0000, 0x0000, 0x0000, 0x0000, 0x0000, 0x0000, 0x0000, 0x0000,
    0x0000, 0x0000, 0x0000, 0x0000, 0x0000, 0x0000, 0x0000, 0x0000, 0x0000, 0x0000, 0x0000, 0x0000, 0x0000, 0x0000, 0x0000, 0x0000,
    0x0000, 0x0000, 0x0000, 0x0000, 0x0000, 0x0000, 0x0000, 0x0000, 0x0000, 0x0000, 0x0000, 0x0000, 0x0000, 0x0000, 0x0000, 0x0000,
    0x0000, 0x0000, 0x0000, 0x0000, 0x0000, 0x0000, 0x0000, 0x0000, 0x0000, 0x0000, 0x0000, 0x0000, 0x0000, 0x0000, 0x0000, 0x0000,
    0x0000, 0x0000, 0x0000, 0x0000, 0x0000, 0x0000, 0x0000, 0x0000, 0x0000, 0x0000, 0x0000, 0x0000, 0x0000, 0x0000, 0x0000, 0x0000,
    0x0000, 0x0000, 0x0000, 0x0000, 0x0000, 0x0000, 0x0000, 0x0000, 0x0000, 0x0000, 0x0000, 0x0000, 0x0000, 0x0000, 0x0000, 0x0000,
    0x0000, 0x0000, 0x0000, 0x0000, 0x0000, 0x0000, 0x0000, 0x0000, 0x0000, 0x0000, 0x0000, 0x0000, 0x0000, 0x0000, 0x0000, 0x0000,
    0x0000, 0x0000, 0x0000, 0x0000, 0x0000, 0x0000, 0x0000, 0x0000, 0x0000, 0x0000, 0x0000, 0x0000, 0x0000, 0x0000, 0x0000, 0x0000,
    0x0000, 0x0000, 0x0000, 0xA400, 0xB703, 0x9703, 0x9703, 0x9803, 0x9803, 0x9703, 0x9603, 0x9703, 0x4F0A, 0x5AC6, 0xF163, 0xB202,
    0x770B, 0xF402, 0xB102, 0xCF1A, 0xD153, 0x97A5, 0x59C6, 0xD022, 0x1403, 0xB14B, 0xFFFF, 0x3BE7, 0xAE1A, 0xB903, 0x7803, 0x9703,
    0x9703, 0x9703, 0x9703, 0x9703, 0x9703, 0x9703, 0x9803, 0x9703, 0x9703, 0x9803, 0x970B, 0xC500, 0x0000, 0x0000, 0x0000, 0x0000,
    0x0000, 0x0000, 0x0000, 0x0000, 0xE612, 0xC904, 0x8804, 0x8804, 0x8804, 0x8804, 0x8804, 0x8804, 0x8804, 0x8804, 0x8804, 0x8804,
    0x8804, 0x8804, 0xA804, 0xA804, 0x8804, 0x6914, 0x4613, 0x4E6C, 0xCB3B, 0x270B, 0x4703, 0x0804, 0xA904, 0xEA0C, 0x0814, 0x4D54,
    0x528D, 0x0823, 0x2904, 0xC904, 0xA804, 0xA804, 0x8804, 0x8804, 0xA804, 0xA804, 0xC904, 0x850A, 0x0000, 0x0008, 0x0000, 0x0000,
    0x0000, 0x0000, 0x0000, 0x0000, 0x0000, 0x0000, 0x0000, 0x0000, 0x0000, 0x0000, 0x0000, 0x0000, 0x0000, 0x0000, 0x0000, 0x0000,
    0x0000, 0x0000, 0x0000, 0x0000, 0x0000, 0x0000, 0x0000, 0x0000, 0x0000, 0x0000, 0x0000, 0x0000, 0x0000, 0x0000, 0x0000, 0x0000,
    0x0000, 0x0000, 0x0000, 0x0000, 0x0000, 0x0000, 0x0000, 0x0000, 0x0000, 0x0000, 0x0000, 0x0000, 0x0000, 0x0000, 0x0000, 0x0000,
    0x0000, 0x0000, 0x0000, 0x0000, 0x0000, 0x0000, 0x0000, 0x0000, 0x0000, 0x0000, 0x0000, 0x0000, 0x0000, 0x0000, 0x0000, 0x0000,
    0x0000, 0x0000, 0x0000, 0x0000, 0x0000, 0x0000, 0x0000, 0x0000, 0x0000, 0x0000, 0x0000, 0x0000, 0x0000, 0x0000, 0x0000, 0x0000,
    0x0000, 0x0000, 0x0000, 0x0000, 0x0000, 0x0000, 0x0000, 0x0000, 0x0000, 0x0000, 0x0000, 0x0000, 0x0000, 0x0000, 0x0000, 0x0000,
    0x0000, 0x0000, 0x0000, 0x0000, 0x0000, 0x0000, 0x0000, 0x0000, 0x0000, 0x0000, 0x0000, 0x0000, 0x0000, 0x0000, 0x0000, 0x0000,
    0x0000, 0x0000, 0x0000, 0x0000, 0x0000, 0x0000, 0x0000, 0x0000, 0x0000, 0x0000, 0x0000, 0x0000, 0x0000, 0x0000, 0x0000, 0x0000,
    0x0000, 0x0000, 0x0000, 0x0000, 0x0000, 0x0000, 0x0000, 0x0000, 0x0000, 0x0000, 0x0000, 0x0000, 0x0000, 0x0000, 0x0000, 0x0000,
    0x0000, 0x0000, 0x0000, 0xA400, 0xB703, 0x9703, 0x9703, 0x9803, 0x9803, 0x9703, 0x7703, 0x9803, 0x5503, 0xF02A, 0x1695, 0xD11A,
    0x350B, 0x9613, 0xD80B, 0xB803, 0x1403, 0xB002, 0xAF1A, 0x9112, 0xB603, 0xCE0A, 0xD8AD, 0x9BDE, 0x2D12, 0xB803, 0xB703, 0x9703,
    0x9703, 0x9703, 0x9703, 0x9703, 0x9703, 0x9703, 0x9803, 0x9703, 0x9703, 0x9803, 0x960B, 0xA408, 0x0000, 0x0000, 0x0000, 0x0000,
    0x0000, 0x0000, 0x0000, 0x0000, 0xE612, 0xC904, 0x8804, 0x8804, 0x8804, 0x8804, 0x8804, 0x8804, 0x8804, 0x8804, 0x8804, 0x8804,
    0x8804, 0x8804, 0x8804, 0xA804, 0x8804, 0x890C, 0x8603, 0x128D, 0xFFFF, 0xB9CE, 0x749D, 0x0D5C, 0x6823, 0x4603, 0xC803, 0x2603,
    0x6A43, 0x1185, 0x692B, 0xA80B, 0xA914, 0xA804, 0x8804, 0x8804, 0xA804, 0x8804, 0xA904, 0x850A, 0x0000, 0x0000, 0x0000, 0x0000,
    0x0000, 0x0000, 0x0000, 0x0000, 0x0000, 0x0000, 0x0000, 0x0000, 0x0000, 0x0000, 0x0000, 0x0000, 0x0000, 0x0000, 0x0000, 0x0000,
    0x0000, 0x0000, 0x0000, 0x0000, 0x0000, 0x0000, 0x0000, 0x0000, 0x0000, 0x0000, 0x0000, 0x0000, 0x0000, 0x0000, 0x0000, 0x0000,
    0x0000, 0x0000, 0x0000, 0x0000, 0x0000, 0x0000, 0x0000, 0x0000, 0x0000, 0x0000, 0x0000, 0x0000, 0x0000, 0x0000, 0x0000, 0x0000,
    0x0000, 0x0000, 0x0000, 0x0000, 0x0000, 0x0000, 0x0000, 0x0000, 0x0000, 0x0000, 0x0000, 0x0000, 0x0000, 0x0000, 0x0000, 0x0000,
    0x0000, 0x0000, 0x0000, 0x0000, 0x0000, 0x0000, 0x0000, 0x0000, 0x0000, 0x0000, 0x0000, 0x0000, 0x0000, 0x0000, 0x0000, 0x0000,
    0x0000, 0x0000, 0x0000, 0x0000, 0x0000, 0x0000, 0x0000, 0x0000, 0x0000, 0x0000, 0x0000, 0x0000, 0x0000, 0x0000, 0x0000, 0x0000,
    0x0000, 0x0000, 0x0000, 0x0000, 0x0000, 0x0000, 0x0000, 0x0000, 0x0000, 0x0000, 0x0000, 0x0000, 0x0000, 0x0000, 0x0000, 0x0000,
    0x0000, 0x0000, 0x0000, 0x0000, 0x0000, 0x0000, 0x0000, 0x0000, 0x0000, 0x0000, 0x0000, 0x0000, 0x0000, 0x0000, 0x0000, 0x0000,
    0x0000, 0x0000, 0x0000, 0x0000, 0x0000, 0x0000, 0x0000, 0x0000, 0x0000, 0x0000, 0x0000, 0x0000, 0x0000, 0x0000, 0x0000, 0x0000,
    0x0000, 0x0000, 0x0000, 0xA400, 0xB703, 0x9703, 0x9703, 0x9803, 0x9703, 0x9703, 0x9803, 0x9803, 0x5413, 0x2C1A, 0xED52, 0xAB4A,
    0x8D2A, 0xD11A, 0xB202, 0x550B, 0xB70B, 0xB803, 0xB903, 0x7703, 0xB803, 0x750B, 0x8F12, 0x1133, 0x6F0A, 0x9603, 0x9603, 0x9703,
    0x9703, 0x9703, 0x9703, 0x9703, 0x9703, 0x9703, 0x9803, 0x9703, 0x9703, 0x9703, 0x760B, 0x8400, 0x0000, 0x0000, 0x0000, 0x0000,
    0x0000, 0x0000, 0x0000, 0x0000, 0xA512, 0xA904, 0x8804, 0x8804, 0x8804, 0x8804, 0x8804, 0x8804, 0x8804, 0x8804, 0x8804, 0xA804,
    0xA804, 0x8804, 0x8804, 0x8804, 0x8804, 0xA804, 0xA904, 0xE70A, 0x57B6, 0xFFFF, 0xFFFF, 0xFFFF, 0x3CE7, 0x38C6, 0x9184, 0xCB4B,
    0xA612, 0x2622, 0xEE7B, 0x8B4B, 0x8703, 0xA904, 0xA904, 0xA804, 0xC804, 0x8804, 0xA90C, 0x6512, 0x0000, 0x2000, 0x0000, 0x0000,
    0x0000, 0x0000, 0x0000, 0x0000, 0x0000, 0x0000, 0x0000, 0x0000, 0x0000, 0x0000, 0x0000, 0x0000, 0x0000, 0x0000, 0x0000, 0x0000,
    0x0000, 0x0000, 0x0000, 0x0000, 0x0000, 0x0000, 0x0000, 0x0000, 0x0000, 0x0000, 0x0000, 0x0000, 0x0000, 0x0000, 0x0000, 0x0000,
    0x0000, 0x0000, 0x0000, 0x0000, 0x0000, 0x0000, 0x0000, 0x0000, 0x0000, 0x0000, 0x0000, 0x0000, 0x0000, 0x0000, 0x0000, 0x0000,
    0x0000, 0x0000, 0x0000, 0x0000, 0x0000, 0x0000, 0x0000, 0x0000, 0x0000, 0x0000, 0x0000, 0x0000, 0x0000, 0x0000, 0x0000, 0x0000,
    0x0000, 0x0000, 0x0000, 0x0000, 0x0000, 0x0000, 0x0000, 0x0000, 0x0000, 0x0000, 0x0000, 0x0000, 0x0000, 0x0000, 0x0000, 0x0000,
    0x0000, 0x0000, 0x0000, 0x0000, 0x0000, 0x0000, 0x0000, 0x0000, 0x0000, 0x0000, 0x0000, 0x0000, 0x0000, 0x0000, 0x0000, 0x0000,
    0x0000, 0x0000, 0x0000, 0x0000, 0x0000, 0x0000, 0x0000, 0x0000, 0x0000, 0x0000, 0x0000, 0x0000, 0x0000, 0x0000, 0x0000, 0x0000,
    0x0000, 0x0000, 0x0000, 0x0000, 0x0000, 0x0000, 0x0000, 0x0000, 0x0000, 0x0000, 0x0000, 0x0000, 0x0000, 0x0000, 0x0000, 0x0000,
    0x0000, 0x0000, 0x0000, 0x0000, 0x0000, 0x0000, 0x0000, 0x0000, 0x0000, 0x0000, 0x0000, 0x0000, 0x0000, 0x0000, 0x0000, 0x0000,
    0x0000, 0x0000, 0x0000, 0xA400, 0xB703, 0x9703, 0x9703, 0x9803, 0x770B, 0x9603, 0xD903, 0x5603, 0x8E32, 0x18C6, 0x7DEF, 0x3CDF,
    0x5DE7, 0xDBD6, 0x368D, 0xCF2A, 0xB10A, 0x970B, 0x9803, 0xB703, 0x7803, 0x580B, 0xB803, 0x9603, 0xB603, 0x770B, 0x560B, 0x9703,
    0x9703, 0x9703, 0x9703, 0x9703, 0x9703, 0x9703, 0x9803, 0x9703, 0x9603, 0x9703, 0x550B, 0x8400, 0x0000, 0x0000, 0x0000, 0x0000,
    0x0000, 0x0000, 0x0000, 0x0000, 0x640A, 0xA90C, 0x8804, 0x8804, 0x8804, 0x8804, 0x8804, 0x8804, 0x8804, 0x8804, 0x8804, 0xA804,
    0xA804, 0x8804, 0x8804, 0x8804, 0x8804, 0xA804, 0xA90C, 0xA60A, 0xF294, 0xFFFF, 0xDFFF, 0xFFFF, 0xFFFF, 0xFFFF, 0xFFFF, 0xDEFF,
    0xFBD6, 0x549D, 0x6D6B, 0x9194, 0x4E6C, 0xE712, 0xC80B, 0x8A0C, 0xA804, 0x8804, 0xA90C, 0x4512, 0x0000, 0x0000, 0x0000, 0x0000,
    0x0000, 0x0000, 0x0000, 0x0000, 0x0000, 0x0000, 0x0000, 0x0000, 0x0000, 0x0000, 0x0000, 0x0000, 0x0000, 0x0000, 0x0000, 0x0000,
    0x0000, 0x0000, 0x0000, 0x0000, 0x0000, 0x0000, 0x0000, 0x0000, 0x0000, 0x0000, 0x0000, 0x0000, 0x0000, 0x0000, 0x0000, 0x0000,
    0x0000, 0x0000, 0x0000, 0x0000, 0x0000, 0x0000, 0x0000, 0x0000, 0x0000, 0x0000, 0x0000, 0x0000, 0x0000, 0x0000, 0x0000, 0x0000,
    0x0000, 0x0000, 0x0000, 0x0000, 0x0000, 0x0000, 0x0000, 0x0000, 0x0000, 0x0000, 0x0000, 0x0000, 0x0000, 0x0000, 0x0000, 0x0000,
    0x0000, 0x0000, 0x0000, 0x0000, 0x0000, 0x0000, 0x0000, 0x0000, 0x0000, 0x0000, 0x0000, 0x0000, 0x0000, 0x0000, 0x0000, 0x0000,
    0x0000, 0x0000, 0x0000, 0x0000, 0x0000, 0x0000, 0x0000, 0x0000, 0x0000, 0x0000, 0x0000, 0x0000, 0x0000, 0x0000, 0x0000, 0x0000,
    0x0000, 0x0000, 0x0000, 0x0000, 0x0000, 0x0000, 0x0000, 0x0000, 0x0000, 0x0000, 0x0000, 0x0000, 0x0000, 0x0000, 0x0000, 0x0000,
    0x0000, 0x0000, 0x0000, 0x0000, 0x0000, 0x0000, 0x0000, 0x0000, 0x0000, 0x0000, 0x0000, 0x0000, 0x0000, 0x0000, 0x0000, 0x0000,
    0x0000, 0x0000, 0x0000, 0x0000, 0x0000, 0x0000, 0x0000, 0x0000, 0x0000, 0x0000, 0x0000, 0x0000, 0x0000, 0x0000, 0x0000, 0x0000,
    0x0000, 0x0000, 0x0000, 0xA400, 0xB703, 0x9703, 0x9703, 0x9703, 0x9703, 0x9803, 0xB903, 0xB00A, 0x79C6, 0xFFFF, 0xFFFF, 0xFFFF,
    0xFFFF, 0xFFFF, 0xFFFF, 0x3DE7, 0xB05B, 0x8F0A, 0xB70B, 0x9603, 0x7703, 0x7803, 0x9903, 0xB903, 0x9803, 0x9803, 0xB803, 0x9703,
    0x9703, 0x9703, 0x9703, 0x9703, 0x9703, 0x9703, 0x9803, 0x9703, 0x9603, 0x9703, 0x3403, 0x6300, 0x0000, 0x0000, 0x0000, 0x0000,
    0x0000, 0x0000, 0x0000, 0x0000, 0x2302, 0xA904, 0x8804, 0x8804, 0x8804, 0x8804, 0x8804, 0x8804, 0x8804, 0x8804, 0x8804, 0x8804,
    0x8804, 0x8804, 0x8804, 0xA804, 0xA904, 0x890C, 0xA603, 0xB084, 0x118D, 0x8B3B, 0x0D54, 0xF28C, 0x9ACE, 0xFFFF, 0xFFFF, 0xFFFF,
    0xFFFF, 0xFFFF, 0xFFFF, 0x3CE7, 0xDFFF, 0x58CE, 0xAC5B, 0x0613, 0x280C, 0x8804, 0xC904, 0x850A, 0x0000, 0x0000, 0x0000, 0x0000,
    0x0000, 0x0000, 0x0000, 0x0000, 0x0000, 0x0000, 0x0000, 0x0000, 0x0000, 0x0000, 0x0000, 0x0000, 0x0000, 0x0000, 0x0000, 0x0000,
    0x0000, 0x0000, 0x0000, 0x0000, 0x0000, 0x0000, 0x0000, 0x0000, 0x0000, 0x0000, 0x0000, 0x0000, 0x0000, 0x0000, 0x0000, 0x0000,
    0x0000, 0x0000, 0x0000, 0x0000, 0x0000, 0x0000, 0x0000, 0x0000, 0x0000, 0x0000, 0x0000, 0x0000, 0x0000, 0x0000, 0x0000, 0x0000,
    0x0000, 0x0000, 0x0000, 0x0000, 0x0000, 0x0000, 0x0000, 0x0000, 0x0000, 0x0000, 0x0000, 0x0000, 0x0000, 0x0000, 0x0000, 0x0000,
    0x0000, 0x0000, 0x0000, 0x0000, 0x0000, 0x0000, 0x0000, 0x0000, 0x0000, 0x0000, 0x0000, 0x0000, 0x0000, 0x0000, 0x0000, 0x0000,
    0x0000, 0x0000, 0x0000, 0x0000, 0x0000, 0x0000, 0x0000, 0x0000, 0x0000, 0x0000, 0x0000, 0x0000, 0x0000, 0x0000, 0x0000, 0x0000,
    0x0000, 0x0000, 0x0000, 0x0000, 0x0000, 0x0000, 0x0000, 0x0000, 0x0000, 0x0000, 0x0000, 0x0000, 0x0000, 0x0000, 0x0000, 0x0000,
    0x0000, 0x0000, 0x0000, 0x0000, 0x0000, 0x0000, 0x0000, 0x0000, 0x0000, 0x0000, 0x0000, 0x0000, 0x0000, 0x0000, 0x0000, 0x0000,
    0x0000, 0x0000, 0x0000, 0x0000, 0x0000, 0x0000, 0x0000, 0x0000, 0x0000, 0x0000, 0x0000, 0x0000, 0x0000, 0x0000, 0x0000, 0x0000,
    0x0000, 0x0000, 0x0000, 0xA400, 0xB703, 0x9703, 0x9703, 0x9803, 0x9803, 0x9803, 0x9803, 0xAF1A, 0x7CE7, 0xFFFF, 0x3DE7, 0x359D,
    0x5695, 0x19BE, 0x5DEF, 0xFFFF, 0xFFFF, 0x3364, 0x9002, 0xB80B, 0x9703, 0xB703, 0x9703, 0x770B, 0x7703, 0x9703, 0xB803, 0x9703,
    0x9703, 0x9703, 0x9703, 0x9703, 0x9703, 0x9703, 0x9803, 0x9703, 0x9603, 0xB703, 0xF40A, 0x4200, 0x0000, 0x0000, 0x0000, 0x0000,
    0x0000, 0x0000, 0x0000, 0x0000, 0xA301, 0xA904, 0xA804, 0xA804, 0x8804, 0x8804, 0x8804, 0x8804, 0x8804, 0x8804, 0x8804, 0x8804,
    0x8804, 0x8804, 0xA804, 0xC804, 0x8804, 0x680C, 0xA823, 0x728D, 0x2703, 0x6904, 0x0804, 0x470B, 0x0713, 0x2D5C, 0x37BE, 0x55AD,
    0x79CE, 0xBEF7, 0xFFFF, 0xFFFF, 0xFFFF, 0xFFFF, 0xFFFF, 0x16A6, 0x470B, 0x6904, 0xE904, 0xA502, 0x0000, 0x0000, 0x0000, 0x0000,
    0x0000, 0x0000, 0x0000, 0x0000, 0x0000, 0x0000, 0x0000, 0x0000, 0x0000, 0x0000, 0x0000, 0x0000, 0x0000, 0x0000, 0x0000, 0x0000,
    0x0000, 0x0000, 0x0000, 0x0000, 0x0000, 0x0000, 0x0000, 0x0000, 0x0000, 0x0000, 0x0000, 0x0000, 0x0000, 0x0000, 0x0000, 0x0000,
    0x0000, 0x0000, 0x0000, 0x0000, 0x0000, 0x0000, 0x0000, 0x0000, 0x0000, 0x0000, 0x0000, 0x0000, 0x0000, 0x0000, 0x0000, 0x0000,
    0x0000, 0x0000, 0x0000, 0x0000, 0x0000, 0x0000, 0x0000, 0x0000, 0x0000, 0x0000, 0x0000, 0x0000, 0x0000, 0x0000, 0x0000, 0x0000,
    0x0000, 0x0000, 0x0000, 0x0000, 0x0000, 0x0000, 0x0000, 0x0000, 0x0000, 0x0000, 0x0000, 0x0000, 0x0000, 0x0000, 0x0000, 0x0000,
    0x0000, 0x0000, 0x0000, 0x0000, 0x0000, 0x0000, 0x0000, 0x0000, 0x0000, 0x0000, 0x0000, 0x0000, 0x0000, 0x0000, 0x0000, 0x0000,
    0x0000, 0x0000, 0x0000, 0x0000, 0x0000, 0x0000, 0x0000, 0x0000, 0x0000, 0x0000, 0x0000, 0x0000, 0x0000, 0x0000, 0x0000, 0x0000,
    0x0000, 0x0000, 0x0000, 0x0000, 0x0000, 0x0000, 0x0000, 0x0000, 0x0000, 0x0000, 0x0000, 0x0000, 0x0000, 0x0000, 0x0000, 0x0000,
    0x0000, 0x0000, 0x0000, 0x0000, 0x0000, 0x0000, 0x0000, 0x0000, 0x0000, 0x0000, 0x0000, 0x0000, 0x0000, 0x0000, 0x0000, 0x0000,
    0x0000, 0x0000, 0x0000, 0xA400, 0xB703, 0x9703, 0x9703, 0x9803, 0x9803, 0x9603, 0xB803, 0x700A, 0x96A5, 0xFFFF, 0x9053, 0x0D02,
    0x900A, 0x900A, 0xD022, 0x5474, 0xFCDE, 0xFFFF, 0x503B, 0xF502, 0xB803, 0xB703, 0x9703, 0x7603, 0x9603, 0x9603, 0x9703, 0x9703,
    0x9703, 0x9703, 0x9703, 0x9703, 0x9703, 0x9703, 0x9803, 0x9703, 0x9603, 0xB803, 0xB20A, 0x0100, 0x0000, 0x0000, 0x0000, 0x0000,
    0x0000, 0x0000, 0x2000, 0x0000, 0x2209, 0xC904, 0xA804, 0x8804, 0x8804, 0x8804, 0x8804, 0x8804, 0x8804, 0x8804, 0x8804, 0x8804,
    0x8804, 0x8804, 0x8804, 0xC804, 0xA804, 0x680C, 0xA71B, 0x949D, 0x0723, 0x890C, 0xC90C, 0xA904, 0xA904, 0xC703, 0x071B, 0x2B5B,
    0x073A, 0x0A3B, 0xD174, 0xF6B5, 0x9DE7, 0xFFFF, 0xFFFF, 0xFFFF, 0xAB3B, 0x080C, 0xCA04, 0xA502, 0x0000, 0x0000, 0x0000, 0x0000,
    0x0000, 0x0000, 0x0000, 0x0000, 0x0000, 0x0000, 0x0000, 0x0000, 0x0000, 0x0000, 0x0000, 0x0000, 0x0000, 0x0000, 0x0000, 0x0000,
    0x0000, 0x0000, 0x0000, 0x0000, 0x0000, 0x0000, 0x0000, 0x0000, 0x0000, 0x0000, 0x0000, 0x0000, 0x0000, 0x0000, 0x0000, 0x0000,
    0x0000, 0x0000, 0x0000, 0x0000, 0x0000, 0x0000, 0x0000, 0x0000, 0x0000, 0x0000, 0x0000, 0x0000, 0x0000, 0x0000, 0x0000, 0x0000,
    0x0000, 0x0000, 0x0000, 0x0000, 0x0000, 0x0000, 0x0000, 0x0000, 0x0000, 0x0000, 0x0000, 0x0000, 0x0000, 0x0000, 0x0000, 0x0000,
    0x0000, 0x0000, 0x0000, 0x0000, 0x0000, 0x0000, 0x0000, 0x0000, 0x0000, 0x0000, 0x0000, 0x0000, 0x0000, 0x0000, 0x0000, 0x0000,
    0x0000, 0x0000, 0x0000, 0x0000, 0x0000, 0x0000, 0x0000, 0x0000, 0x0000, 0x0000, 0x0000, 0x0000, 0x0000, 0x0000, 0x0000, 0x0000,
    0x0000, 0x0000, 0x0000, 0x0000, 0x0000, 0x0000, 0x0000, 0x0000, 0x0000, 0x0000, 0x0000, 0x0000, 0x0000, 0x0000, 0x0000, 0x0000,
    0x0000, 0x0000, 0x0000, 0x0000, 0x0000, 0x0000, 0x0000, 0x0000, 0x0000, 0x0000, 0x0000, 0x0000, 0x0000, 0x0000, 0x0000, 0x0000,
    0x0000, 0x0000, 0x0000, 0x0000, 0x0000, 0x0000, 0x0000, 0x0000, 0x0000, 0x0000, 0x0000, 0x0000, 0x0000, 0x0000, 0x0000, 0x0000,
    0x0000, 0x0000, 0x0000, 0xA400, 0xB703, 0x9703, 0x9703, 0x9803, 0x9703, 0x7703, 0x9703, 0x3503, 0xCF2A, 0xFCD6, 0x0F3B, 0x750B,
    0xF80B, 0xB803, 0x7703, 0xB102, 0x6C22, 0x75A5, 0x9AC6, 0x910A, 0x970B, 0x9703, 0xB803, 0x9703, 0x7703, 0x9703, 0xB703, 0x9703,
    0x9703, 0x9703, 0x9703, 0x9703, 0x9703, 0x9703, 0x9703, 0x9703, 0x9703, 0xD903, 0x6F12, 0x0100, 0x0000, 0x0000, 0x0000, 0x0000,
    0x0000, 0x0000, 0x0000, 0x0000, 0xE208, 0x8904, 0xA804, 0x8804, 0x8804, 0x8804, 0x8804, 0x8804, 0x8804, 0x8804, 0x8804, 0xA804,
    0x8804, 0x8804, 0x8804, 0xA804, 0xA804, 0xA90C, 0x6603, 0x94A5, 0x75AD, 0x6512, 0x0804, 0xE904, 0xC904, 0xA80C, 0x880C, 0x6823,
    0xD18C, 0xC82A, 0x470B, 0x2713, 0x481B, 0x6D54, 0x539D, 0x3BDF, 0xEB4B, 0xA70B, 0xAA0C, 0x850A, 0x0000, 0x0000, 0x0000, 0x0000,
    0x0000, 0x0000, 0x0000, 0x0000, 0x0000, 0x0000, 0x0000, 0x0000, 0x0000, 0x0000, 0x0000, 0x0000, 0x0000, 0x0000, 0x0000, 0x0000,
    0x0000, 0x0000, 0x0000, 0x0000, 0x0000, 0x0000, 0x0000, 0x0000, 0x0000, 0x0000, 0x0000, 0x0000, 0x0000, 0x0000, 0x0000, 0x0000,
    0x0000, 0x0000, 0x0000, 0x0000, 0x0000, 0x0000, 0x0000, 0x0000, 0x0000, 0x0000, 0x0000, 0x0000, 0x0000, 0x0000, 0x0000, 0x0000,
    0x0000, 0x0000, 0x0000, 0x0000, 0x0000, 0x0000, 0x0000, 0x0000, 0x0000, 0x0000, 0x0000, 0x0000, 0x0000, 0x0000, 0x0000, 0x0000,
    0x0000, 0x0000, 0x0000, 0x0000, 0x0000, 0x0000, 0x0000, 0x0000, 0x0000, 0x0000, 0x0000, 0x0000, 0x0000, 0x0000, 0x0000, 0x0000,
    0x0000, 0x0000, 0x0000, 0x0000, 0x0000, 0x0000, 0x0000, 0x0000, 0x0000, 0x0000, 0x0000, 0x0000, 0x0000, 0x0000, 0x0000, 0x0000,
    0x0000, 0x0000, 0x0000, 0x0000, 0x0000, 0x0000, 0x0000, 0x0000, 0x0000, 0x0000, 0x0000, 0x0000, 0x0000, 0x0000, 0x0000, 0x0000,
    0x0000, 0x0000, 0x0000, 0x0000, 0x0000, 0x0000, 0x0000, 0x0000, 0x0000, 0x0000, 0x0000, 0x0000, 0x0000, 0x0000, 0x0000, 0x0000,
    0x0000, 0x0000, 0x0000, 0x0000, 0x0000, 0x0000, 0x0000, 0x0000, 0x0000, 0x0000, 0x0000, 0x0000, 0x0000, 0x0000, 0x0000, 0x0000,
    0x0000, 0x0000, 0x0000, 0xA400, 0xB703, 0x9703, 0x9703, 0x9703, 0x9703, 0x9803, 0x9603, 0xD803, 0x1403, 0x704B, 0x1585, 0x9012,
    0x3503, 0x970B, 0xB80B, 0xB80B, 0x760B, 0x2D12, 0x76A5, 0x7233, 0x340B, 0x9603, 0x9703, 0x9703, 0x9703, 0x9703, 0x9703, 0x9703,
    0x9703, 0x9703, 0x9703, 0x9703, 0x9703, 0x9703, 0x9703, 0x9703, 0x9703, 0xD803, 0x2D0A, 0x0000, 0x0000, 0x0000, 0x0000, 0x0000,
    0x0000, 0x0000, 0x0000, 0x0000, 0xA100, 0x2804, 0xA804, 0x8804, 0x8804, 0x8804, 0x8804, 0x8804, 0x8804, 0x8804, 0x8804, 0xA804,
    0xA804, 0x8804, 0x8804, 0x8804, 0xA804, 0xA804, 0x280C, 0x4933, 0xDEF7, 0x58CE, 0xCC53, 0x270B, 0xA703, 0x4704, 0xC904, 0x4603,
    0x1295, 0xB4AD, 0x260B, 0xEA0C, 0x8804, 0xE703, 0x0713, 0x271B, 0x260B, 0x0704, 0xC904, 0x850A, 0x0000, 0x0000, 0x0000, 0x0000,
    0x0000, 0x0000, 0x0000, 0x0000, 0x0000, 0x0000, 0x0000, 0x0000, 0x0000, 0x0000, 0x0000, 0x0000, 0x0000, 0x0000, 0x0000, 0x0000,
    0x0000, 0x0000, 0x0000, 0x0000, 0x0000, 0x0000, 0x0000, 0x0000, 0x0000, 0x0000, 0x0000, 0x0000, 0x0000, 0x0000, 0x0000, 0x0000,
    0x0000, 0x0000, 0x0000, 0x0000, 0x0000, 0x0000, 0x0000, 0x0000, 0x0000, 0x0000, 0x0000, 0x0000, 0x0000, 0x0000, 0x0000, 0x0000,
    0x0000, 0x0000, 0x0000, 0x0000, 0x0000, 0x0000, 0x0000, 0x0000, 0x0000, 0x0000, 0x0000, 0x0000, 0x0000, 0x0000, 0x0000, 0x0000,
    0x0000, 0x0000, 0x0000, 0x0000, 0x0000, 0x0000, 0x0000, 0x0000, 0x0000, 0x0000, 0x0000, 0x0000, 0x0000, 0x0000, 0x0000, 0x0000,
    0x0000, 0x0000, 0x0000, 0x0000, 0x0000, 0x0000, 0x0000, 0x0000, 0x0000, 0x0000, 0x0000, 0x0000, 0x0000, 0x0000, 0x0000, 0x0000,
    0x0000, 0x0000, 0x0000, 0x0000, 0x0000, 0x0000, 0x0000, 0x0000, 0x0000, 0x0000, 0x0000, 0x0000, 0x0000, 0x0000, 0x0000, 0x0000,
    0x0000, 0x0000, 0x0000, 0x0000, 0x0000, 0x0000, 0x0000, 0x0000, 0x0000, 0x0000, 0x0000, 0x0000, 0x0000, 0x0000, 0x0000, 0x0000,
    0x0000, 0x0000, 0x0000, 0x0000, 0x0000, 0x0000, 0x0000, 0x0000, 0x0000, 0x0000, 0x0000, 0x0000, 0x0000, 0x0000, 0x0000, 0x0000,
    0x0000, 0x0000, 0x0000, 0xA400, 0xB703, 0x9703, 0x9703, 0x7703, 0x9703, 0xB803, 0x9603, 0x9703, 0x7603, 0x0B0A, 0x2942, 0x3374,
    0x303B, 0x6E12, 0xD10A, 0x5603, 0xB903, 0x7102, 0x737C, 0x923B, 0x3313, 0x9603, 0x9703, 0x9703, 0x9703, 0x9703, 0x9703, 0x9703,
    0x9703, 0x9703, 0x9703, 0x9703, 0x9703, 0x9703, 0x9703, 0x9703, 0x9703, 0xB803, 0xCB09, 0x0000, 0x0000, 0x0000, 0x0000, 0x0000,
    0x0000, 0x0000, 0x0000, 0x0000, 0x6000, 0xC80B, 0xA904, 0x8804, 0x8804, 0x8804, 0x8804, 0x8804, 0x8804, 0x8804, 0x8804, 0xA804,
    0xA804, 0x8804, 0x8804, 0x8804, 0x8804, 0x8804, 0xA904, 0x8703, 0x4E64, 0xFFFF, 0xFFFF, 0x38BE, 0x9074, 0x6A3B, 0x692B, 0x4A3B,
    0x1AD7, 0xBDFF, 0x6823, 0xA804, 0xA804, 0x880C, 0x890C, 0x8904, 0x8804, 0xA804, 0xC904, 0x850A, 0x0000, 0x0000, 0x0000, 0x0000,
    0x0000, 0x0000, 0x0000, 0x0000, 0x0000, 0x0000, 0x0000, 0x0000, 0x0000, 0x0000, 0x0000, 0x0000, 0x0000, 0x0000, 0x0000, 0x0000,
    0x0000, 0x0000, 0x0000, 0x0000, 0x0000, 0x0000, 0x0000, 0x0000, 0x0000, 0x0000, 0x0000, 0x0000, 0x0000, 0x0000, 0x0000, 0x0000,
    0x0000, 0x0000, 0x0000, 0x0000, 0x0000, 0x0000, 0x0000, 0x0000, 0x0000, 0x0000, 0x0000, 0x0000, 0x0000, 0x0000, 0x0000, 0x0000,
    0x0000, 0x0000, 0x0000, 0x0000, 0x0000, 0x0000, 0x0000, 0x0000, 0x0000, 0x0000, 0x0000, 0x0000, 0x0000, 0x0000, 0x0000, 0x0000,
    0x0000, 0x0000, 0x0000, 0x0000, 0x0000, 0x0000, 0x0000, 0x0000, 0x0000, 0x0000, 0x0000, 0x0000, 0x0000, 0x0000, 0x0000, 0x0000,
    0x0000, 0x0000, 0x0000, 0x0000, 0x0000, 0x0000, 0x0000, 0x0000, 0x0000, 0x0000, 0x0000, 0x0000, 0x0000, 0x0000, 0x0000, 0x0000,
    0x0000, 0x0000, 0x0000, 0x0000, 0x0000, 0x0000, 0x0000, 0x0000, 0x0000, 0x0000, 0x0000, 0x0000, 0x0000, 0x0000, 0x0000, 0x0000,
    0x0000, 0x0000, 0x0000, 0x0000, 0x0000, 0x0000, 0x0000, 0x0000, 0x0000, 0x0000, 0x0000, 0x0000, 0x0000, 0x0000, 0x0000, 0x0000,
    0x0000, 0x0000, 0x0000, 0x0000, 0x0000, 0x0000, 0x0000, 0x0000, 0x0000, 0x0000, 0x0000, 0x0000, 0x0000, 0x0000, 0x0000, 0x0000,
    0x0000, 0x0000, 0x0000, 0xA400, 0xB703, 0x9703, 0x9703, 0x9803, 0x7703, 0x9803, 0xB703, 0x330B, 0x1023, 0x368D, 0xD7BD, 0x9ADE,
    0xBEF7, 0xF7BD, 0x736C, 0x713B, 0xCF2A, 0xD15B, 0x117C, 0x4F02, 0x5603, 0x9803, 0xD903, 0xB903, 0xB803, 0x9803, 0x9703, 0x9703,
    0x9703, 0x9703, 0x9703, 0x9703, 0x9703, 0x9703, 0x9703, 0x9703, 0x9703, 0xB70B, 0x6909, 0x0000, 0x0000, 0x0000, 0x0000, 0x0000,
    0x0000, 0x0000, 0x0000, 0x0000, 0x2000, 0x6713, 0xA904, 0x8804, 0x8804, 0x8804, 0x8804, 0x8804, 0x8804, 0x8804, 0x8804, 0x8804,
    0x8804, 0x8804, 0x8804, 0x8804, 0x8804, 0xA804, 0xA804, 0xA904, 0x4603, 0x4F74, 0xDFFF, 0xFFFF, 0xFFFF, 0xBFFF, 0x1CEF, 0x9EFF,
    0xFFFF, 0xFFFF, 0xCA3B, 0x4804, 0x680C, 0x8804, 0xA804, 0xA804, 0x8804, 0xA804, 0xC904, 0x650A, 0x0000, 0x0000, 0x0000, 0x0000,
    0x0000, 0x0000, 0x0000, 0x0000, 0x0000, 0x0000, 0x0000, 0x0000, 0x0000, 0x0000, 0x0000, 0x0000, 0x0000, 0x0000, 0x0000, 0x0000,
    0x0000, 0x0000, 0x0000, 0x0000, 0x0000, 0x0000, 0x0000, 0x0000, 0x0000, 0x0000, 0x0000, 0x0000, 0x0000, 0x0000, 0x0000, 0x0000,
    0x0000, 0x0000, 0x0000, 0x0000, 0x0000, 0x0000, 0x0000, 0x0000, 0x0000, 0x0000, 0x0000, 0x0000, 0x0000, 0x0000, 0x0000, 0x0000,
    0x0000, 0x0000, 0x0000, 0x0000, 0x0000, 0x0000, 0x0000, 0x0000, 0x0000, 0x0000, 0x0000, 0x0000, 0x0000, 0x0000, 0x0000, 0x0000,
    0x0000, 0x0000, 0x0000, 0x0000, 0x0000, 0x0000, 0x0000, 0x0000, 0x0000, 0x0000, 0x0000, 0x0000, 0x0000, 0x0000, 0x0000, 0x0000,
    0x0000, 0x0000, 0x0000, 0x0000, 0x0000, 0x0000, 0x0000, 0x0000, 0x0000, 0x0000, 0x0000, 0x0000, 0x0000, 0x0000, 0x0000, 0x0000,
    0x0000, 0x0000, 0x0000, 0x0000, 0x0000, 0x0000, 0x0000, 0x0000, 0x0000, 0x0000, 0x0000, 0x0000, 0x0000, 0x0000, 0x0000, 0x0000,
    0x0000, 0x0000, 0x0000, 0x0000, 0x0000, 0x0000, 0x0000, 0x0000, 0x0000, 0x0000, 0x0000, 0x0000, 0x0000, 0x0000, 0x0000, 0x0000,
    0x0000, 0x0000, 0x0000, 0x0000, 0x0000, 0x0000, 0x0000, 0x0000, 0x0000, 0x0000, 0x0000, 0x0000, 0x0000, 0x0000, 0x0000, 0x0000,
    0x0000, 0x0000, 0x0000, 0xA400, 0xB703, 0x9703, 0x9703, 0x9803, 0x7703, 0x7703, 0xB803, 0xAF12, 0xBACE, 0xFFFF, 0xFFFF, 0xFFFF,
    0xFFFF, 0xFFFF, 0xFFFF, 0xFFF7, 0xBEFF, 0xFFFF, 0x96AD, 0x1264, 0x0F3B, 0xB01A, 0x9102, 0xF302, 0x5503, 0x9803, 0x9803, 0x9703,
    0x9703, 0x9703, 0x9703, 0x9703, 0x9703, 0x9703, 0x9703, 0x9703, 0x9703, 0x960B, 0xE608, 0x0000, 0x0000, 0x0000, 0x0000, 0x0000,
    0x0000, 0x0000, 0x0000, 0x0000, 0x0000, 0xE612, 0xC904, 0x8804, 0x8804, 0x8804, 0x8804, 0x8804, 0x8804, 0x8804, 0x8804, 0x8804,
    0x8804, 0x8804, 0x8804, 0x8804, 0x8804, 0x8804, 0xA804, 0x8804, 0xA90C, 0x460B, 0x6B53, 0x79CE, 0xFFFF, 0xFFFF, 0xFFFF, 0xFFFF,
    0xFFFF, 0x79CE, 0x071B, 0x8904, 0x8804, 0x8804, 0x8804, 0x6804, 0x680C, 0x8804, 0xA90C, 0x6512, 0x0000, 0x0000, 0x0000, 0x0000,
    0x0000, 0x0000, 0x0000, 0x0000, 0x0000, 0x0000, 0x0000, 0x0000, 0x0000, 0x0000, 0x0000, 0x0000, 0x0000, 0x0000, 0x0000, 0x0000,
    0x0000, 0x0000, 0x0000, 0x0000, 0x0000, 0x0000, 0x0000, 0x0000, 0x0000, 0x0000, 0x0000, 0x0000, 0x0000, 0x0000, 0x0000, 0x0000,
    0x0000, 0x0000, 0x0000, 0x0000, 0x0000, 0x0000, 0x0000, 0x0000, 0x0000, 0x0000, 0x0000, 0x0000, 0x0000, 0x0000, 0x0000, 0x0000,
    0x0000, 0x0000, 0x0000, 0x0000, 0x0000, 0x0000, 0x0000, 0x0000, 0x0000, 0x0000, 0x0000, 0x0000, 0x0000, 0x0000, 0x0000, 0x0000,
    0x0000, 0x0000, 0x0000, 0x0000, 0x0000, 0x0000, 0x0000, 0x0000, 0x0000, 0x0000, 0x0000, 0x0000, 0x0000, 0x0000, 0x0000, 0x0000,
    0x0000, 0x0000, 0x0000, 0x0000, 0x0000, 0x0000, 0x0000, 0x0000, 0x0000, 0x0000, 0x0000, 0x0000, 0x0000, 0x0000, 0x0000, 0x0000,
    0x0000, 0x0000, 0x0000, 0x0000, 0x0000, 0x0000, 0x0000, 0x0000, 0x0000, 0x0000, 0x0000, 0x0000, 0x0000, 0x0000, 0x0000, 0x0000,
    0x0000, 0x0000, 0x0000, 0x0000, 0x0000, 0x0000, 0x0000, 0x0000, 0x0000, 0x0000, 0x0000, 0x0000, 0x0000, 0x0000, 0x0000, 0x0000,
    0x0000, 0x0000, 0x0000, 0x0000, 0x0000, 0x0000, 0x0000, 0x0000, 0x0000, 0x0000, 0x0000, 0x0000, 0x0000, 0x0000, 0x0000, 0x0000,
    0x0000, 0x0000, 0x0000, 0xA400, 0xB703, 0x9703, 0x9703, 0x9803, 0x9703, 0x9603, 0xB803, 0x901A, 0x1BE7, 0xFFFF, 0x7EE7, 0xBBCE,
    0xFBD6, 0x9DEF, 0xFFFF, 0xFFFF, 0xFFFF, 0xFFFF, 0xFFFF, 0xFFFF, 0xDEFF, 0xBBD6, 0xB8A5, 0x9374, 0x503B, 0xCF2A, 0xB112, 0x9703,
    0x9703, 0x9703, 0x9703, 0x9703, 0x9703, 0x9703, 0x9703, 0x9703, 0x9703, 0x750B, 0xA400, 0x0000, 0x0000, 0x0000, 0x0000, 0x0000,
    0x0000, 0x0000, 0x0000, 0x0000, 0x0000, 0x440A, 0xA904, 0x8804, 0x8804, 0x8804, 0x8804, 0x8804, 0x8804, 0x8804, 0x8804, 0x8804,
    0x8804, 0xA804, 0xA804, 0x8804, 0x8804, 0x8804, 0x8804, 0x8804, 0xA804, 0xE904, 0xE703, 0x0613, 0x0D5C, 0x95AD, 0x59CE, 0x59CE,
    0x54A5, 0x2923, 0x2904, 0x8804, 0x8804, 0xA804, 0xA804, 0x8804, 0x8804, 0x8804, 0xAA04, 0x650A, 0x0000, 0x0000, 0x0000, 0x0000,
    0x0000, 0x0000, 0x0000, 0x0000, 0x0000, 0x0000, 0x0000, 0x0000, 0x0000, 0x0000, 0x0000, 0x0000, 0x0000, 0x0000, 0x0000, 0x0000,
    0x0000, 0x0000, 0x0000, 0x0000, 0x0000, 0x0000, 0x0000, 0x0000, 0x0000, 0x0000, 0x0000, 0x0000, 0x0000, 0x0000, 0x0000, 0x0000,
    0x0000, 0x0000, 0x0000, 0x0000, 0x0000, 0x0000, 0x0000, 0x0000, 0x0000, 0x0000, 0x0000, 0x0000, 0x0000, 0x0000, 0x0000, 0x0000,
    0x0000, 0x0000, 0x0000, 0x0000, 0x0000, 0x0000, 0x0000, 0x0000, 0x0000, 0x0000, 0x0000, 0x0000, 0x0000, 0x0000, 0x0000, 0x0000,
    0x0000, 0x0000, 0x0000, 0x0000, 0x0000, 0x0000, 0x0000, 0x0000, 0x0000, 0x0000, 0x0000, 0x0000, 0x0000, 0x0000, 0x0000, 0x0000,
    0x0000, 0x0000, 0x0000, 0x0000, 0x0000, 0x0000, 0x0000, 0x0000, 0x0000, 0x0000, 0x0000, 0x0000, 0x0000, 0x0000, 0x0000, 0x0000,
    0x0000, 0x0000, 0x0000, 0x0000, 0x0000, 0x0000, 0x0000, 0x0000, 0x0000, 0x0000, 0x0000, 0x0000, 0x0000, 0x0000, 0x0000, 0x0000,
    0x0000, 0x0000, 0x0000, 0x0000, 0x0000, 0x0000, 0x0000, 0x0000, 0x0000, 0x0000, 0x0000, 0x0000, 0x0000, 0x0000, 0x0000, 0x0000,
    0x0000, 0x0000, 0x0000, 0x0000, 0x0000, 0x0000, 0x0000, 0x0000, 0x0000, 0x0000, 0x0000, 0x0000, 0x0000, 0x0000, 0x0000, 0x0000,
    0x0000, 0x0000, 0x0000, 0xA400, 0xB703, 0x9703, 0x9703, 0x9803, 0xB703, 0x9603, 0xB803, 0xD202, 0x5274, 0xFFFF, 0x7053, 0x4E12,
    0xD01A, 0x5233, 0x9153, 0x327C, 0x98AD, 0x9ACE, 0x9DF7, 0xFFFF, 0xFFFF, 0xFFFF, 0xFFFF, 0xFFFF, 0xFFFF, 0xFBE6, 0x7143, 0x3603,
    0x9703, 0x9703, 0x9703, 0x9703, 0x9703, 0x9703, 0x9703, 0x9703, 0xB803, 0x130B, 0x6300, 0x0000, 0x0100, 0x0000, 0x0000, 0x0000,
    0x0000, 0x0000, 0x0000, 0x0000, 0x0000, 0xA301, 0xAA04, 0x8804, 0x8804, 0x8804, 0x8804, 0x8804, 0x8804, 0x8804, 0x8804, 0x8804,
    0x8804, 0xA804, 0xA804, 0x8804, 0x8804, 0x8804, 0xA804, 0x8804, 0xE703, 0x8703, 0x690C, 0x890C, 0x070C, 0x6302, 0x8842, 0xEB52,
    0x4502, 0x890C, 0xA804, 0xA804, 0xA804, 0x8804, 0x8804, 0x8804, 0xA804, 0x8804, 0xA904, 0x850A, 0x0000, 0x0000, 0x0000, 0x0000,
    0x0000, 0x0000, 0x0000, 0x0000, 0x0000, 0x0000, 0x0000, 0x0000, 0x0000, 0x0000, 0x0000, 0x0000, 0x0000, 0x0000, 0x0000, 0x0000,
    0x0000, 0x0000, 0x0000, 0x0000, 0x0000, 0x0000, 0x0000, 0x0000, 0x0000, 0x0000, 0x0000, 0x0000, 0x0000, 0x0000, 0x0000, 0x0000,
    0x0000, 0x0000, 0x0000, 0x0000, 0x0000, 0x0000, 0x0000, 0x0000, 0x0000, 0x0000, 0x0000, 0x0000, 0x0000, 0x0000, 0x0000, 0x0000,
    0x0000, 0x0000, 0x0000, 0x0000, 0x0000, 0x0000, 0x0000, 0x0000, 0x0000, 0x0000, 0x0000, 0x0000, 0x0000, 0x0000, 0x0000, 0x0000,
    0x0000, 0x0000, 0x0000, 0x0000, 0x0000, 0x0000, 0x0000, 0x0000, 0x0000, 0x0000, 0x0000, 0x0000, 0x0000, 0x0000, 0x0000, 0x0000,
    0x0000, 0x0000, 0x0000, 0x0000, 0x0000, 0x0000, 0x0000, 0x0000, 0x0000, 0x0000, 0x0000, 0x0000, 0x0000, 0x0000, 0x0000, 0x0000,
    0x0000, 0x0000, 0x0000, 0x0000, 0x0000, 0x0000, 0x0000, 0x0000, 0x0000, 0x0000, 0x0000, 0x0000, 0x0000, 0x0000, 0x0000, 0x0000,
    0x0000, 0x0000, 0x0000, 0x0000, 0x0000, 0x0000, 0x0000, 0x0000, 0x0000, 0x0000, 0x0000, 0x0000, 0x0000, 0x0000, 0x0000, 0x0000,
    0x0000, 0x0000, 0x0000, 0x0000, 0x0000, 0x0000, 0x0000, 0x0000, 0x0000, 0x0000, 0x0000, 0x0000, 0x0000, 0x0000, 0x0000, 0x0000,
    0x0000, 0x0000, 0x0000, 0xA400, 0xB703, 0x9703, 0x9703, 0x9703, 0x9603, 0x9703, 0x9803, 0xB803, 0x8E12, 0x95AD, 0x9053, 0xF302,
    0xB803, 0x7603, 0x3403, 0xF202, 0xB102, 0xB00A, 0x312B, 0xB14B, 0x1595, 0x39C6, 0x3CEF, 0xFFFF, 0xFFFF, 0xFFFF, 0x588D, 0xB202,
    0xB70B, 0x9703, 0x9703, 0x9603, 0x9703, 0x9803, 0x9803, 0x9703, 0xB803, 0xD20A, 0x0100, 0x0000, 0x0000, 0x0000, 0x0000, 0x0000,
    0x0000, 0x0000, 0x0000, 0x0000, 0x0000, 0x0201, 0x8904, 0x8804, 0x8804, 0x8804, 0x8804, 0x8804, 0x8804, 0x8804, 0x8804, 0x8804,
    0x8804, 0xA804, 0xA804, 0x8804, 0x8804, 0x8804, 0x6904, 0x271B, 0x6F6C, 0xD17C, 0x482B, 0x0704, 0xE904, 0x890C, 0x6813, 0x9495,
    0xCB43, 0x070C, 0xA804, 0x8804, 0xA804, 0x8804, 0x8804, 0x8804, 0xA804, 0x8804, 0xA90C, 0x850A, 0x0000, 0x0000, 0x0000, 0x0000,
    0x0000, 0x0000, 0x0000, 0x0000, 0x0000, 0x0000, 0x0000, 0x0000, 0x0000, 0x0000, 0x0000, 0x0000, 0x0000, 0x0000, 0x0000, 0x0000,
    0x0000, 0x0000, 0x0000, 0x0000, 0x0000, 0x0000, 0x0000, 0x0000, 0x0000, 0x0000, 0x0000, 0x0000, 0x0000, 0x0000, 0x0000, 0x0000,
    0x0000, 0x0000, 0x0000, 0x0000, 0x0000, 0x0000, 0x0000, 0x0000, 0x0000, 0x0000, 0x0000, 0x0000, 0x0000, 0x0000, 0x0000, 0x0000,
    0x0000, 0x0000, 0x0000, 0x0000, 0x0000, 0x0000, 0x0000, 0x0000, 0x0000, 0x0000, 0x0000, 0x0000, 0x0000, 0x0000, 0x0000, 0x0000,
    0x0000, 0x0000, 0x0000, 0x0000, 0x0000, 0x0000, 0x0000, 0x0000, 0x0000, 0x0000, 0x0000, 0x0000, 0x0000, 0x0000, 0x0000, 0x0000,
    0x0000, 0x0000, 0x0000, 0x0000, 0x0000, 0x0000, 0x0000, 0x0000, 0x0000, 0x0000, 0x0000, 0x0000, 0x0000, 0x0000, 0x0000, 0x0000,
    0x0000, 0x0000, 0x0000, 0x0000, 0x0000, 0x0000, 0x0000, 0x0000, 0x0000, 0x0000, 0x0000, 0x0000, 0x0000, 0x0000, 0x0000, 0x0000,
    0x0000, 0x0000, 0x0000, 0x0000, 0x0000, 0x0000, 0x0000, 0x0000, 0x0000, 0x0000, 0x0000, 0x0000, 0x0000, 0x0000, 0x0000, 0x0000,
    0x0000, 0x0000, 0x0000, 0x0000, 0x0000, 0x0000, 0x0000, 0x0000, 0x0000, 0x0000, 0x0000, 0x0000, 0x0000, 0x0000, 0x0000, 0x0000,
    0x0000, 0x0000, 0x0000, 0xA400, 0xB703, 0x9703, 0x9703, 0x9803, 0xB703, 0x7603, 0x760B, 0x9803, 0x9603, 0xCE22, 0x159D, 0xF02A,
    0x5413, 0x960B, 0xD803, 0xD903, 0xB803, 0x9703, 0x5603, 0x1503, 0xB102, 0x6F12, 0xEF2A, 0x904B, 0xD584, 0x18C6, 0x3795, 0x9102,
    0xB70B, 0xB803, 0x9703, 0x9603, 0x9603, 0x9803, 0x9903, 0x9603, 0xB703, 0x4F0A, 0x0000, 0x0000, 0x0000, 0x0000, 0x0000, 0x0000,
    0x0000, 0x0000, 0x0000, 0x0000, 0x0000, 0xC100, 0x080C, 0xA804, 0x8804, 0x8804, 0x8804, 0x8804, 0x8804, 0x8804, 0x8804, 0xA804,
    0x8804, 0x8804, 0x8804, 0xA804, 0x8804, 0x890C, 0x8603, 0x5395, 0xFFFF, 0xFFFF, 0xBEF7, 0x6A33, 0xC803, 0x6914, 0x4804, 0x4823,
    0xF5B5, 0x2723, 0x690C, 0x8904, 0xA804, 0xA804, 0x8804, 0x8804, 0xA804, 0x8804, 0xA90C, 0x850A, 0x0000, 0x0000, 0x0000, 0x0000,
    0x0000, 0x0000, 0x0000, 0x0000, 0x0000, 0x0000, 0x0000, 0x0000, 0x0000, 0x0000, 0x0000, 0x0000, 0x0000, 0x0000, 0x0000, 0x0000,
    0x0000, 0x0000, 0x0000, 0x0000, 0x0000, 0x0000, 0x0000, 0x0000, 0x0000, 0x0000, 0x0000, 0x0000, 0x0000, 0x0000, 0x0000, 0x0000,
    0x0000, 0x0000, 0x0000, 0x0000, 0x0000, 0x0000, 0x0000, 0x0000, 0x0000, 0x0000, 0x0000, 0x0000, 0x0000, 0x0000, 0x0000, 0x0000,
    0x0000, 0x0000, 0x0000, 0x0000, 0x0000, 0x0000, 0x0000, 0x0000, 0x0000, 0x0000, 0x0000, 0x0000, 0x0000, 0x0000, 0x0000, 0x0000,
    0x0000, 0x0000, 0x0000, 0x0000, 0x0000, 0x0000, 0x0000, 0x0000, 0x0000, 0x0000, 0x0000, 0x0000, 0x0000, 0x0000, 0x0000, 0x0000,
    0x0000, 0x0000, 0x0000, 0x0000, 0x0000, 0x0000, 0x0000, 0x0000, 0x0000, 0x0000, 0x0000, 0x0000, 0x0000, 0x0000, 0x0000, 0x0000,
    0x0000, 0x0000, 0x0000, 0x0000, 0x0000, 0x0000, 0x0000, 0x0000, 0x0000, 0x0000, 0x0000, 0x0000, 0x0000, 0x0000, 0x0000, 0x0000,
    0x0000, 0x0000, 0x0000, 0x0000, 0x0000, 0x0000, 0x0000, 0x0000, 0x0000, 0x0000, 0x0000, 0x0000, 0x0000, 0x0000, 0x0000, 0x0000,
    0x0000, 0x0000, 0x0000, 0x0000, 0x0000, 0x0000, 0x0000, 0x0000, 0x0000, 0x0000, 0x0000, 0x0000, 0x0000, 0x0000, 0x0000, 0x0000,
    0x0000, 0x0000, 0x0000, 0xA400, 0xB703, 0x9703, 0x9703, 0x9803, 0x9703, 0x760B, 0x7703, 0xB803, 0x3503, 0x2D0A, 0x4A4A, 0xED52,
    0xAB01, 0xB112, 0xD302, 0x5603, 0xB803, 0x970B, 0x960B, 0xB703, 0xB703, 0x9803, 0x9603, 0x3503, 0xD202, 0xAF0A, 0xF11A, 0x550B,
    0x9703, 0x9803, 0x9703, 0x9703, 0x9703, 0x9803, 0x9803, 0x7703, 0xD703, 0xAC01, 0x0000, 0x0000, 0x0000, 0x0000, 0x0000, 0x0000,
    0x0000, 0x0000, 0x0000, 0x0000, 0x0000, 0x4000, 0x8713, 0xA904, 0x8804, 0x8804, 0x8804, 0x8804, 0x8804, 0x8804, 0x8804, 0xA804,
    0x8804, 0x8804, 0x8804, 0xA804, 0xA804, 0x690C, 0x671B, 0x3CD7, 0x959D, 0xAF7C, 0x16BE, 0xFAD6, 0x2813, 0x8904, 0xA90C, 0x4603,
    0x94A5, 0x539D, 0x4703, 0xCA04, 0x8804, 0x8804, 0x8804, 0x8804, 0xA804, 0x8804, 0xA90C, 0x850A, 0x0000, 0x0000, 0x0000, 0x0000,
    0x0000, 0x0000, 0x0000, 0x0000, 0x0000, 0x0000, 0x0000, 0x0000, 0x0000, 0x0000, 0x0000, 0x0000, 0x0000, 0x0000, 0x0000, 0x0000,
    0x0000, 0x0000, 0x0000, 0x0000, 0x0000, 0x0000, 0x0000, 0x0000, 0x0000, 0x0000, 0x0000, 0x0000, 0x0000, 0x0000, 0x0000, 0x0000,
    0x0000, 0x0000, 0x0000, 0x0000, 0x0000, 0x0000, 0x0000, 0x0000, 0x0000, 0x0000, 0x0000, 0x0000, 0x0000, 0x0000, 0x0000, 0x0000,
    0x0000, 0x0000, 0x0000, 0x0000, 0x0000, 0x0000, 0x0000, 0x0000, 0x0000, 0x0000, 0x0000, 0x0000, 0x0000, 0x0000, 0x0000, 0x0000,
    0x0000, 0x0000, 0x0000, 0x0000, 0x0000, 0x0000, 0x0000, 0x0000, 0x0000, 0x0000, 0x0000, 0x0000, 0x0000, 0x0000, 0x0000, 0x0000,
    0x0000, 0x0000, 0x0000, 0x0000, 0x0000, 0x0000, 0x0000, 0x0000, 0x0000, 0x0000, 0x0000, 0x0000, 0x0000, 0x0000, 0x0000, 0x0000,
    0x0000, 0x0000, 0x0000, 0x0000, 0x0000, 0x0000, 0x0000, 0x0000, 0x0000, 0x0000, 0x0000, 0x0000, 0x0000, 0x0000, 0x0000, 0x0000,
    0x0000, 0x0000, 0x0000, 0x0000, 0x0000, 0x0000, 0x0000, 0x0000, 0x0000, 0x0000, 0x0000, 0x0000, 0x0000, 0x0000, 0x0000, 0x0000,
    0x0000, 0x0000, 0x0000, 0x0000, 0x0000, 0x0000, 0x0000, 0x0000, 0x0000, 0x0000, 0x0000, 0x0000, 0x0000, 0x0000, 0x0000, 0x0000,
    0x0000, 0x0000, 0x0000, 0xA400, 0xB703, 0x9703, 0x9703, 0x9803, 0x9703, 0x9703, 0xB903, 0x1403, 0x503B, 0x7ABE, 0x1CDF, 0xFBDE,
    0xBBCE, 0x97A5, 0x5474, 0x513B, 0x6F0A, 0xD202, 0x7503, 0x9603, 0x9703, 0x9803, 0xD803, 0xB903, 0xDA03, 0xD803, 0x9703, 0x7603,
    0x9703, 0x9803, 0x9803, 0x9703, 0x9703, 0x9703, 0x9803, 0x9703, 0xB60B, 0x0801, 0x0000, 0x0000, 0x0000, 0x0000, 0x0000, 0x0000,
    0x0000, 0x0000, 0x0000, 0x0000, 0x0000, 0x0000, 0xC612, 0xA90C, 0x8804, 0x8804, 0x8804, 0x8804, 0x8804, 0x8804, 0x8804, 0xA804,
    0x8804, 0x6804, 0x8804, 0xA804, 0xA804, 0x680C, 0xC823, 0x7184, 0xC602, 0x2804, 0xC502, 0x2F7C, 0xAF6C, 0xA603, 0xC90C, 0xA703,
    0xB07C, 0x7DF7, 0x281B, 0xA904, 0x8804, 0x8804, 0x8804, 0x8804, 0xA804, 0x8804, 0xA90C, 0x850A, 0x0000, 0x0000, 0x0000, 0x0000,
    0x0000, 0x0000, 0x0000, 0x0000, 0x0000, 0x0000, 0x0000, 0x0000, 0x0000, 0x0000, 0x0000, 0x0000, 0x0000, 0x0000, 0x0000, 0x0000,
    0x0000, 0x0000, 0x0000, 0x0000, 0x0000, 0x0000, 0x0000, 0x0000, 0x0000, 0x0000, 0x0000, 0x0000, 0x0000, 0x0000, 0x0000, 0x0000,
    0x0000, 0x0000, 0x0000, 0x0000, 0x0000, 0x0000, 0x0000, 0x0000, 0x0000, 0x0000, 0x0000, 0x0000, 0x0000, 0x0000, 0x0000, 0x0000,
    0x0000, 0x0000, 0x0000, 0x0000, 0x0000, 0x0000, 0x0000, 0x0000, 0x0000, 0x0000, 0x0000, 0x0000, 0x0000, 0x0000, 0x0000, 0x0000,
    0x0000, 0x0000, 0x0000, 0x0000, 0x0000, 0x0000, 0x0000, 0x0000, 0x0000, 0x0000, 0x0000, 0x0000, 0x0000, 0x0000, 0x0000, 0x0000,
    0x0000, 0x0000, 0x0000, 0x0000, 0x0000, 0x0000, 0x0000, 0x0000, 0x0000, 0x0000, 0x0000, 0x0000, 0x0000, 0x0000, 0x0000, 0x0000,
    0x0000, 0x0000, 0x0000, 0x0000, 0x0000, 0x0000, 0x0000, 0x0000, 0x0000, 0x0000, 0x0000, 0x0000, 0x0000, 0x0000, 0x0000, 0x0000,
    0x0000, 0x0000, 0x0000, 0x0000, 0x0000, 0x0000, 0x0000, 0x0000, 0x0000, 0x0000, 0x0000, 0x0000, 0x0000, 0x0000, 0x0000, 0x0000,
    0x0000, 0x0000, 0x0000, 0x0000, 0x0000, 0x0000, 0x0000, 0x0000, 0x0000, 0x0000, 0x0000, 0x0000, 0x0000, 0x0000, 0x0000, 0x0000,
    0x0000, 0x0000, 0x0000, 0xA400, 0xB703, 0x9703, 0x9703, 0x9803, 0x9803, 0x9803, 0x9703, 0x8E1A, 0x3CDF, 0xFFFF, 0xFFFF, 0xFFFF,
    0xFFFF, 0xFFFF, 0xFFFF, 0x9EF7, 0x7AC6, 0xB47C, 0xEF2A, 0x5503, 0xB803, 0x3503, 0x9002, 0x3313, 0x760B, 0x9803, 0x9703, 0x9703,
    0x9803, 0x9803, 0x9803, 0x9703, 0x9703, 0x9703, 0x9703, 0x9703, 0x540B, 0x8500, 0x0000, 0x0000, 0x0000, 0x0000, 0x0000, 0x0000,
    0x0000, 0x0000, 0x0000, 0x0000, 0x0000, 0x0000, 0xE309, 0xA90C, 0x8804, 0x8804, 0x8804, 0x8804, 0x8804, 0x8804, 0x8804, 0xA804,
    0x8804, 0x8804, 0x8804, 0xA804, 0x8804, 0x890C, 0x870B, 0x4F84, 0x6A33, 0x0804, 0xAB14, 0x281B, 0x2D6C, 0x8823, 0x8904, 0xC502,
    0x37B6, 0xFFFF, 0x6A33, 0x6804, 0xC804, 0x8804, 0x680C, 0x8804, 0xA804, 0x8804, 0xA90C, 0x850A, 0x0000, 0x0000, 0x0000, 0x0000,
    0x0000, 0x0000, 0x0000, 0x0000, 0x0000, 0x0000, 0x0000, 0x0000, 0x0000, 0x0000, 0x0000, 0x0000, 0x0000, 0x0000, 0x0000, 0x0000,
    0x0000, 0x0000, 0x0000, 0x0000, 0x0000, 0x0000, 0x0000, 0x0000, 0x0000, 0x0000, 0x0000, 0x0000, 0x0000, 0x0000, 0x0000, 0x0000,
    0x0000, 0x0000, 0x0000, 0x0000, 0x0000, 0x0000, 0x0000, 0x0000, 0x0000, 0x0000, 0x0000, 0x0000, 0x0000, 0x0000, 0x0000, 0x0000,
    0x0000, 0x0000, 0x0000, 0x0000, 0x0000, 0x0000, 0x0000, 0x0000, 0x0000, 0x0000, 0x0000, 0x0000, 0x0000, 0x0000, 0x0000, 0x0000,
    0x0000, 0x0000, 0x0000, 0x0000, 0x0000, 0x0000, 0x0000, 0x0000, 0x0000, 0x0000, 0x0000, 0x0000, 0x0000, 0x0000, 0x0000, 0x0000,
    0x0000, 0x0000, 0x0000, 0x0000, 0x0000, 0x0000, 0x0000, 0x0000, 0x0000, 0x0000, 0x0000, 0x0000, 0x0000, 0x0000, 0x0000, 0x0000,
    0x0000, 0x0000, 0x0000, 0x0000, 0x0000, 0x0000, 0x0000, 0x0000, 0x0000, 0x0000, 0x0000, 0x0000, 0x0000, 0x0000, 0x0000, 0x0000,
    0x0000, 0x0000, 0x0000, 0x0000, 0x0000, 0x0000, 0x0000, 0x0000, 0x0000, 0x0000, 0x0000, 0x0000, 0x0000, 0x0000, 0x0000, 0x0000,
    0x0000, 0x0000, 0x0000, 0x0000, 0x0000, 0x0000, 0x0000, 0x0000, 0x0000, 0x0000, 0x0000, 0x0000, 0x0000, 0x0000, 0x0000, 0x0000,
    0x0000, 0x0000, 0x0000, 0xA400, 0xB703, 0x9703, 0x9703, 0x9803, 0x9803, 0x9703, 0x960B, 0x8E1A, 0x9ACE, 0xFFFF, 0x1CDF, 0x559D,
    0x18B6, 0x5DE7, 0xFFFF, 0xFFFF, 0xFFFF, 0xFFFF, 0x1595, 0x9102, 0x970B, 0xF122, 0x1585, 0xEE42, 0xD112, 0x9703, 0x7703, 0x9803,
    0x9703, 0x9703, 0x9703, 0x9703, 0x9703, 0x9703, 0x7703, 0xB803, 0xD112, 0x0200, 0x0000, 0x0000, 0x0000, 0x0000, 0x0000, 0x0000,
    0x0000, 0x0000, 0x0000, 0x0000, 0x0000, 0x0000, 0x2201, 0x890C, 0x8804, 0x8804, 0x8804, 0x8804, 0x8804, 0x8804, 0x8804, 0x8804,
    0x8804, 0xA804, 0xA804, 0xA804, 0x8804, 0x8904, 0x2804, 0x893B, 0x78BE, 0xED5B, 0xE81A, 0x070B, 0x082B, 0x6B4B, 0xA712, 0x538D,
    0xFFFF, 0xDFFF, 0xAA3B, 0x4704, 0xA704, 0xA904, 0x8904, 0x8804, 0xA804, 0x8804, 0xA90C, 0x850A, 0x0000, 0x0000, 0x0000, 0x0000,
    0x0000, 0x0000, 0x0000, 0x0000, 0x0000, 0x0000, 0x0000, 0x0000, 0x0000, 0x0000, 0x0000, 0x0000, 0x0000, 0x0000, 0x0000, 0x0000,
    0x0000, 0x0000, 0x0000, 0x0000, 0x0000, 0x0000, 0x0000, 0x0000, 0x0000, 0x0000, 0x0000, 0x0000, 0x0000, 0x0000, 0x0000, 0x0000,
    0x0000, 0x0000, 0x0000, 0x0000, 0x0000, 0x0000, 0x0000, 0x0000, 0x0000, 0x0000, 0x0000, 0x0000, 0x0000, 0x0000, 0x0000, 0x0000,
    0x0000, 0x0000, 0x0000, 0x0000, 0x0000, 0x0000, 0x0000, 0x0000, 0x0000, 0x0000, 0x0000, 0x0000, 0x0000, 0x0000, 0x0000, 0x0000,
    0x0000, 0x0000, 0x0000, 0x0000, 0x0000, 0x0000, 0x0000, 0x0000, 0x0000, 0x0000, 0x0000, 0x0000, 0x0000, 0x0000, 0x0000, 0x0000,
    0x0000, 0x0000, 0x0000, 0x0000, 0x0000, 0x0000, 0x0000, 0x0000, 0x0000, 0x0000, 0x0000, 0x0000, 0x0000, 0x0000, 0x0000, 0x0000,
    0x0000, 0x0000, 0x0000, 0x0000, 0x0000, 0x0000, 0x0000, 0x0000, 0x0000, 0x0000, 0x0000, 0x0000, 0x0000, 0x0000, 0x0000, 0x0000,
    0x0000, 0x0000, 0x0000, 0x0000, 0x0000, 0x0000, 0x0000, 0x0000, 0x0000, 0x0000, 0x0000, 0x0000, 0x0000, 0x0000, 0x0000, 0x0000,
    0x0000, 0x0000, 0x0000, 0x0000, 0x0000, 0x0000, 0x0000, 0x0000, 0x0000, 0x0000, 0x0000, 0x0000, 0x0000, 0x0000, 0x0000, 0x0000,
    0x0000, 0x0000, 0x0000, 0xA400, 0xB703, 0x9703, 0x9703, 0x9803, 0x9703, 0x9603, 0xB703, 0x1403, 0x504B, 0xDEFF, 0x6F53, 0x5002,
    0xD302, 0xD01A, 0xB153, 0x359D, 0xDBD6, 0xFFFF, 0xFCD6, 0xF112, 0x3403, 0xD353, 0xFFFF, 0xFBDE, 0xAF1A, 0x7603, 0x9703, 0x9803,
    0x9703, 0x9703, 0x9703, 0x9803, 0x9803, 0x9703, 0x7603, 0xD803, 0x6F0A, 0x0000, 0x0000, 0x0000, 0x0000, 0x0000, 0x0000, 0x0000,
    0x0000, 0x0000, 0x0000, 0x0000, 0x0000, 0x0000, 0xA000, 0x280C, 0xA804, 0x8804, 0x8804, 0x8804, 0x8804, 0x8804, 0x8804, 0x8804,
    0xA804, 0xA804, 0xA804, 0x8804, 0x8804, 0x8804, 0xC904, 0xA703, 0xEC5B, 0x9EFF, 0x5DE7, 0xF5AD, 0xD5B5, 0x9ACE, 0x1CE7, 0xFFFF,
    0xFFFF, 0x1CEF, 0x471B, 0x8804, 0x870C, 0xA904, 0xA904, 0x8804, 0xA804, 0x8804, 0xA90C, 0x850A, 0x0000, 0x0000, 0x0000, 0x0000,
    0x0000, 0x0000, 0x0000, 0x0000, 0x0000, 0x0000, 0x0000, 0x0000, 0x0000, 0x0000, 0x0000, 0x0000, 0x0000, 0x0000, 0x0000, 0x0000,
    0x0000, 0x0000, 0x0000, 0x0000, 0x0000, 0x0000, 0x0000, 0x0000, 0x0000, 0x0000, 0x0000, 0x0000, 0x0000, 0x0000, 0x0000, 0x0000,
    0x0000, 0x0000, 0x0000, 0x0000, 0x0000, 0x0000, 0x0000, 0x0000, 0x0000, 0x0000, 0x0000, 0x0000, 0x0000, 0x0000, 0x0000, 0x0000,
    0x0000, 0x0000, 0x0000, 0x0000, 0x0000, 0x0000, 0x0000, 0x0000, 0x0000, 0x0000, 0x0000, 0x0000, 0x0000, 0x0000, 0x0000, 0x0000,
    0x0000, 0x0000, 0x0000, 0x0000, 0x0000, 0x0000, 0x0000, 0x0000, 0x0000, 0x0000, 0x0000, 0x0000, 0x0000, 0x0000, 0x0000, 0x0000,
    0x0000, 0x0000, 0x0000, 0x0000, 0x0000, 0x0000, 0x0000, 0x0000, 0x0000, 0x0000, 0x0000, 0x0000, 0x0000, 0x0000, 0x0000, 0x0000,
    0x0000, 0x0000, 0x0000, 0x0000, 0x0000, 0x0000, 0x0000, 0x0000, 0x0000, 0x0000, 0x0000, 0x0000, 0x0000, 0x0000, 0x0000, 0x0000,
    0x0000, 0x0000, 0x0000, 0x0000, 0x0000, 0x0000, 0x0000, 0x0000, 0x0000, 0x0000, 0x0000, 0x0000, 0x0000, 0x0000, 0x0000, 0x0000,
    0x0000, 0x0000, 0x0000, 0x0000, 0x0000, 0x0000, 0x0000, 0x0000, 0x0000, 0x0000, 0x0000, 0x0000, 0x0000, 0x0000, 0x0000, 0x0000,
    0x0000, 0x0000, 0x0000, 0xA400, 0xB703, 0x9703, 0x9703, 0x7703, 0x9703, 0x9703, 0xB703, 0xB803, 0x7002, 0xF58C, 0xD584, 0xB10A,
    0xB813, 0x9703, 0x3503, 0xD202, 0x901A, 0xB15B, 0xD58C, 0xB01A, 0x330B, 0x303B, 0xFFFF, 0x1BDF, 0x4E12, 0xD803, 0x9703, 0x9703,
    0x9703, 0x9703, 0x9703, 0x9703, 0x9703, 0x9703, 0x9603, 0xD803, 0xAC01, 0x0000, 0x0000, 0x0000, 0x0000, 0x0000, 0x0000, 0x0000,
    0x0000, 0x0000, 0x2000, 0x0000, 0x0000, 0x0000, 0x2000, 0x2713, 0xA804, 0x8804, 0x8804, 0xA804, 0x8804, 0x8804, 0x8804, 0xA804,
    0xA804, 0xC804, 0xA804, 0x8804, 0x880C, 0x8804, 0xC804, 0xA90C, 0x870B, 0x4933, 0x99C6, 0xFFFF, 0xFFFF, 0xFFFF, 0xFFFF, 0xFFFF,
    0xDFFF, 0x0D5C, 0xC703, 0xA904, 0x680C, 0x8804, 0x8804, 0x8804, 0xA804, 0x8804, 0xA90C, 0x850A, 0x0000, 0x0000, 0x0000, 0x0000,
    0x0000, 0x0000, 0x0000, 0x0000, 0x0000, 0x0000, 0x0000, 0x0000, 0x0000, 0x0000, 0x0000, 0x0000, 0x0000, 0x0000, 0x0000, 0x0000,
    0x0000, 0x0000, 0x0000, 0x0000, 0x0000, 0x0000, 0x0000, 0x0000, 0x0000, 0x0000, 0x0000, 0x0000, 0x0000, 0x0000, 0x0000, 0x0000,
    0x0000, 0x0000, 0x0000, 0x0000, 0x0000, 0x0000, 0x0000, 0x0000, 0x0000, 0x0000, 0x0000, 0x0000, 0x0000, 0x0000, 0x0000, 0x0000,
    0x0000, 0x0000, 0x0000, 0x0000, 0x0000, 0x0000, 0x0000, 0x0000, 0x0000, 0x0000, 0x0000, 0x0000, 0x0000, 0x0000, 0x0000, 0x0000,
    0x0000, 0x0000, 0x0000, 0x0000, 0x0000, 0x0000, 0x0000, 0x0000, 0x0000, 0x0000, 0x0000, 0x0000, 0x0000, 0x0000, 0x0000, 0x0000,
    0x0000, 0x0000, 0x0000, 0x0000, 0x0000, 0x0000, 0x0000, 0x0000, 0x0000, 0x0000, 0x0000, 0x0000, 0x0000, 0x0000, 0x0000, 0x0000,
    0x0000, 0x0000, 0x0000, 0x0000, 0x0000, 0x0000, 0x0000, 0x0000, 0x0000, 0x0000, 0x0000, 0x0000, 0x0000, 0x0000, 0x0000, 0x0000,
    0x0000, 0x0000, 0x0000, 0x0000, 0x0000, 0x0000, 0x0000, 0x0000, 0x0000, 0x0000, 0x0000, 0x0000, 0x0000, 0x0000, 0x0000, 0x0000,
    0x0000, 0x0000, 0x0000, 0x0000, 0x0000, 0x0000, 0x0000, 0x0000, 0x0000, 0x0000, 0x0000, 0x0000, 0x0000, 0x0000, 0x0000, 0x0000,
    0x0000, 0x0000, 0x0000, 0xA400, 0xB703, 0x9703, 0x9703, 0x9803, 0x9703, 0x9703, 0x9703, 0x9703, 0x970B, 0x6F0A, 0x9474, 0x313B,
    0xD212, 0x960B, 0xB803, 0xB903, 0x7703, 0x1403, 0xD302, 0x1403, 0x9513, 0xD00A, 0x125C, 0x97A5, 0x2C1A, 0x750B, 0xB803, 0x9703,
    0x9703, 0x9703, 0x9703, 0x9703, 0x9703, 0x9703, 0x9703, 0xB703, 0xE700, 0x0008, 0x2000, 0x0000, 0x0000, 0x0000, 0x0000, 0x0000,
    0x0000, 0x0000, 0x0000, 0x0000, 0x0000, 0x0000, 0x0000, 0x650A, 0xC904, 0x8804, 0x8804, 0xA804, 0x8804, 0x8804, 0xA804, 0xA904,
    0x690C, 0xA603, 0x4804, 0xC904, 0x8804, 0x8804, 0xA804, 0x8804, 0xC904, 0x2804, 0x0713, 0xEC53, 0x9495, 0x98C6, 0xB9C6, 0xD5A5,
    0x8B43, 0x670B, 0xA904, 0x8804, 0x8804, 0xA804, 0xA804, 0x8804, 0xA804, 0x8804, 0xA90C, 0x850A, 0x0000, 0x0000, 0x0000, 0x0000,
    0x0000, 0x0000, 0x0000, 0x0000, 0x0000, 0x0000, 0x0000, 0x0000, 0x0000, 0x0000, 0x0000, 0x0000, 0x0000, 0x0000, 0x0000, 0x0000,
    0x0000, 0x0000, 0x0000, 0x0000, 0x0000, 0x0000, 0x0000, 0x0000, 0x0000, 0x0000, 0x0000, 0x0000, 0x0000, 0x0000, 0x0000, 0x0000,
    0x0000, 0x0000, 0x0000, 0x0000, 0x0000, 0x0000, 0x0000, 0x0000, 0x0000, 0x0000, 0x0000, 0x0000, 0x0000, 0x0000, 0x0000, 0x0000,
    0x0000, 0x0000, 0x0000, 0x0000, 0x0000, 0x0000, 0x0000, 0x0000, 0x0000, 0x0000, 0x0000, 0x0000, 0x0000, 0x0000, 0x0000, 0x0000,
    0x0000, 0x0000, 0x0000, 0x0000, 0x0000, 0x0000, 0x0000, 0x0000, 0x0000, 0x0000, 0x0000, 0x0000, 0x0000, 0x0000, 0x0000, 0x0000,
    0x0000, 0x0000, 0x0000, 0x0000, 0x0000, 0x0000, 0x0000, 0x0000, 0x0000, 0x0000, 0x0000, 0x0000, 0x0000, 0x0000, 0x0000, 0x0000,
    0x0000, 0x0000, 0x0000, 0x0000, 0x0000, 0x0000, 0x0000, 0x0000, 0x0000, 0x0000, 0x0000, 0x0000, 0x0000, 0x0000, 0x0000, 0x0000,
    0x0000, 0x0000, 0x0000, 0x0000, 0x0000, 0x0000, 0x0000, 0x0000, 0x0000, 0x0000, 0x0000, 0x0000, 0x0000, 0x0000, 0x0000, 0x0000,
    0x0000, 0x0000, 0x0000, 0x0000, 0x0000, 0x0000, 0x0000, 0x0000, 0x0000, 0x0000, 0x0000, 0x0000, 0x0000, 0x0000, 0x0000, 0x0000,
    0x0000, 0x0000, 0x0000, 0xA400, 0xB703, 0x9703, 0x9703, 0x9803, 0x9703, 0x9703, 0x9703, 0x9803, 0x9703, 0x7513, 0xB01A, 0xF122,
    0x9102, 0x9603, 0xB803, 0x7703, 0x9703, 0x9703, 0xB703, 0x9803, 0x9703, 0x9703, 0xF302, 0x900A, 0xD212, 0x9703, 0xB803, 0x9703,
    0x9703, 0x9703, 0x9703, 0x9703, 0x9703, 0x9703, 0xB803, 0x340B, 0x4300, 0x0000, 0x0000, 0x0000, 0x0000, 0x0000, 0x0000, 0x0000,
    0x0000, 0x0000, 0x0000, 0x0000, 0x0000, 0x0000, 0x0000, 0x8201, 0xA90C, 0x8804, 0x8804, 0x8804, 0x8804, 0xA804, 0xA804, 0x8904,
    0x2713, 0x4E74, 0x4933, 0xA703, 0x890C, 0x8804, 0x8804, 0xA804, 0x8804, 0x690C, 0xAA14, 0xE803, 0x6703, 0x660B, 0x4613, 0x470B,
    0xE803, 0xA90C, 0x8804, 0x8804, 0x8804, 0xA804, 0xA804, 0x8804, 0xA804, 0x8804, 0xA90C, 0x850A, 0x0000, 0x0000, 0x0000, 0x0000,
    0x0000, 0x0000, 0x0000, 0x0000, 0x0000, 0x0000, 0x0000, 0x0000, 0x0000, 0x0000, 0x0000, 0x0000, 0x0000, 0x0000, 0x0000, 0x0000,
    0x0000, 0x0000, 0x0000, 0x0000, 0x0000, 0x0000, 0x0000, 0x0000, 0x0000, 0x0000, 0x0000, 0x0000, 0x0000, 0x0000, 0x0000, 0x0000,
    0x0000, 0x0000, 0x0000, 0x0000, 0x0000, 0x0000, 0x0000, 0x0000, 0x0000, 0x0000, 0x0000, 0x0000, 0x0000, 0x0000, 0x0000, 0x0000,
    0x0000, 0x0000, 0x0000, 0x0000, 0x0000, 0x0000, 0x0000, 0x0000, 0x0000, 0x0000, 0x0000, 0x0000, 0x0000, 0x0000, 0x0000, 0x0000,
    0x0000, 0x0000, 0x0000, 0x0000, 0x0000, 0x0000, 0x0000, 0x0000, 0x0000, 0x0000, 0x0000, 0x0000, 0x0000, 0x0000, 0x0000, 0x0000,
    0x0000, 0x0000, 0x0000, 0x0000, 0x0000, 0x0000, 0x0000, 0x0000, 0x0000, 0x0000, 0x0000, 0x0000, 0x0000, 0x0000, 0x0000, 0x0000,
    0x0000, 0x0000, 0x0000, 0x0000, 0x0000, 0x0000, 0x0000, 0x0000, 0x0000, 0x0000, 0x0000, 0x0000, 0x0000, 0x0000, 0x0000, 0x0000,
    0x0000, 0x0000, 0x0000, 0x0000, 0x0000, 0x0000, 0x0000, 0x0000, 0x0000, 0x0000, 0x0000, 0x0000, 0x0000, 0x0000, 0x0000, 0x0000,
    0x0000, 0x0000, 0x0000, 0x0000, 0x0000, 0x0000, 0x0000, 0x0000, 0x0000, 0x0000, 0x0000, 0x0000, 0x0000, 0x0000, 0x0000, 0x0000,
    0x0000, 0x0000, 0x0000, 0xA400, 0xB703, 0x9703, 0x9703, 0x9703, 0x9703, 0x9703, 0x9703, 0x9803, 0xB903, 0x9703, 0x960B, 0x550B,
    0x760B, 0x9703, 0x9703, 0x9703, 0x9703, 0x9703, 0x9703, 0x9703, 0x9803, 0x9903, 0xB903, 0xB803, 0xB703, 0x9703, 0x9803, 0x9703,
    0x9703, 0x9703, 0x9703, 0x9703, 0x9703, 0x9703, 0xB803, 0x8F0A, 0x0100, 0x0000, 0x0000, 0x0000, 0x0000, 0x0000, 0x0000, 0x0000,
    0x0000, 0x0000, 0x0000, 0x0000, 0x0000, 0x0000, 0x0000, 0xC000, 0x080C, 0xA904, 0x8804, 0xA804, 0x8804, 0xA804, 0xC904, 0x0713,
    0xF17C, 0xFFFF, 0x9EF7, 0xAC53, 0x870B, 0xA904, 0x8704, 0x8804, 0x8804, 0x8904, 0xA703, 0x470B, 0xCA2B, 0x6813, 0xA703, 0x8A0C,
    0xC904, 0x8804, 0x8804, 0x8804, 0x8804, 0x8904, 0x8804, 0x8804, 0xA804, 0x8804, 0xA90C, 0x850A, 0x0000, 0x0000, 0x0000, 0x0000,
    0x0000, 0x0000, 0x0000, 0x0000, 0x0000, 0x0000, 0x0000, 0x0000, 0x0000, 0x0000, 0x0000, 0x0000, 0x0000, 0x0000, 0x0000, 0x0000,
    0x0000, 0x0000, 0x0000, 0x0000, 0x0000, 0x0000, 0x0000, 0x0000, 0x0000, 0x0000, 0x0000, 0x0000, 0x0000, 0x0000, 0x0000, 0x0000,
    0x0000, 0x0000, 0x0000, 0x0000, 0x0000, 0x0000, 0x0000, 0x0000, 0x0000, 0x0000, 0x0000, 0x0000, 0x0000, 0x0000, 0x0000, 0x0000,
    0x0000, 0x0000, 0x0000, 0x0000, 0x0000, 0x0000, 0x0000, 0x0000, 0x0000, 0x0000, 0x0000, 0x0000, 0x0000, 0x0000, 0x0000, 0x0000,
    0x0000, 0x0000, 0x0000, 0x0000, 0x0000, 0x0000, 0x0000, 0x0000, 0x0000, 0x0000, 0x0000, 0x0000, 0x0000, 0x0000, 0x0000, 0x0000,
    0x0000, 0x0000, 0x0000, 0x0000, 0x0000, 0x0000, 0x0000, 0x0000, 0x0000, 0x0000, 0x0000, 0x0000, 0x0000, 0x0000, 0x0000, 0x0000,
    0x0000, 0x0000, 0x0000, 0x0000, 0x0000, 0x0000, 0x0000, 0x0000, 0x0000, 0x0000, 0x0000, 0x0000, 0x0000, 0x0000, 0x0000, 0x0000,
    0x0000, 0x0000, 0x0000, 0x0000, 0x0000, 0x0000, 0x0000, 0x0000, 0x0000, 0x0000, 0x0000, 0x0000, 0x0000, 0x0000, 0x0000, 0x0000,
    0x0000, 0x0000, 0x0000, 0x0000, 0x0000, 0x0000, 0x0000, 0x0000, 0x0000, 0x0000, 0x0000, 0x0000, 0x0000, 0x0000, 0x0000, 0x0000,
    0x0000, 0x0000, 0x0000, 0xA400, 0xB703, 0x9703, 0x9703, 0x9803, 0x9703, 0x9703, 0x9703, 0x9803, 0x9803, 0xB803, 0x9703, 0x9703,
    0x9703, 0x9803, 0x9703, 0x9703, 0x9603, 0x9703, 0xB703, 0x9603, 0x9703, 0x7803, 0x9803, 0xB703, 0xB603, 0x7603, 0x770B, 0x9703,
    0x9703, 0x9703, 0x9703, 0x9703, 0x9703, 0x9703, 0xB803, 0x8A09, 0x0000, 0x2100, 0x0000, 0x0000, 0x0000, 0x0000, 0x0000, 0x0000,
    0x0000, 0x0000, 0x0000, 0x0000, 0x0000, 0x0000, 0x0000, 0x2000, 0x470B, 0xA904, 0x8804, 0x8804, 0x8804, 0xA904, 0x6804, 0x2933,
    0xDFFF, 0xBACE, 0x6F74, 0xCB3B, 0xE80B, 0xA904, 0xA704, 0xA80C, 0x280C, 0x060B, 0x9074, 0x99CE, 0x1CE7, 0x99CE, 0xD184, 0x0613,
    0x080C, 0xA904, 0xA804, 0xA804, 0x8804, 0x680C, 0x8804, 0x8804, 0xA804, 0x8804, 0xA90C, 0x850A, 0x0000, 0x0000, 0x0000, 0x0000,
    0x0000, 0x0000, 0x0000, 0x0000, 0x0000, 0x0000, 0x0000, 0x0000, 0x0000, 0x0000, 0x0000, 0x0000, 0x0000, 0x0000, 0x0000, 0x0000,
    0x0000, 0x0000, 0x0000, 0x0000, 0x0000, 0x0000, 0x0000, 0x0000, 0x0000, 0x0000, 0x0000, 0x0000, 0x0000, 0x0000, 0x0000, 0x0000,
    0x0000, 0x0000, 0x0000, 0x0000, 0x0000, 0x0000, 0x0000, 0x0000, 0x0000, 0x0000, 0x0000, 0x0000, 0x0000, 0x0000, 0x0000, 0x0000,
    0x0000, 0x0000, 0x0000, 0x0000, 0x0000, 0x0000, 0x0000, 0x0000, 0x0000, 0x0000, 0x0000, 0x0000, 0x0000, 0x0000, 0x0000, 0x0000,
    0x0000, 0x0000, 0x0000, 0x0000, 0x0000, 0x0000, 0x0000, 0x0000, 0x0000, 0x0000, 0x0000, 0x0000, 0x0000, 0x0000, 0x0000, 0x0000,
    0x0000, 0x0000, 0x0000, 0x0000, 0x0000, 0x0000, 0x0000, 0x0000, 0x0000, 0x0000, 0x0000, 0x0000, 0x0000, 0x0000, 0x0000, 0x0000,
    0x0000, 0x0000, 0x0000, 0x0000, 0x0000, 0x0000, 0x0000, 0x0000, 0x0000, 0x0000, 0x0000, 0x0000, 0x0000, 0x0000, 0x0000, 0x0000,
    0x0000, 0x0000, 0x0000, 0x0000, 0x0000, 0x0000, 0x0000, 0x0000, 0x0000, 0x0000, 0x0000, 0x0000, 0x0000, 0x0000, 0x0000, 0x0000,
    0x0000, 0x0000, 0x0000, 0x0000, 0x0000, 0x0000, 0x0000, 0x0000, 0x0000, 0x0000, 0x0000, 0x0000, 0x0000, 0x0000, 0x0000, 0x0000,
    0x0000, 0x0000, 0x0000, 0xA400, 0xB703, 0x9703, 0x9703, 0x9803, 0x9803, 0x9703, 0x9703, 0x9703, 0x9703, 0x9703, 0x9703, 0xB703,
    0x9803, 0x9803, 0x9703, 0x9703, 0x9703, 0x9703, 0xB803, 0xB703, 0x9703, 0x770B, 0x9703, 0xB603, 0xB603, 0x9703, 0x7703, 0x9703,
    0x9703, 0x9703, 0x9703, 0x9703, 0x9703, 0x9703, 0x760B, 0xE600, 0x0000, 0x0100, 0x0000, 0x0000, 0x0000, 0x0000, 0x0000, 0x0000,
    0x0000, 0x0000, 0x0000, 0x0000, 0x0000, 0x0000, 0x0000, 0x0000, 0x240A, 0xAA0C, 0x8804, 0x8804, 0x8804, 0xA904, 0xE703, 0xF174,
    0x78C6, 0xA612, 0xA703, 0x4804, 0xA904, 0x8804, 0xC904, 0x4804, 0x071B, 0x17BE, 0xFFFF, 0xFFFF, 0xFFFF, 0xFFFF, 0xFFFF, 0xFADE,
    0x082B, 0x080C, 0xC904, 0xA804, 0x8804, 0x8804, 0x8804, 0x8804, 0xA804, 0x8804, 0xA90C, 0x850A, 0x0000, 0x0000, 0x0000, 0x0000,
    0x0000, 0x0000, 0x0000, 0x0000, 0x0000, 0x0000, 0x0000, 0x0000, 0x0000, 0x0000, 0x0000, 0x0000, 0x0000, 0x0000, 0x0000, 0x0000,
    0x0000, 0x0000, 0x0000, 0x0000, 0x0000, 0x0000, 0x0000, 0x0000, 0x0000, 0x0000, 0x0000, 0x0000, 0x0000, 0x0000, 0x0000, 0x0000,
    0x0000, 0x0000, 0x0000, 0x0000, 0x0000, 0x0000, 0x0000, 0x0000, 0x0000, 0x0000, 0x0000, 0x0000, 0x0000, 0x0000, 0x0000, 0x0000,
    0x0000, 0x0000, 0x0000, 0x0000, 0x0000, 0x0000, 0x0000, 0x0000, 0x0000, 0x0000, 0x0000, 0x0000, 0x0000, 0x0000, 0x0000, 0x0000,
    0x0000, 0x0000, 0x0000, 0x0000, 0x0000, 0x0000, 0x0000, 0x0000, 0x0000, 0x0000, 0x0000, 0x0000, 0x0000, 0x0000, 0x0000, 0x0000,
    0x0000, 0x0000, 0x0000, 0x0000, 0x0000, 0x0000, 0x0000, 0x0000, 0x0000, 0x0000, 0x0000, 0x0000, 0x0000, 0x0000, 0x0000, 0x0000,
    0x0000, 0x0000, 0x0000, 0x0000, 0x0000, 0x0000, 0x0000, 0x0000, 0x0000, 0x0000, 0x0000, 0x0000, 0x0000, 0x0000, 0x0000, 0x0000,
    0x0000, 0x0000, 0x0000, 0x0000, 0x0000, 0x0000, 0x0000, 0x0000, 0x0000, 0x0000, 0x0000, 0x0000, 0x0000, 0x0000, 0x0000, 0x0000,
    0x0000, 0x0000, 0x0000, 0x0000, 0x0000, 0x0000, 0x0000, 0x0000, 0x0000, 0x0000, 0x0000, 0x0000, 0x0000, 0x0000, 0x0000, 0x0000,
    0x0000, 0x0000, 0x0000, 0xA400, 0xB703, 0x9703, 0x9703, 0x9803, 0x9803, 0x9703, 0x9703, 0x9703, 0x9603, 0x9603, 0x9703, 0xB703,
    0x9703, 0x9803, 0x9803, 0x9703, 0x9703, 0x9703, 0x9803, 0x9803, 0x9803, 0x9703, 0x9703, 0x9703, 0x9803, 0x9803, 0x9803, 0x9703,
    0x9703, 0x9703, 0x9703, 0x9703, 0x9703, 0xB803, 0x1213, 0x4200, 0x0000, 0x0000, 0x0000, 0x0000, 0x0000, 0x0000, 0x0000, 0x0000,
    0x0000, 0x0000, 0x0000, 0x0000, 0x0000, 0x0000, 0x0000, 0x0000, 0x2201, 0x690C, 0x8804, 0xA804, 0x8804, 0xA904, 0xA703, 0x728D,
    0xEC53, 0xC803, 0xC90C, 0xA804, 0xA804, 0xA904, 0x080C, 0xE822, 0xDAC6, 0xFFFF, 0xBFF7, 0xFFFF, 0x9AD6, 0x9074, 0x6F64, 0x59C6,
    0xB9CE, 0x0713, 0x890C, 0xA804, 0x8804, 0xA804, 0xA804, 0x8804, 0xA804, 0x8804, 0xA90C, 0x850A, 0x0000, 0x0000, 0x0000, 0x0000,
    0x0000, 0x0000, 0x0000, 0x0000, 0x0000, 0x0000, 0x0000, 0x0000, 0x0000, 0x0000, 0x0000, 0x0000, 0x0000, 0x0000, 0x0000, 0x0000,
    0x0000, 0x0000, 0x0000, 0x0000, 0x0000, 0x0000, 0x0000, 0x0000, 0x0000, 0x0000, 0x0000, 0x0000, 0x0000, 0x0000, 0x0000, 0x0000,
    0x0000, 0x0000, 0x0000, 0x0000, 0x0000, 0x0000, 0x0000, 0x0000, 0x0000, 0x0000, 0x0000, 0x0000, 0x0000, 0x0000, 0x0000, 0x0000,
    0x0000, 0x0000, 0x0000, 0x0000, 0x0000, 0x0000, 0x0000, 0x0000, 0x0000, 0x0000, 0x0000, 0x0000, 0x0000, 0x0000, 0x0000, 0x0000,
    0x0000, 0x0000, 0x0000, 0x0000, 0x0000, 0x0000, 0x0000, 0x0000, 0x0000, 0x0000, 0x0000, 0x0000, 0x0000, 0x0000, 0x0000, 0x0000,
    0x0000, 0x0000, 0x0000, 0x0000, 0x0000, 0x0000, 0x0000, 0x0000, 0x0000, 0x0000, 0x0000, 0x0000, 0x0000, 0x0000, 0x0000, 0x0000,
    0x0000, 0x0000, 0x0000, 0x0000, 0x0000, 0x0000, 0x0000, 0x0000, 0x0000, 0x0000, 0x0000, 0x0000, 0x0000, 0x0000, 0x0000, 0x0000,
    0x0000, 0x0000, 0x0000, 0x0000, 0x0000, 0x0000, 0x0000, 0x0000, 0x0000, 0x0000, 0x0000, 0x0000, 0x0000, 0x0000, 0x0000, 0x0000,
    0x0000, 0x0000, 0x0000, 0x0000, 0x0000, 0x0000, 0x0000, 0x0000, 0x0000, 0x0000, 0x0000, 0x0000, 0x0000, 0x0000, 0x0000, 0x0000,
    0x0000, 0x0000, 0x0000, 0xA400, 0xB703, 0x9703, 0x9703, 0x9703, 0x9703, 0x9803, 0x9803, 0x9703, 0x9703, 0x9703, 0x9703, 0xB703,
    0x9703, 0x7803, 0x9803, 0x9703, 0x9703, 0x9703, 0x9803, 0x7803, 0x9703, 0xB703, 0x9703, 0x9703, 0x9803, 0x9803, 0x9703, 0x9703,
    0x9703, 0x9703, 0x9703, 0x9703, 0x9703, 0xB803, 0x4D0A, 0x0200, 0x0100, 0x0008, 0x0000, 0x0000, 0x0000, 0x0000, 0x0000, 0x0000,
    0x0000, 0x0000, 0x0000, 0x0000, 0x0000, 0x0000, 0x0000, 0x0000, 0x6000, 0xA813, 0xC904, 0x8804, 0x8804, 0xA904, 0xE703, 0xAF6C,
    0xCB43, 0x490C, 0x8804, 0x8704, 0xC804, 0x2804, 0xE72A, 0x7AD6, 0xFFFF, 0xDEEF, 0xFFFF, 0x74A5, 0xA612, 0x6603, 0xA80B, 0x8602,
    0x328D, 0x1185, 0x4603, 0xA904, 0x8804, 0xA804, 0xA804, 0x8804, 0xA804, 0x8804, 0xA90C, 0x850A, 0x0000, 0x0000, 0x0000, 0x0000,
    0x0000, 0x0000, 0x0000, 0x0000, 0x0000, 0x0000, 0x0000, 0x0000, 0x0000, 0x0000, 0x0000, 0x0000, 0x0000, 0x0000, 0x0000, 0x0000,
    0x0000, 0x0000, 0x0000, 0x0000, 0x0000, 0x0000, 0x0000, 0x0000, 0x0000, 0x0000, 0x0000, 0x0000, 0x0000, 0x0000, 0x0000, 0x0000,
    0x0000, 0x0000, 0x0000, 0x0000, 0x0000, 0x0000, 0x0000, 0x0000, 0x0000, 0x0000, 0x0000, 0x0000, 0x0000, 0x0000, 0x0000, 0x0000,
    0x0000, 0x0000, 0x0000, 0x0000, 0x0000, 0x0000, 0x0000, 0x0000, 0x0000, 0x0000, 0x0000, 0x0000, 0x0000, 0x0000, 0x0000, 0x0000,
    0x0000, 0x0000, 0x0000, 0x0000, 0x0000, 0x0000, 0x0000, 0x0000, 0x0000, 0x0000, 0x0000, 0x0000, 0x0000, 0x0000, 0x0000, 0x0000,
    0x0000, 0x0000, 0x0000, 0x0000, 0x0000, 0x0000, 0x0000, 0x0000, 0x0000, 0x0000, 0x0000, 0x0000, 0x0000, 0x0000, 0x0000, 0x0000,
    0x0000, 0x0000, 0x0000, 0x0000, 0x0000, 0x0000, 0x0000, 0x0000, 0x0000, 0x0000, 0x0000, 0x0000, 0x0000, 0x0000, 0x0000, 0x0000,
    0x0000, 0x0000, 0x0000, 0x0000, 0x0000, 0x0000, 0x0000, 0x0000, 0x0000, 0x0000, 0x0000, 0x0000, 0x0000, 0x0000, 0x0000, 0x0000,
    0x0000, 0x0000, 0x0000, 0x0000, 0x0000, 0x0000, 0x0000, 0x0000, 0x0000, 0x0000, 0x0000, 0x0000, 0x0000, 0x0000, 0x0000, 0x0000,
    0x0000, 0x0000, 0x0000, 0xA400, 0xB703, 0x9703, 0x9703, 0x9703, 0x9703, 0x9703, 0x9803, 0x9703, 0x9703, 0x9703, 0x9703, 0x9703,
    0x9703, 0x7803, 0x9803, 0x9703, 0x9703, 0x9703, 0x9703, 0x7703, 0x9703, 0x9703, 0x9703, 0x9703, 0x7703, 0x9703, 0x9703, 0x9703,
    0x9703, 0x9803, 0x9703, 0x9703, 0x9703, 0xB703, 0x6801, 0x0000, 0x0100, 0x0000, 0x0000, 0x0000, 0x0000, 0x0000, 0x0000, 0x0000,
    0x0000, 0x0000, 0x0000, 0x0000, 0x0000, 0x0000, 0x0000, 0x2000, 0x0000, 0x8512, 0xA90C, 0x8804, 0x8904, 0x8904, 0x2704, 0xEC4B,
    0x0E5C, 0x8603, 0xC904, 0xA90C, 0xC703, 0x0823, 0xBAD6, 0xFFFF, 0xDFF7, 0xFFFF, 0x9395, 0xE502, 0x690C, 0xC904, 0xA90C, 0x890C,
    0x2713, 0x5295, 0x881B, 0xA904, 0xA804, 0x8804, 0x8804, 0x8804, 0xA804, 0x8804, 0xA90C, 0x850A, 0x0000, 0x0000, 0x0000, 0x0000,
    0x0000, 0x0000, 0x0000, 0x0000, 0x0000, 0x0000, 0x0000, 0x0000, 0x0000, 0x0000, 0x0000, 0x0000, 0x0000, 0x0000, 0x0000, 0x0000,
    0x0000, 0x0000, 0x0000, 0x0000, 0x0000, 0x0000, 0x0000, 0x0000, 0x0000, 0x0000, 0x0000, 0x0000, 0x0000, 0x0000, 0x0000, 0x0000,
    0x0000, 0x0000, 0x0000, 0x0000, 0x0000, 0x0000, 0x0000, 0x0000, 0x0000, 0x0000, 0x0000, 0x0000, 0x0000, 0x0000, 0x0000, 0x0000,
    0x0000, 0x0000, 0x0000, 0x0000, 0x0000, 0x0000, 0x0000, 0x0000, 0x0000, 0x0000, 0x0000, 0x0000, 0x0000, 0x0000, 0x0000, 0x0000,
    0x0000, 0x0000, 0x0000, 0x0000, 0x0000, 0x0000, 0x0000, 0x0000, 0x0000, 0x0000, 0x0000, 0x0000, 0x0000, 0x0000, 0x0000, 0x0000,
    0x0000, 0x0000, 0x0000, 0x0000, 0x0000, 0x0000, 0x0000, 0x0000, 0x0000, 0x0000, 0x0000, 0x0000, 0x0000, 0x0000, 0x0000, 0x0000,
    0x0000, 0x0000, 0x0000, 0x0000, 0x0000, 0x0000, 0x0000, 0x0000, 0x0000, 0x0000, 0x0000, 0x0000, 0x0000, 0x0000, 0x0000, 0x0000,
    0x0000, 0x0000, 0x0000, 0x0000, 0x0000, 0x0000, 0x0000, 0x0000, 0x0000, 0x0000, 0x0000, 0x0000, 0x0000, 0x0000, 0x0000, 0x0000,
    0x0000, 0x0000, 0x0000, 0x0000, 0x0000, 0x0000, 0x0000, 0x0000, 0x0000, 0x0000, 0x0000, 0x0000, 0x0000, 0x0000, 0x0000, 0x0000,
    0x0000, 0x0000, 0x0000, 0xA400, 0xB703, 0x9703, 0x9703, 0x9803, 0x9703, 0x9703, 0x9703, 0x9703, 0x9703, 0x9703, 0x9703, 0x9703,
    0x9703, 0x9703, 0x9703, 0x9703, 0x9703, 0x9703, 0x9703, 0x9703, 0x9703, 0x9703, 0x9703, 0x9703, 0x9703, 0x9703, 0x9703, 0x7703,
    0x9703, 0xB803, 0x9603, 0x9603, 0xB803, 0x340B, 0x8400, 0x0000, 0x0000, 0x0000, 0x0000, 0x0000, 0x0000, 0x0000, 0x0000, 0x0000,
    0x0000, 0x0000, 0x0000, 0x0000, 0x0000, 0x0000, 0x0000, 0x0000, 0x0000, 0x6201, 0x690C, 0xA804, 0x8904, 0x8904, 0x8804, 0x281B,
    0x5395, 0xAB4B, 0x270B, 0x470B, 0xAB43, 0xBAD6, 0xFFFF, 0xDFF7, 0xFFFF, 0x539D, 0xE602, 0xA904, 0x8804, 0x8804, 0x8804, 0xC904,
    0xC703, 0x6F6C, 0xEB43, 0x4804, 0xA804, 0x8804, 0x8804, 0x8804, 0xA804, 0x8804, 0xA90C, 0x850A, 0x0000, 0x0000, 0x0000, 0x0000,
    0x0000, 0x0000, 0x0000, 0x0000, 0x0000, 0x0000, 0x0000, 0x0000, 0x0000, 0x0000, 0x0000, 0x0000, 0x0000, 0x0000, 0x0000, 0x0000,
    0x0000, 0x0000, 0x0000, 0x0000, 0x0000, 0x0000, 0x0000, 0x0000, 0x0000, 0x0000, 0x0000, 0x0000, 0x0000, 0x0000, 0x0000, 0x0000,
    0x0000, 0x0000, 0x0000, 0x0000, 0x0000, 0x0000, 0x0000, 0x0000, 0x0000, 0x0000, 0x0000, 0x0000, 0x0000, 0x0000, 0x0000, 0x0000,
    0x0000, 0x0000, 0x0000, 0x0000, 0x0000, 0x0000, 0x0000, 0x0000, 0x0000, 0x0000, 0x0000, 0x0000, 0x0000, 0x0000, 0x0000, 0x0000,
    0x0000, 0x0000, 0x0000, 0x0000, 0x0000, 0x0000, 0x0000, 0x0000, 0x0000, 0x0000, 0x0000, 0x0000, 0x0000, 0x0000, 0x0000, 0x0000,
    0x0000, 0x0000, 0x0000, 0x0000, 0x0000, 0x0000, 0x0000, 0x0000, 0x0000, 0x0000, 0x0000, 0x0000, 0x0000, 0x0000, 0x0000, 0x0000,
    0x0000, 0x0000, 0x0000, 0x0000, 0x0000, 0x0000, 0x0000, 0x0000, 0x0000, 0x0000, 0x0000, 0x0000, 0x0000, 0x0000, 0x0000, 0x0000,
    0x0000, 0x0000, 0x0000, 0x0000, 0x0000, 0x0000, 0x0000, 0x0000, 0x0000, 0x0000, 0x0000, 0x0000, 0x0000, 0x0000, 0x0000, 0x0000,
    0x0000, 0x0000, 0x0000, 0x0000, 0x0000, 0x0000, 0x0000, 0x0000, 0x0000, 0x0000, 0x0000, 0x0000, 0x0000, 0x0000, 0x0000, 0x0000,
    0x0000, 0x0000, 0x0000, 0xA400, 0xB703, 0x9703, 0x9703, 0x9803, 0x9703, 0x9703, 0x9703, 0x9703, 0x9703, 0x9703, 0x9703, 0x9703,
    0x9703, 0x9703, 0x9703, 0x9703, 0x9703, 0x9703, 0x9703, 0x9703, 0x9703, 0x9703, 0x9703, 0x9703, 0x9703, 0x9703, 0x9703, 0x9703,
    0x9803, 0x9803, 0x9603, 0x9703, 0xB903, 0x900A, 0x0100, 0x0000, 0x0000, 0x0000, 0x0000, 0x0000, 0x0000, 0x0000, 0x0000, 0x0000,
    0x0000, 0x0000, 0x0000, 0x0000, 0x0000, 0x0000, 0x0000, 0x0000, 0x0000, 0x6000, 0xC80B, 0xC904, 0xA804, 0x8904, 0x8904, 0x2804,
    0x692B, 0xB9D6, 0x99D6, 0x99CE, 0xFFFF, 0xFFFF, 0xFFFF, 0xFFFF, 0xF294, 0xC612, 0x690C, 0x8804, 0x8804, 0xA804, 0x8704, 0xC804,
    0x0804, 0x2E6C, 0x0D5C, 0x0804, 0xA804, 0xA804, 0x8804, 0x8804, 0xA804, 0x8804, 0xA90C, 0x850A, 0x0000, 0x0000, 0x0000, 0x0000,
    0x0000, 0x0000, 0x0000, 0x0000, 0x0000, 0x0000, 0x0000, 0x0000, 0x0000, 0x0000, 0x0000, 0x0000, 0x0000, 0x0000, 0x0000, 0x0000,
    0x0000, 0x0000, 0x0000, 0x0000, 0x0000, 0x0000, 0x0000, 0x0000, 0x0000, 0x0000, 0x0000, 0x0000, 0x0000, 0x0000, 0x0000, 0x0000,
    0x0000, 0x0000, 0x0000, 0x0000, 0x0000, 0x0000, 0x0000, 0x0000, 0x0000, 0x0000, 0x0000, 0x0000, 0x0000, 0x0000, 0x0000, 0x0000,
    0x0000, 0x0000, 0x0000, 0x0000, 0x0000, 0x0000, 0x0000, 0x0000, 0x0000, 0x0000, 0x0000, 0x0000, 0x0000, 0x0000, 0x0000, 0x0000,
    0x0000, 0x0000, 0x0000, 0x0000, 0x0000, 0x0000, 0x0000, 0x0000, 0x0000, 0x0000, 0x0000, 0x0000, 0x0000, 0x0000, 0x0000, 0x0000,
    0x0000, 0x0000, 0x0000, 0x0000, 0x0000, 0x0000, 0x0000, 0x0000, 0x0000, 0x0000, 0x0000, 0x0000, 0x0000, 0x0000, 0x0000, 0x0000,
    0x0000, 0x0000, 0x0000, 0x0000, 0x0000, 0x0000, 0x0000, 0x0000, 0x0000, 0x0000, 0x0000, 0x0000, 0x0000, 0x0000, 0x0000, 0x0000,
    0x0000, 0x0000, 0x0000, 0x0000, 0x0000, 0x0000, 0x0000, 0x0000, 0x0000, 0x0000, 0x0000, 0x0000, 0x0000, 0x0000, 0x0000, 0x0000,
    0x0000, 0x0000, 0x0000, 0x0000, 0x0000, 0x0000, 0x0000, 0x0000, 0x0000, 0x0000, 0x0000, 0x0000, 0x0000, 0x0000, 0x0000, 0x0000,
    0x0000, 0x0000, 0x0000, 0xA400, 0xB703, 0x9703, 0x9703, 0x9803, 0x9703, 0x9703, 0x9703, 0x9703, 0x9703, 0x9703, 0x9703, 0x9703,
    0x9703, 0x9703, 0x9703, 0x9703, 0x9703, 0x9703, 0x9703, 0x9703, 0x9703, 0x9703, 0x9703, 0x9703, 0x9703, 0x9703, 0x9703, 0x9703,
    0x9803, 0x9703, 0x9603, 0x9803, 0xD903, 0x8901, 0x0000, 0x0000, 0x0000, 0x0000, 0x0000, 0x0000, 0x0000, 0x0000, 0x0000, 0x0000,
    0x0000, 0x0000, 0x0000, 0x0000, 0x0000, 0x0000, 0x0000, 0x0000, 0x0000, 0x0000, 0xA50A, 0xCA04, 0x8804, 0x6804, 0x8804, 0xA904,
    0xE703, 0x271B, 0xB49D, 0x5DF7, 0x9EFF, 0x7DEF, 0x58BE, 0xEC5B, 0x4603, 0x890C, 0xA804, 0x8804, 0xA804, 0xA804, 0xC904, 0xC90C,
    0x0603, 0x13A5, 0xCC4B, 0x6904, 0xA804, 0xA804, 0x8804, 0x8804, 0xA804, 0x8804, 0xA90C, 0x850A, 0x0000, 0x0000, 0x0000, 0x0000,
    0x0000, 0x0000, 0x0000, 0x0000, 0x0000, 0x0000, 0x0000, 0x0000, 0x0000, 0x0000, 0x0000, 0x0000, 0x0000, 0x0000, 0x0000, 0x0000,
    0x0000, 0x0000, 0x0000, 0x0000, 0x0000, 0x0000, 0x0000, 0x0000, 0x0000, 0x0000, 0x0000, 0x0000, 0x0000, 0x0000, 0x0000, 0x0000,
    0x0000, 0x0000, 0x0000, 0x0000, 0x0000, 0x0000, 0x0000, 0x0000, 0x0000, 0x0000, 0x0000, 0x0000, 0x0000, 0x0000, 0x0000, 0x0000,
    0x0000, 0x0000, 0x0000, 0x0000, 0x0000, 0x0000, 0x0000, 0x0000, 0x0000, 0x0000, 0x0000, 0x0000, 0x0000, 0x0000, 0x0000, 0x0000,
    0x0000, 0x0000, 0x0000, 0x0000, 0x0000, 0x0000, 0x0000, 0x0000, 0x0000, 0x0000, 0x0000, 0x0000, 0x0000, 0x0000, 0x0000, 0x0000,
    0x0000, 0x0000, 0x0000, 0x0000, 0x0000, 0x0000, 0x0000, 0x0000, 0x0000, 0x0000, 0x0000, 0x0000, 0x0000, 0x0000, 0x0000, 0x0000,
    0x0000, 0x0000, 0x0000, 0x0000, 0x0000, 0x0000, 0x0000, 0x0000, 0x0000, 0x0000, 0x0000, 0x0000, 0x0000, 0x0000, 0x0000, 0x0000,
    0x0000, 0x0000, 0x0000, 0x0000, 0x0000, 0x0000, 0x0000, 0x0000, 0x0000, 0x0000, 0x0000, 0x0000, 0x0000, 0x0000, 0x0000, 0x0000,
    0x0000, 0x0000, 0x0000, 0x0000, 0x0000, 0x0000, 0x0000, 0x0000, 0x0000, 0x0000, 0x0000, 0x0000, 0x0000, 0x0000, 0x0000, 0x0000,
    0x0000, 0x0000, 0x0000, 0xA400, 0xB703, 0x9703, 0x9703, 0x9803, 0x9703, 0x9703, 0x9703, 0x9703, 0x9703, 0x9703, 0x9703, 0x9703,
    0x9703, 0x9703, 0x9703, 0x9703, 0x9703, 0x9703, 0x9703, 0x9703, 0x9703, 0x9703, 0x9703, 0x9703, 0x9703, 0x9703, 0x9703, 0x9703,
    0x9803, 0x9603, 0x7603, 0x9903, 0x560B, 0x8400, 0x0000, 0x0000, 0x0000, 0x0000, 0x0000, 0x0000, 0x0000, 0x0000, 0x0000, 0x0000,
    0x0000, 0x0000, 0x0000, 0x0000, 0x0000, 0x0000, 0x0000, 0x0000, 0x0000, 0x0000, 0x6201, 0x8A0C, 0xA804, 0x8804, 0x8804, 0x8804,
    0xA804, 0x8804, 0x6603, 0x2713, 0xCB3B, 0x692B, 0x260B, 0xC803, 0xAA0C, 0xC804, 0xA804, 0xA804, 0x8804, 0x0804, 0x870B, 0xE502,
    0xEC53, 0xDAE6, 0x481B, 0xC904, 0x8804, 0xA804, 0x8804, 0x8804, 0xA804, 0x8804, 0xA90C, 0x850A, 0x0000, 0x0000, 0x0000, 0x0000,
    0x0000, 0x0000, 0x0000, 0x0000, 0x0000, 0x0000, 0x0000, 0x0000, 0x0000, 0x0000, 0x0000, 0x0000, 0x0000, 0x0000, 0x0000, 0x0000,
    0x0000, 0x0000, 0x0000, 0x0000, 0x0000, 0x0000, 0x0000, 0x0000, 0x0000, 0x0000, 0x0000, 0x0000, 0x0000, 0x0000, 0x0000, 0x0000,
    0x0000, 0x0000, 0x0000, 0x0000, 0x0000, 0x0000, 0x0000, 0x0000, 0x0000, 0x0000, 0x0000, 0x0000, 0x0000, 0x0000, 0x0000, 0x0000,
    0x0000, 0x0000, 0x0000, 0x0000, 0x0000, 0x0000, 0x0000, 0x0000, 0x0000, 0x0000, 0x0000, 0x0000, 0x0000, 0x0000, 0x0000, 0x0000,
    0x0000, 0x0000, 0x0000, 0x0000, 0x0000, 0x0000, 0x0000, 0x0000, 0x0000, 0x0000, 0x0000, 0x0000, 0x0000, 0x0000, 0x0000, 0x0000,
    0x0000, 0x0000, 0x0000, 0x0000, 0x0000, 0x0000, 0x0000, 0x0000, 0x0000, 0x0000, 0x0000, 0x0000, 0x0000, 0x0000, 0x0000, 0x0000,
    0x0000, 0x0000, 0x0000, 0x0000, 0x0000, 0x0000, 0x0000, 0x0000, 0x0000, 0x0000, 0x0000, 0x0000, 0x0000, 0x0000, 0x0000, 0x0000,
    0x0000, 0x0000, 0x0000, 0x0000, 0x0000, 0x0000, 0x0000, 0x0000, 0x0000, 0x0000, 0x0000, 0x0000, 0x0000, 0x0000, 0x0000, 0x0000,
    0x0000, 0x0000, 0x0000, 0x0000, 0x0000, 0x0000, 0x0000, 0x0000, 0x0000, 0x0000, 0x0000, 0x0000, 0x0000, 0x0000, 0x0000, 0x0000,
    0x0000, 0x0000, 0x0000, 0xA400, 0xB703, 0x9703, 0x9703, 0x9803, 0x9703, 0x9703, 0x9703, 0x9703, 0x9703, 0x9703, 0x9703, 0x9703,
    0x9703, 0x9703, 0x9703, 0x9703, 0x9703, 0x9703, 0x9703, 0x9703, 0x9703, 0x9703, 0x9703, 0x9703, 0x9703, 0x9703, 0x9703, 0x9703,
    0x9803, 0x9603, 0x7703, 0xB803, 0x700A, 0x0100, 0x0000, 0x0000, 0x0000, 0x0000, 0x0000, 0x0000, 0x0000, 0x0000, 0x0000, 0x0000,
    0x0000, 0x0000, 0x0000, 0x0000, 0x0000, 0x0000, 0x0000, 0x0000, 0x0000, 0x0000, 0x4000, 0xA813, 0xA904, 0x8804, 0xA904, 0x8804,
    0x8804, 0x8804, 0xC90C, 0x8904, 0x6804, 0x8804, 0xC904, 0xA904, 0x8804, 0x6804, 0x8804, 0xA804, 0xA70B, 0x2C4C, 0x5285, 0xF59D,
    0xFFFF, 0x3395, 0x6603, 0xE904, 0x8804, 0x8804, 0x8804, 0x8804, 0xA804, 0x8804, 0xA90C, 0x850A, 0x0000, 0x0000, 0x0000, 0x0000,
    0x0000, 0x0000, 0x0000, 0x0000, 0x0000, 0x0000, 0x0000, 0x0000, 0x0000, 0x0000, 0x0000, 0x0000, 0x0000, 0x0000, 0x0000, 0x0000,
    0x0000, 0x0000, 0x0000, 0x0000, 0x0000, 0x0000, 0x0000, 0x0000, 0x0000, 0x0000, 0x0000, 0x0000, 0x0000, 0x0000, 0x0000, 0x0000,
    0x0000, 0x0000, 0x0000, 0x0000, 0x0000, 0x0000, 0x0000, 0x0000, 0x0000, 0x0000, 0x0000, 0x0000, 0x0000, 0x0000, 0x0000, 0x0000,
    0x0000, 0x0000, 0x0000, 0x0000, 0x0000, 0x0000, 0x0000, 0x0000, 0x0000, 0x0000, 0x0000, 0x0000, 0x0000, 0x0000, 0x0000, 0x0000,
    0x0000, 0x0000, 0x0000, 0x0000, 0x0000, 0x0000, 0x0000, 0x0000, 0x0000, 0x0000, 0x0000, 0x0000, 0x0000, 0x0000, 0x0000, 0x0000,
    0x0000, 0x0000, 0x0000, 0x0000, 0x0000, 0x0000, 0x0000, 0x0000, 0x0000, 0x0000, 0x0000, 0x0000, 0x0000, 0x0000, 0x0000, 0x0000,
    0x0000, 0x0000, 0x0000, 0x0000, 0x0000, 0x0000, 0x0000, 0x0000, 0x0000, 0x0000, 0x0000, 0x0000, 0x0000, 0x0000, 0x0000, 0x0000,
    0x0000, 0x0000, 0x0000, 0x0000, 0x0000, 0x0000, 0x0000, 0x0000, 0x0000, 0x0000, 0x0000, 0x0000, 0x0000, 0x0000, 0x0000, 0x0000,
    0x0000, 0x0000, 0x0000, 0x0000, 0x0000, 0x0000, 0x0000, 0x0000, 0x0000, 0x0000, 0x0000, 0x0000, 0x0000, 0x0000, 0x0000, 0x0000,
    0x0000, 0x0000, 0x0000, 0xA400, 0xB703, 0x9703, 0x9703, 0x9803, 0x9703, 0x9703, 0x9703, 0x9703, 0x9703, 0x9703, 0x9703, 0x9703,
    0x9703, 0x9703, 0x9703, 0x9703, 0x9703, 0x9703, 0x9703, 0x9703, 0x9703, 0x9703, 0x9703, 0x9703, 0x9703, 0x9703, 0x9703, 0x9703,
    0x9803, 0x9603, 0x7703, 0xB70B, 0x4801, 0x0000, 0x0000, 0x0000, 0x0000, 0x0000, 0x0000, 0x0000, 0x0000, 0x0000, 0x0000, 0x0000,
    0x0000, 0x0000, 0x0000, 0x0000, 0x0000, 0x0000, 0x0000, 0x0000, 0x0000, 0x0000, 0x0000, 0x6402, 0xA90C, 0x8804, 0xA904, 0x8904,
    0x8904, 0x8804, 0x6804, 0x8804, 0xA804, 0xA804, 0x8804, 0x8804, 0x8804, 0xA804, 0xA804, 0xA904, 0x6713, 0x4F6C, 0x7DEF, 0xFFFF,
    0xBAD6, 0xE71A, 0x8904, 0x8804, 0x8804, 0x8904, 0x8904, 0x8804, 0xA804, 0x8804, 0xA90C, 0x850A, 0x0000, 0x0000, 0x0000, 0x0000,
    0x0000, 0x0000, 0x0000, 0x0000, 0x0000, 0x0000, 0x0000, 0x0000, 0x0000, 0x0000, 0x0000, 0x0000, 0x0000, 0x0000, 0x0000, 0x0000,
    0x0000, 0x0000, 0x0000, 0x0000, 0x0000, 0x0000, 0x0000, 0x0000, 0x0000, 0x0000, 0x0000, 0x0000, 0x0000, 0x0000, 0x0000, 0x0000,
    0x0000, 0x0000, 0x0000, 0x0000, 0x0000, 0x0000, 0x0000, 0x0000, 0x0000, 0x0000, 0x0000, 0x0000, 0x0000, 0x0000, 0x0000, 0x0000,
    0x0000, 0x0000, 0x0000, 0x0000, 0x0000, 0x0000, 0x0000, 0x0000, 0x0000, 0x0000, 0x0000, 0x0000, 0x0000, 0x0000, 0x0000, 0x0000,
    0x0000, 0x0000, 0x0000, 0x0000, 0x0000, 0x0000, 0x0000, 0x0000, 0x0000, 0x0000, 0x0000, 0x0000, 0x0000, 0x0000, 0x0000, 0x0000,
    0x0000, 0x0000, 0x0000, 0x0000, 0x0000, 0x0000, 0x0000, 0x0000, 0x0000, 0x0000, 0x0000, 0x0000, 0x0000, 0x0000, 0x0000, 0x0000,
    0x0000, 0x0000, 0x0000, 0x0000, 0x0000, 0x0000, 0x0000, 0x0000, 0x0000, 0x0000, 0x0000, 0x0000, 0x0000, 0x0000, 0x0000, 0x0000,
    0x0000, 0x0000, 0x0000, 0x0000, 0x0000, 0x0000, 0x0000, 0x0000, 0x0000, 0x0000, 0x0000, 0x0000, 0x0000, 0x0000, 0x0000, 0x0000,
    0x0000, 0x0000, 0x0000, 0x0000, 0x0000, 0x0000, 0x0000, 0x0000, 0x0000, 0x0000, 0x0000, 0x0000, 0x0000, 0x0000, 0x0000, 0x0000,
    0x0000, 0x0000, 0x0000, 0xA400, 0xB703, 0x9703, 0x9703, 0x9803, 0x9703, 0x9703, 0x9703, 0x9703, 0x9703, 0x9703, 0x9703, 0x9703,
    0x9703, 0x9703, 0x9703, 0x9703, 0x9703, 0x9703, 0x9703, 0x9703, 0x9703, 0x9703, 0x9703, 0x9703, 0x9703, 0x9703, 0x9703, 0x9803,
    0x9703, 0x7603, 0xB803, 0x1313, 0x6300, 0x0000, 0x0000, 0x0000, 0x0000, 0x0000, 0x0000, 0x0000, 0x0000, 0x0000, 0x0000, 0x0000,
    0x0000, 0x0000, 0x0000, 0x0000, 0x0000, 0x0000, 0x0000, 0x0000, 0x0000, 0x0000, 0x0000, 0x0101, 0x490C, 0x8804, 0x8804, 0x8804,
    0x8804, 0xA804, 0x8804, 0x8804, 0x8804, 0x8804, 0x8804, 0x8804, 0x8804, 0xA804, 0xA804, 0x8804, 0x690C, 0xA703, 0x2713, 0x6D5C,
    0x6823, 0xE80B, 0xA904, 0x8804, 0x8804, 0x8804, 0x8804, 0x8804, 0xA804, 0x8804, 0xA90C, 0x850A, 0x0000, 0x0000, 0x0000, 0x0000,
    0x0000, 0x0000, 0x0000, 0x0000, 0x0000, 0x0000, 0x0000, 0x0000, 0x0000, 0x0000, 0x0000, 0x0000, 0x0000, 0x0000, 0x0000, 0x0000,
    0x0000, 0x0000, 0x0000, 0x0000, 0x0000, 0x0000, 0x0000, 0x0000, 0x0000, 0x0000, 0x0000, 0x0000, 0x0000, 0x0000, 0x0000, 0x0000,
    0x0000, 0x0000, 0x0000, 0x0000, 0x0000, 0x0000, 0x0000, 0x0000, 0x0000, 0x0000, 0x0000, 0x0000, 0x0000, 0x0000, 0x0000, 0x0000,
    0x0000, 0x0000, 0x0000, 0x0000, 0x0000, 0x0000, 0x0000, 0x0000, 0x0000, 0x0000, 0x0000, 0x0000, 0x0000, 0x0000, 0x0000, 0x0000,
    0x0000, 0x0000, 0x0000, 0x0000, 0x0000, 0x0000, 0x0000, 0x0000, 0x0000, 0x0000, 0x0000, 0x0000, 0x0000, 0x0000, 0x0000, 0x0000,
    0x0000, 0x0000, 0x0000, 0x0000, 0x0000, 0x0000, 0x0000, 0x0000, 0x0000, 0x0000, 0x0000, 0x0000, 0x0000, 0x0000, 0x0000, 0x0000,
    0x0000, 0x0000, 0x0000, 0x0000, 0x0000, 0x0000, 0x0000, 0x0000, 0x0000, 0x0000, 0x0000, 0x0000, 0x0000, 0x0000, 0x0000, 0x0000,
    0x0000, 0x0000, 0x0000, 0x0000, 0x0000, 0x0000, 0x0000, 0x0000, 0x0000, 0x0000, 0x0000, 0x0000, 0x0000, 0x0000, 0x0000, 0x0000,
    0x0000, 0x0000, 0x0000, 0x0000, 0x0000, 0x0000, 0x0000, 0x0000, 0x0000, 0x0000, 0x0000, 0x0000, 0x0000, 0x0000, 0x0000, 0x0000,
    0x0000, 0x0000, 0x0000, 0xA400, 0xB703, 0x9703, 0x9703, 0x9803, 0x9703, 0x9703, 0x9703, 0x9703, 0x9703, 0x9703, 0x9703, 0x9703,
    0x9703, 0x9703, 0x9703, 0x9703, 0x9703, 0x9703, 0x9703, 0x9703, 0x9703, 0x9703, 0x9703, 0x9703, 0x9703, 0x9703, 0x9703, 0xB803,
    0x9703, 0x7503, 0xD803, 0x0E0A, 0x0000, 0x2100, 0x0100, 0x0000, 0x0000, 0x0000, 0x0000, 0x0000, 0x0000, 0x0000, 0x0000, 0x0000,
    0x0000, 0x0000, 0x0000, 0x0000, 0x0000, 0x0000, 0x0000, 0x0000, 0x0000, 0x0000, 0x0000, 0x2000, 0x470B, 0xA90C, 0x8704, 0x8804,
    0x8804, 0x8804, 0x8804, 0x8804, 0x8804, 0x8804, 0x8804, 0x8804, 0x8804, 0x8804, 0x8804, 0x8804, 0x8804, 0xC904, 0x6804, 0x8703,
    0x280C, 0x890C, 0x8804, 0xA804, 0x8804, 0x8804, 0x8804, 0x8804, 0xA804, 0x8804, 0xA90C, 0x850A, 0x0000, 0x0000, 0x0000, 0x0000,
    0x0000, 0x0000, 0x0000, 0x0000, 0x0000, 0x0000, 0x0000, 0x0000, 0x0000, 0x0000, 0x0000, 0x0000, 0x0000, 0x0000, 0x0000, 0x0000,
    0x0000, 0x0000, 0x0000, 0x0000, 0x0000, 0x0000, 0x0000, 0x0000, 0x0000, 0x0000, 0x0000, 0x0000, 0x0000, 0x0000, 0x0000, 0x0000,
    0x0000, 0x0000, 0x0000, 0x0000, 0x0000, 0x0000, 0x0000, 0x0000, 0x0000, 0x0000, 0x0000, 0x0000, 0x0000, 0x0000, 0x0000, 0x0000,
    0x0000, 0x0000, 0x0000, 0x0000, 0x0000, 0x0000, 0x0000, 0x0000, 0x0000, 0x0000, 0x0000, 0x0000, 0x0000, 0x0000, 0x0000, 0x0000,
    0x0000, 0x0000, 0x0000, 0x0000, 0x0000, 0x0000, 0x0000, 0x0000, 0x0000, 0x0000, 0x0000, 0x0000, 0x0000, 0x0000, 0x0000, 0x0000,
    0x0000, 0x0000, 0x0000, 0x0000, 0x0000, 0x0000, 0x0000, 0x0000, 0x0000, 0x0000, 0x0000, 0x0000, 0x0000, 0x0000, 0x0000, 0x0000,
    0x0000, 0x0000, 0x0000, 0x0000, 0x0000, 0x0000, 0x0000, 0x0000, 0x0000, 0x0000, 0x0000, 0x0000, 0x0000, 0x0000, 0x0000, 0x0000,
    0x0000, 0x0000, 0x0000, 0x0000, 0x0000, 0x0000, 0x0000, 0x0000, 0x0000, 0x0000, 0x0000, 0x0000, 0x0000, 0x0000, 0x0000, 0x0000,
    0x0000, 0x0000, 0x0000, 0x0000, 0x0000, 0x0000, 0x0000, 0x0000, 0x0000, 0x0000, 0x0000, 0x0000, 0x0000, 0x0000, 0x0000, 0x0000,
    0x0000, 0x0000, 0x0000, 0xA400, 0xB703, 0x9703, 0x9703, 0x9803, 0x9703, 0x9703, 0x9703, 0x9703, 0x9703, 0x9703, 0x9703, 0x9703,
    0x9703, 0x9703, 0x9703, 0x9703, 0x9703, 0x9703, 0x9703, 0x9703, 0x9703, 0x9703, 0x9703, 0x9703, 0x9703, 0x9703, 0xB703, 0x9803,
    0x7703, 0x9603, 0x960B, 0xE700, 0x0000, 0x0000, 0x0100, 0x0000, 0x0000, 0x0000, 0x0000, 0x0000, 0x0000, 0x0000, 0x0000, 0x0000,
    0x0000, 0x0000, 0x0000, 0x0000, 0x0000, 0x0000, 0x0000, 0x0000, 0x0000, 0x0000, 0x0000, 0x0000, 0xC309, 0x6914, 0xA804, 0xA804,
    0x8804, 0x8804, 0x8804, 0x8804, 0x8804, 0x8804, 0x8804, 0x8804, 0x8804, 0x8804, 0x8804, 0xA804, 0xA804, 0x8804, 0x8904, 0x890C,
    0x8904, 0x8804, 0xA804, 0xA804, 0x8804, 0x8804, 0x8804, 0x8804, 0xA804, 0x8804, 0xA90C, 0x850A, 0x0000, 0x0000, 0x0000, 0x0000,
    0x0000, 0x0000, 0x0000, 0x0000, 0x0000, 0x0000, 0x0000, 0x0000, 0x0000, 0x0000, 0x0000, 0x0000, 0x0000, 0x0000, 0x0000, 0x0000,
    0x0000, 0x0000, 0x0000, 0x0000, 0x0000, 0x0000, 0x0000, 0x0000, 0x0000, 0x0000, 0x0000, 0x0000, 0x0000, 0x0000, 0x0000, 0x0000,
    0x0000, 0x0000, 0x0000, 0x0000, 0x0000, 0x0000, 0x0000, 0x0000, 0x0000, 0x0000, 0x0000, 0x0000, 0x0000, 0x0000, 0x0000, 0x0000,
    0x0000, 0x0000, 0x0000, 0x0000, 0x0000, 0x0000, 0x0000, 0x0000, 0x0000, 0x0000, 0x0000, 0x0000, 0x0000, 0x0000, 0x0000, 0x0000,
    0x0000, 0x0000, 0x0000, 0x0000, 0x0000, 0x0000, 0x0000, 0x0000, 0x0000, 0x0000, 0x0000, 0x0000, 0x0000, 0x0000, 0x0000, 0x0000,
    0x0000, 0x0000, 0x0000, 0x0000, 0x0000, 0x0000, 0x0000, 0x0000, 0x0000, 0x0000, 0x0000, 0x0000, 0x0000, 0x0000, 0x0000, 0x0000,
    0x0000, 0x0000, 0x0000, 0x0000, 0x0000, 0x0000, 0x0000, 0x0000, 0x0000, 0x0000, 0x0000, 0x0000, 0x0000, 0x0000, 0x0000, 0x0000,
    0x0000, 0x0000, 0x0000, 0x0000, 0x0000, 0x0000, 0x0000, 0x0000, 0x0000, 0x0000, 0x0000, 0x0000, 0x0000, 0x0000, 0x0000, 0x0000,
    0x0000, 0x0000, 0x0000, 0x0000, 0x0000, 0x0000, 0x0000, 0x0000, 0x0000, 0x0000, 0x0000, 0x0000, 0x0000, 0x0000, 0x0000, 0x0000,
    0x0000, 0x0000, 0x0000, 0xA400, 0xB703, 0x9703, 0x9703, 0x9803, 0x9703, 0x9703, 0x9703, 0x9703, 0x9703, 0x9703, 0x9703, 0x9703,
    0x9703, 0x9703, 0x9703, 0x9703, 0x9703, 0x9703, 0x9703, 0x9703, 0x9703, 0x9703, 0x9703, 0x9703, 0x9703, 0x9703, 0x9703, 0x9703,
    0x7703, 0xB803, 0xD10A, 0x2200, 0x0000, 0x0000, 0x0000, 0x0000, 0x0000, 0x0000, 0x0000, 0x0000, 0x0000, 0x0000, 0x0000, 0x0000,
    0x0000, 0x0000, 0x0000, 0x0000, 0x0000, 0x0000, 0x0000, 0x0000, 0x0000, 0x0000, 0x0000, 0x0000, 0x6000, 0xC813, 0xE904, 0xA804,
    0x8804, 0x8804, 0x8804, 0x8804, 0x8804, 0x8804, 0x8804, 0x8804, 0x8804, 0x8804, 0x8804, 0x8804, 0x8804, 0x8804, 0x8804, 0xA904,
    0xA804, 0xA904, 0x8804, 0x8804, 0x8804, 0x8804, 0x8804, 0x8804, 0xA804, 0x8804, 0xA90C, 0x850A, 0x0000, 0x0000, 0x0000, 0x0000,
    0x0000, 0x0000, 0x0000, 0x0000, 0x0000, 0x0000, 0x0000, 0x0000, 0x0000, 0x0000, 0x0000, 0x0000, 0x0000, 0x0000, 0x0000, 0x0000,
    0x0000, 0x0000, 0x0000, 0x0000, 0x0000, 0x0000, 0x0000, 0x0000, 0x0000, 0x0000, 0x0000, 0x0000, 0x0000, 0x0000, 0x0000, 0x0000,
    0x0000, 0x0000, 0x0000, 0x0000, 0x0000, 0x0000, 0x0000, 0x0000, 0x0000, 0x0000, 0x0000, 0x0000, 0x0000, 0x0000, 0x0000, 0x0000,
    0x0000, 0x0000, 0x0000, 0x0000, 0x0000, 0x0000, 0x0000, 0x0000, 0x0000, 0x0000, 0x0000, 0x0000, 0x0000, 0x0000, 0x0000, 0x0000,
    0x0000, 0x0000, 0x0000, 0x0000, 0x0000, 0x0000, 0x0000, 0x0000, 0x0000, 0x0000, 0x0000, 0x0000, 0x0000, 0x0000, 0x0000, 0x0000,
    0x0000, 0x0000, 0x0000, 0x0000, 0x0000, 0x0000, 0x0000, 0x0000, 0x0000, 0x0000, 0x0000, 0x0000, 0x0000, 0x0000, 0x0000, 0x0000,
    0x0000, 0x0000, 0x0000, 0x0000, 0x0000, 0x0000, 0x0000, 0x0000, 0x0000, 0x0000, 0x0000, 0x0000, 0x0000, 0x0000, 0x0000, 0x0000,
    0x0000, 0x0000, 0x0000, 0x0000, 0x0000, 0x0000, 0x0000, 0x0000, 0x0000, 0x0000, 0x0000, 0x0000, 0x0000, 0x0000, 0x0000, 0x0000,
    0x0000, 0x0000, 0x0000, 0x0000, 0x0000, 0x0000, 0x0000, 0x0000, 0x0000, 0x0000, 0x0000, 0x0000, 0x0000, 0x0000, 0x0000, 0x0000,
    0x0000, 0x0000, 0x0000, 0xA400, 0xB703, 0x9703, 0x9703, 0x9803, 0x9703, 0x9703, 0x9703, 0x9703, 0x9703, 0x9703, 0x9703, 0x9703,
    0x9703, 0x9703, 0x9703, 0x9703, 0x9703, 0x9703, 0x9703, 0x9703, 0x9703, 0x9703, 0x9703, 0x9703, 0x9703, 0x9703, 0x9703, 0x9703,
    0x9703, 0xD803, 0x8901, 0x0000, 0x0000, 0x0000, 0x0000, 0x0000, 0x0000, 0x0000, 0x0000, 0x0000, 0x0000, 0x0000, 0x0000, 0x0000,
    0x0000, 0x0000, 0x0000, 0x0000, 0x0000, 0x0000, 0x0000, 0x0000, 0x0000, 0x0000, 0x0000, 0x0000, 0x0000, 0x650A, 0xCA04, 0x8804,
    0x8804, 0x8804, 0x8804, 0x8804, 0x8804, 0x8804, 0x8804, 0x8804, 0x8804, 0x8804, 0x8804, 0x8804, 0xA804, 0x8804, 0x8804, 0xA804,
    0x8804, 0x8804, 0x8804, 0x8804, 0x8804, 0xA804, 0x8804, 0x8804, 0xA804, 0x8804, 0xA90C, 0x850A, 0x0000, 0x0000, 0x0000, 0x0000,
    0x0000, 0x0000, 0x0000, 0x0000, 0x0000, 0x0000, 0x0000, 0x0000, 0x0000, 0x0000, 0x0000, 0x0000, 0x0000, 0x0000, 0x0000, 0x0000,
    0x0000, 0x0000, 0x0000, 0x0000, 0x0000, 0x0000, 0x0000, 0x0000, 0x0000, 0x0000, 0x0000, 0x0000, 0x0000, 0x0000, 0x0000, 0x0000,
    0x0000, 0x0000, 0x0000, 0x0000, 0x0000, 0x0000, 0x0000, 0x0000, 0x0000, 0x0000, 0x0000, 0x0000, 0x0000, 0x0000, 0x0000, 0x0000,
    0x0000, 0x0000, 0x0000, 0x0000, 0x0000, 0x0000, 0x0000, 0x0000, 0x0000, 0x0000, 0x0000, 0x0000, 0x0000, 0x0000, 0x0000, 0x0000,
    0x0000, 0x0000, 0x0000, 0x0000, 0x0000, 0x0000, 0x0000, 0x0000, 0x0000, 0x0000, 0x0000, 0x0000, 0x0000, 0x0000, 0x0000, 0x0000,
    0x0000, 0x0000, 0x0000, 0x0000, 0x0000, 0x0000, 0x0000, 0x0000, 0x0000, 0x0000, 0x0000, 0x0000, 0x0000, 0x0000, 0x0000, 0x0000,
    0x0000, 0x0000, 0x0000, 0x0000, 0x0000, 0x0000, 0x0000, 0x0000, 0x0000, 0x0000, 0x0000, 0x0000, 0x0000, 0x0000, 0x0000, 0x0000,
    0x0000, 0x0000, 0x0000, 0x0000, 0x0000, 0x0000, 0x0000, 0x0000, 0x0000, 0x0000, 0x0000, 0x0000, 0x0000, 0x0000, 0x0000, 0x0000,
    0x0000, 0x0000, 0x0000, 0x0000, 0x0000, 0x0000, 0x0000, 0x0000, 0x0000, 0x0000, 0x0000, 0x0000, 0x0000, 0x0000, 0x0000, 0x0000,
    0x0000, 0x0000, 0x0000, 0xA400, 0xB703, 0x9703, 0x9703, 0x9803, 0x9703, 0x9703, 0x9703, 0x9703, 0x9703, 0x9703, 0x9703, 0x9703,
    0x9703, 0x9703, 0x9703, 0x9703, 0x9703, 0x9703, 0x9703, 0x9703, 0x9703, 0x9703, 0x9703, 0x9703, 0x9703, 0x9703, 0x9703, 0x9603,
    0xB803, 0x3503, 0x6300, 0x0000, 0x0000, 0x0000, 0x0000, 0x0000, 0x0000, 0x0000, 0x0000, 0x0000, 0x0000, 0x0000, 0x0000, 0x0000,
    0x0000, 0x0000, 0x0000, 0x0000, 0x0000, 0x0000, 0x0000, 0x0000, 0x0000, 0x0000, 0x0000, 0x0000, 0x0008, 0xE000, 0x2914, 0x8904,
    0x8804, 0x8804, 0x8804, 0x8804, 0x8804, 0x8804, 0x8804, 0x8804, 0x8804, 0x8804, 0x8804, 0x8804, 0x8804, 0x8804, 0x8804, 0x8804,
    0x8804, 0x8804, 0x8804, 0x8804, 0xA804, 0xA804, 0xA804, 0x8804, 0xA804, 0x8804, 0xA90C, 0x850A, 0x0000, 0x0000, 0x0000, 0x0000,
    0x0000, 0x0000, 0x0000, 0x0000, 0x0000, 0x0000, 0x0000, 0x0000, 0x0000, 0x0000, 0x0000, 0x0000, 0x0000, 0x0000, 0x0000, 0x0000,
    0x0000, 0x0000, 0x0000, 0x0000, 0x0000, 0x0000, 0x0000, 0x0000, 0x0000, 0x0000, 0x0000, 0x0000, 0x0000, 0x0000, 0x0000, 0x0000,
    0x0000, 0x0000, 0x0000, 0x0000, 0x0000, 0x0000, 0x0000, 0x0000, 0x0000, 0x0000, 0x0000, 0x0000, 0x0000, 0x0000, 0x0000, 0x0000,
    0x0000, 0x0000, 0x0000, 0x0000, 0x0000, 0x0000, 0x0000, 0x0000, 0x0000, 0x0000, 0x0000, 0x0000, 0x0000, 0x0000, 0x0000, 0x0000,
    0x0000, 0x0000, 0x0000, 0x0000, 0x0000, 0x0000, 0x0000, 0x0000, 0x0000, 0x0000, 0x0000, 0x0000, 0x0000, 0x0000, 0x0000, 0x0000,
    0x0000, 0x0000, 0x0000, 0x0000, 0x0000, 0x0000, 0x0000, 0x0000, 0x0000, 0x0000, 0x0000, 0x0000, 0x0000, 0x0000, 0x0000, 0x0000,
    0x0000, 0x0000, 0x0000, 0x0000, 0x0000, 0x0000, 0x0000, 0x0000, 0x0000, 0x0000, 0x0000, 0x0000, 0x0000, 0x0000, 0x0000, 0x0000,
    0x0000, 0x0000, 0x0000, 0x0000, 0x0000, 0x0000, 0x0000, 0x0000, 0x0000, 0x0000, 0x0000, 0x0000, 0x0000, 0x0000, 0x0000, 0x0000,
    0x0000, 0x0000, 0x0000, 0x0000, 0x0000, 0x0000, 0x0000, 0x0000, 0x0000, 0x0000, 0x0000, 0x0000, 0x0000, 0x0000, 0x0000, 0x0000,
    0x0000, 0x0000, 0x0000, 0xA400, 0xB703, 0x9703, 0x9703, 0x9803, 0x9703, 0x9703, 0x9703, 0x9703, 0x9703, 0x9703, 0x9703, 0x9703,
    0x9703, 0x9703, 0x9703, 0x9703, 0x9703, 0x9703, 0x9703, 0x9703, 0x9703, 0x9703, 0x9703, 0x9703, 0x9703, 0x9703, 0x9703, 0x9603,
    0xB70B, 0xED01, 0x0000, 0x0000, 0x0000, 0x0000, 0x0000, 0x0000, 0x0000, 0x0000, 0x0000, 0x0000, 0x0000, 0x0000, 0x0000, 0x0000,
    0x0000, 0x0000, 0x0000, 0x0000, 0x0000, 0x0000, 0x0000, 0x0000, 0x0000, 0x0000, 0x0000, 0x0000, 0x0000, 0x0000, 0xC612, 0xA90C,
    0x8804, 0x8804, 0x8804, 0x8804, 0x8804, 0x8804, 0x8804, 0x8804, 0x8804, 0x8804, 0x8804, 0x8804, 0x8804, 0x8804, 0x8804, 0x8804,
    0x8804, 0x8804, 0x8804, 0x8804, 0x8804, 0xA804, 0x8804, 0x8804, 0xA804, 0x8804, 0xA90C, 0x850A, 0x0000, 0x0000, 0x0000, 0x0000,
    0x0000, 0x0000, 0x0000, 0x0000, 0x0000, 0x0000, 0x0000, 0x0000, 0x0000, 0x0000, 0x0000, 0x0000, 0x0000, 0x0000, 0x0000, 0x0000,
    0x0000, 0x0000, 0x0000, 0x0000, 0x0000, 0x0000, 0x0000, 0x0000, 0x0000, 0x0000, 0x0000, 0x0000, 0x0000, 0x0000, 0x0000, 0x0000,
    0x0000, 0x0000, 0x0000, 0x0000, 0x0000, 0x0000, 0x0000, 0x0000, 0x0000, 0x0000, 0x0000, 0x0000, 0x0000, 0x0000, 0x0000, 0x0000,
    0x0000, 0x0000, 0x0000, 0x0000, 0x0000, 0x0000, 0x0000, 0x0000, 0x0000, 0x0000, 0x0000, 0x0000, 0x0000, 0x0000, 0x0000, 0x0000,
    0x0000, 0x0000, 0x0000, 0x0000, 0x0000, 0x0000, 0x0000, 0x0000, 0x0000, 0x0000, 0x0000, 0x0000, 0x0000, 0x0000, 0x0000, 0x0000,
    0x0000, 0x0000, 0x0000, 0x0000, 0x0000, 0x0000, 0x0000, 0x0000, 0x0000, 0x0000, 0x0000, 0x0000, 0x0000, 0x0000, 0x0000, 0x0000,
    0x0000, 0x0000, 0x0000, 0x0000, 0x0000, 0x0000, 0x0000, 0x0000, 0x0000, 0x0000, 0x0000, 0x0000, 0x0000, 0x0000, 0x0000, 0x0000,
    0x0000, 0x0000, 0x0000, 0x0000, 0x0000, 0x0000, 0x0000, 0x0000, 0x0000, 0x0000, 0x0000, 0x0000, 0x0000, 0x0000, 0x0000, 0x0000,
    0x0000, 0x0000, 0x0000, 0x0000, 0x0000, 0x0000, 0x0000, 0x0000, 0x0000, 0x0000, 0x0000, 0x0000, 0x0000, 0x0000, 0x0000, 0x0000,
    0x0000, 0x0000, 0x0000, 0xA400, 0xB703, 0x9703, 0x9703, 0x9803, 0x9703, 0x9703, 0x9703, 0x9703, 0x9703, 0x9703, 0x9703, 0x9703,
    0x9703, 0x9703, 0x9703, 0x9703, 0x9703, 0x9703, 0x9703, 0x9703, 0x9703, 0x9703, 0x9703, 0x9703, 0x9703, 0x9703, 0x9703, 0x9703,
    0x740B, 0x8500, 0x0000, 0x0000, 0x0000, 0x0000, 0x0000, 0x0000, 0x0000, 0x0000, 0x0000, 0x0000, 0x0000, 0x0000, 0x0000, 0x0000,
    0x0000, 0x0000, 0x0000, 0x0000, 0x0000, 0x0000, 0x0000, 0x0000, 0x0000, 0x0000, 0x0000, 0x0000, 0x2000, 0x0000, 0x2101, 0x690C,
    0x8804, 0x8804, 0xA804, 0x8804, 0x8804, 0x8804, 0x8804, 0x8804, 0x8804, 0x8804, 0x8804, 0x8804, 0x8804, 0x8804, 0x8804, 0xA804,
    0xA804, 0xA804, 0xA804, 0xA804, 0x8804, 0x8804, 0x8804, 0x8804, 0xA804, 0x8804, 0xA90C, 0x850A, 0x0000, 0x0000, 0x0000, 0x0000,
    0x0000, 0x0000, 0x0000, 0x0000, 0x0000, 0x0000, 0x0000, 0x0000, 0x0000, 0x0000, 0x0000, 0x0000, 0x0000, 0x0000, 0x0000, 0x0000,
    0x0000, 0x0000, 0x0000, 0x0000, 0x0000, 0x0000, 0x0000, 0x0000, 0x0000, 0x0000, 0x0000, 0x0000, 0x0000, 0x0000, 0x0000, 0x0000,
    0x0000, 0x0000, 0x0000, 0x0000, 0x0000, 0x0000, 0x0000, 0x0000, 0x0000, 0x0000, 0x0000, 0x0000, 0x0000, 0x0000, 0x0000, 0x0000,
    0x0000, 0x0000, 0x0000, 0x0000, 0x0000, 0x0000, 0x0000, 0x0000, 0x0000, 0x0000, 0x0000, 0x0000, 0x0000, 0x0000, 0x0000, 0x0000,
    0x0000, 0x0000, 0x0000, 0x0000, 0x0000, 0x0000, 0x0000, 0x0000, 0x0000, 0x0000, 0x0000, 0x0000, 0x0000, 0x0000, 0x0000, 0x0000,
    0x0000, 0x0000, 0x0000, 0x0000, 0x0000, 0x0000, 0x0000, 0x0000, 0x0000, 0x0000, 0x0000, 0x0000, 0x0000, 0x0000, 0x0000, 0x0000,
    0x0000, 0x0000, 0x0000, 0x0000, 0x0000, 0x0000, 0x0000, 0x0000, 0x0000, 0x0000, 0x0000, 0x0000, 0x0000, 0x0000, 0x0000, 0x0000,
    0x0000, 0x0000, 0x0000, 0x0000, 0x0000, 0x0000, 0x0000, 0x0000, 0x0000, 0x0000, 0x0000, 0x0000, 0x0000, 0x0000, 0x0000, 0x0000,
    0x0000, 0x0000, 0x0000, 0x0000, 0x0000, 0x0000, 0x0000, 0x0000, 0x0000, 0x0000, 0x0000, 0x0000, 0x0000, 0x0000, 0x0000, 0x0000,
    0x0000, 0x0000, 0x0000, 0xA400, 0xB703, 0x9703, 0x9703, 0x9803, 0x9703, 0x9703, 0x9703, 0x9703, 0x9703, 0x9703, 0x9703, 0x9703,
    0x9703, 0x9703, 0x9703, 0x9703, 0x9703, 0x9703, 0x9703, 0x9703, 0x9703, 0x9703, 0x9703, 0x9703, 0x9703, 0x9703, 0x9703, 0xB803,
    0x4E02, 0x0000, 0x0000, 0x0000, 0x0000, 0x0000, 0x0000, 0x0000, 0x0000, 0x0000, 0x0000, 0x0000, 0x0000, 0x0000, 0x0000, 0x0000,
    0x0000, 0x0000, 0x0000, 0x0000, 0x0000, 0x0000, 0x0000, 0x0000, 0x0000, 0x0000, 0x0000, 0x0000, 0x0000, 0x0000, 0x0000, 0x260B,
    0xA90C, 0x6804, 0xC804, 0xA804, 0x8804, 0xA804, 0xA804, 0x8804, 0x8804, 0x8804, 0x8804, 0x8804, 0x8804, 0x8804, 0x8804, 0x8804,
    0x8804, 0x8804, 0x8804, 0x8804, 0x8804, 0x8804, 0x8804, 0x8804, 0xA804, 0x8804, 0xA90C, 0x850A, 0x0000, 0x0000, 0x0000, 0x0000,
    0x0000, 0x0000, 0x0000, 0x0000, 0x0000, 0x0000, 0x0000, 0x0000, 0x0000, 0x0000, 0x0000, 0x0000, 0x0000, 0x0000, 0x0000, 0x0000,
    0x0000, 0x0000, 0x0000, 0x0000, 0x0000, 0x0000, 0x0000, 0x0000, 0x0000, 0x0000, 0x0000, 0x0000, 0x0000, 0x0000, 0x0000, 0x0000,
    0x0000, 0x0000, 0x0000, 0x0000, 0x0000, 0x0000, 0x0000, 0x0000, 0x0000, 0x0000, 0x0000, 0x0000, 0x0000, 0x0000, 0x0000, 0x0000,
    0x0000, 0x0000, 0x0000, 0x0000, 0x0000, 0x0000, 0x0000, 0x0000, 0x0000, 0x0000, 0x0000, 0x0000, 0x0000, 0x0000, 0x0000, 0x0000,
    0x0000, 0x0000, 0x0000, 0x0000, 0x0000, 0x0000, 0x0000, 0x0000, 0x0000, 0x0000, 0x0000, 0x0000, 0x0000, 0x0000, 0x0000, 0x0000,
    0x0000, 0x0000, 0x0000, 0x0000, 0x0000, 0x0000, 0x0000, 0x0000, 0x0000, 0x0000, 0x0000, 0x0000, 0x0000, 0x0000, 0x0000, 0x0000,
    0x0000, 0x0000, 0x0000, 0x0000, 0x0000, 0x0000, 0x0000, 0x0000, 0x0000, 0x0000, 0x0000, 0x0000, 0x0000, 0x0000, 0x0000, 0x0000,
    0x0000, 0x0000, 0x0000, 0x0000, 0x0000, 0x0000, 0x0000, 0x0000, 0x0000, 0x0000, 0x0000, 0x0000, 0x0000, 0x0000, 0x0000, 0x0000,
    0x0000, 0x0000, 0x0000, 0x0000, 0x0000, 0x0000, 0x0000, 0x0000, 0x0000, 0x0000, 0x0000, 0x0000, 0x0000, 0x0000, 0x0000, 0x0000,
    0x0000, 0x0000, 0x0000, 0xA400, 0xB703, 0x9703, 0x9703, 0x9803, 0x9703, 0x9703, 0x9703, 0x9703, 0x9703, 0x9703, 0x9703, 0x9703,
    0x9703, 0x9703, 0x9703, 0x9703, 0x9703, 0x9703, 0x9703, 0x9703, 0x9703, 0x9703, 0x9703, 0x9703, 0x9703, 0x7703, 0x9703, 0x7513,
    0xC600, 0x0000, 0x2000, 0x0000, 0x0008, 0x0000, 0x0000, 0x0000, 0x0000, 0x0000, 0x0000, 0x0000, 0x0000, 0x0000, 0x0000, 0x0000,
    0x0000, 0x0000, 0x0000, 0x0000, 0x0000, 0x0000, 0x0000, 0x0000, 0x0000, 0x0000, 0x0000, 0x0000, 0x0000, 0x0000, 0x0000, 0x6101,
    0x6914, 0xA904, 0x8804, 0x8804, 0x8804, 0x8804, 0x8804, 0x8804, 0x8804, 0x8804, 0x8804, 0x8804, 0x8804, 0x8804, 0x8804, 0x8804,
    0x8804, 0x8804, 0x8804, 0x8804, 0x8804, 0x8804, 0x8804, 0x8804, 0xA804, 0x8804, 0xA90C, 0x850A, 0x0000, 0x0000, 0x0000, 0x0000,
    0x0000, 0x0000, 0x0000, 0x0000, 0x0000, 0x0000, 0x0000, 0x0000, 0x0000, 0x0000, 0x0000, 0x0000, 0x0000, 0x0000, 0x0000, 0x0000,
    0x0000, 0x0000, 0x0000, 0x0000, 0x0000, 0x0000, 0x0000, 0x0000, 0x0000, 0x0000, 0x0000, 0x0000, 0x0000, 0x0000, 0x0000, 0x0000,
    0x0000, 0x0000, 0x0000, 0x0000, 0x0000, 0x0000, 0x0000, 0x0000, 0x0000, 0x0000, 0x0000, 0x0000, 0x0000, 0x0000, 0x0000, 0x0000,
    0x0000, 0x0000, 0x0000, 0x0000, 0x0000, 0x0000, 0x0000, 0x0000, 0x0000, 0x0000, 0x0000, 0x0000, 0x0000, 0x0000, 0x0000, 0x0000,
    0x0000, 0x0000, 0x0000, 0x0000, 0x0000, 0x0000, 0x0000, 0x0000, 0x0000, 0x0000, 0x0000, 0x0000, 0x0000, 0x0000, 0x0000, 0x0000,
    0x0000, 0x0000, 0x0000, 0x0000, 0x0000, 0x0000, 0x0000, 0x0000, 0x0000, 0x0000, 0x0000, 0x0000, 0x0000, 0x0000, 0x0000, 0x0000,
    0x0000, 0x0000, 0x0000, 0x0000, 0x0000, 0x0000, 0x0000, 0x0000, 0x0000, 0x0000, 0x0000, 0x0000, 0x0000, 0x0000, 0x0000, 0x0000,
    0x0000, 0x0000, 0x0000, 0x0000, 0x0000, 0x0000, 0x0000, 0x0000, 0x0000, 0x0000, 0x0000, 0x0000, 0x0000, 0x0000, 0x0000, 0x0000,
    0x0000, 0x0000, 0x0000, 0x0000, 0x0000, 0x0000, 0x0000, 0x0000, 0x0000, 0x0000, 0x0000, 0x0000, 0x0000, 0x0000, 0x0000, 0x0000,
    0x0000, 0x0000, 0x0000, 0xA400, 0xB703, 0x9703, 0x9703, 0x9803, 0x9703, 0x9703, 0x9703, 0x9703, 0x9703, 0x9703, 0x9703, 0x9703,
    0x9703, 0x9703, 0x9703, 0x9703, 0x9703, 0x9703, 0x9703, 0x9703, 0x9703, 0x9703, 0x9703, 0x9703, 0x9803, 0x9803, 0xB70B, 0x6F0A,
    0x0200, 0x0000, 0x2000, 0x0000, 0x0008, 0x0000, 0x0000, 0x0000, 0x0000, 0x0000, 0x0000, 0x0000, 0x0000, 0x0000, 0x0000, 0x0000,
    0x0000, 0x0000, 0x0000, 0x0000, 0x0000, 0x0000, 0x0000, 0x0000, 0x0000, 0x0000, 0x0000, 0x0000, 0x0000, 0x0000, 0x0000, 0x2000,
    0x260B, 0xC904, 0x6804, 0x6804, 0xA804, 0x8804, 0x6804, 0x8804, 0x8804, 0x8804, 0x8804, 0x8804, 0x8804, 0x8804, 0x8804, 0x8804,
    0x8804, 0x8804, 0x8804, 0x8804, 0x8804, 0x8804, 0x8804, 0x8804, 0xA804, 0x8804, 0xA90C, 0x850A, 0x0000, 0x0000, 0x0000, 0x0000,
    0x0000, 0x0000, 0x0000, 0x0000, 0x0000, 0x0000, 0x0000, 0x0000, 0x0000, 0x0000, 0x0000, 0x0000, 0x0000, 0x0000, 0x0000, 0x0000,
    0x0000, 0x0000, 0x0000, 0x0000, 0x0000, 0x0000, 0x0000, 0x0000, 0x0000, 0x0000, 0x0000, 0x0000, 0x0000, 0x0000, 0x0000, 0x0000,
    0x0000, 0x0000, 0x0000, 0x0000, 0x0000, 0x0000, 0x0000, 0x0000, 0x0000, 0x0000, 0x0000, 0x0000, 0x0000, 0x0000, 0x0000, 0x0000,
    0x0000, 0x0000, 0x0000, 0x0000, 0x0000, 0x0000, 0x0000, 0x0000, 0x0000, 0x0000, 0x0000, 0x0000, 0x0000, 0x0000, 0x0000, 0x0000,
    0x0000, 0x0000, 0x0000, 0x0000, 0x0000, 0x0000, 0x0000, 0x0000, 0x0000, 0x0000, 0x0000, 0x0000, 0x0000, 0x0000, 0x0000, 0x0000,
    0x0000, 0x0000, 0x0000, 0x0000, 0x0000, 0x0000, 0x0000, 0x0000, 0x0000, 0x0000, 0x0000, 0x0000, 0x0000, 0x0000, 0x0000, 0x0000,
    0x0000, 0x0000, 0x0000, 0x0000, 0x0000, 0x0000, 0x0000, 0x0000, 0x0000, 0x0000, 0x0000, 0x0000, 0x0000, 0x0000, 0x0000, 0x0000,
    0x0000, 0x0000, 0x0000, 0x0000, 0x0000, 0x0000, 0x0000, 0x0000, 0x0000, 0x0000, 0x0000, 0x0000, 0x0000, 0x0000, 0x0000, 0x0000,
    0x0000, 0x0000, 0x0000, 0x0000, 0x0000, 0x0000, 0x0000, 0x0000, 0x0000, 0x0000, 0x0000, 0x0000, 0x0000, 0x0000, 0x0000, 0x0000,
    0x0000, 0x0000, 0x0000, 0xA400, 0xB703, 0x9703, 0x9703, 0x9803, 0x9703, 0x9703, 0x9703, 0x9703, 0x9703, 0x9703, 0x9703, 0x9703,
    0x9703, 0x9703, 0x9703, 0x9703, 0x9703, 0x9703, 0x9703, 0x9703, 0x9703, 0x9703, 0x9703, 0x9703, 0xB803, 0x9803, 0x750B, 0xE600,
    0x0000, 0x0000, 0x0000, 0x0000, 0x0000, 0x0000, 0x0000, 0x0000, 0x0000, 0x0000, 0x0000, 0x0000, 0x0000, 0x0000, 0x0000, 0x0000,
    0x0000, 0x0000, 0x0000, 0x0000, 0x0000, 0x0000, 0x0000, 0x0000, 0x0000, 0x0000, 0x0000, 0x0000, 0x0000, 0x0000, 0x0000, 0x0000,
    0x4201, 0x890C, 0x8904, 0x8804, 0xA804, 0x8804, 0x8804, 0x8804, 0x8804, 0x8804, 0x8804, 0x8804, 0x8804, 0x8804, 0x8804, 0x8804,
    0x8804, 0x8804, 0x8804, 0x8804, 0x8804, 0x8804, 0x8804, 0x8804, 0xA804, 0x8804, 0xA90C, 0x850A, 0x0000, 0x0000, 0x0000, 0x0000,
    0x0000, 0x0000, 0x0000, 0x0000, 0x0000, 0x0000, 0x0000, 0x0000, 0x0000, 0x0000, 0x0000, 0x0000, 0x0000, 0x0000, 0x0000, 0x0000,
    0x0000, 0x0000, 0x0000, 0x0000, 0x0000, 0x0000, 0x0000, 0x0000, 0x0000, 0x0000, 0x0000, 0x0000, 0x0000, 0x0000, 0x0000, 0x0000,
    0x0000, 0x0000, 0x0000, 0x0000, 0x0000, 0x0000, 0x0000, 0x0000, 0x0000, 0x0000, 0x0000, 0x0000, 0x0000, 0x0000, 0x0000, 0x0000,
    0x0000, 0x0000, 0x0000, 0x0000, 0x0000, 0x0000, 0x0000, 0x0000, 0x0000, 0x0000, 0x0000, 0x0000, 0x0000, 0x0000, 0x0000, 0x0000,
    0x0000, 0x0000, 0x0000, 0x0000, 0x0000, 0x0000, 0x0000, 0x0000, 0x0000, 0x0000, 0x0000, 0x0000, 0x0000, 0x0000, 0x0000, 0x0000,
    0x0000, 0x0000, 0x0000, 0x0000, 0x0000, 0x0000, 0x0000, 0x0000, 0x0000, 0x0000, 0x0000, 0x0000, 0x0000, 0x0000, 0x0000, 0x0000,
    0x0000, 0x0000, 0x0000, 0x0000, 0x0000, 0x0000, 0x0000, 0x0000, 0x0000, 0x0000, 0x0000, 0x0000, 0x0000, 0x0000, 0x0000, 0x0000,
    0x0000, 0x0000, 0x0000, 0x0000, 0x0000, 0x0000, 0x0000, 0x0000, 0x0000, 0x0000, 0x0000, 0x0000, 0x0000, 0x0000, 0x0000, 0x0000,
    0x0000, 0x0000, 0x0000, 0x0000, 0x0000, 0x0000, 0x0000, 0x0000, 0x0000, 0x0000, 0x0000, 0x0000, 0x0000, 0x0000, 0x0000, 0x0000,
    0x0000, 0x0000, 0x0000, 0xA400, 0xB703, 0x9703, 0x9703, 0x9803, 0x9703, 0x9703, 0x9703, 0x9703, 0x9703, 0x9703, 0x9703, 0x9703,
    0x9703, 0x9703, 0x9703, 0x9703, 0x9703, 0x9703, 0x9703, 0x9803, 0x9703, 0x9603, 0x9703, 0xB803, 0x9703, 0xB803, 0x6F0A, 0x0000,
    0x0000, 0x0000, 0x0000, 0x0000, 0x0000, 0x0000, 0x0000, 0x0000, 0x0000, 0x0000, 0x0000, 0x0000, 0x0000, 0x0000, 0x0000, 0x0000,
    0x0000, 0x0000, 0x0000, 0x0000, 0x0000, 0x0000, 0x0000, 0x0000, 0x0000, 0x0000, 0x0000, 0x0000, 0x0000, 0x0000, 0x0000, 0x0000,
    0x4000, 0x060B, 0xCA04, 0x8804, 0x8804, 0xA804, 0x8804, 0x8804, 0x8804, 0x8804, 0x8804, 0x8804, 0x8804, 0x8804, 0x8804, 0x8804,
    0x8804, 0x8804, 0x8804, 0x8804, 0x8804, 0x8804, 0x8804, 0x8804, 0xA804, 0x8804, 0xA90C, 0x850A, 0x0000, 0x0000, 0x0000, 0x0000,
    0x0000, 0x0000, 0x0000, 0x0000, 0x0000, 0x0000, 0x0000, 0x0000, 0x0000, 0x0000, 0x0000, 0x0000, 0x0000, 0x0000, 0x0000, 0x0000,
    0x0000, 0x0000, 0x0000, 0x0000, 0x0000, 0x0000, 0x0000, 0x0000, 0x0000, 0x0000, 0x0000, 0x0000, 0x0000, 0x0000, 0x0000, 0x0000,
    0x0000, 0x0000, 0x0000, 0x0000, 0x0000, 0x0000, 0x0000, 0x0000, 0x0000, 0x0000, 0x0000, 0x0000, 0x0000, 0x0000, 0x0000, 0x0000,
    0x0000, 0x0000, 0x0000, 0x0000, 0x0000, 0x0000, 0x0000, 0x0000, 0x0000, 0x0000, 0x0000, 0x0000, 0x0000, 0x0000, 0x0000, 0x0000,
    0x0000, 0x0000, 0x0000, 0x0000, 0x0000, 0x0000, 0x0000, 0x0000, 0x0000, 0x0000, 0x0000, 0x0000, 0x0000, 0x0000, 0x0000, 0x0000,
    0x0000, 0x0000, 0x0000, 0x0000, 0x0000, 0x0000, 0x0000, 0x0000, 0x0000, 0x0000, 0x0000, 0x0000, 0x0000, 0x0000, 0x0000, 0x0000,
    0x0000, 0x0000, 0x0000, 0x0000, 0x0000, 0x0000, 0x0000, 0x0000, 0x0000, 0x0000, 0x0000, 0x0000, 0x0000, 0x0000, 0x0000, 0x0000,
    0x0000, 0x0000, 0x0000, 0x0000, 0x0000, 0x0000, 0x0000, 0x0000, 0x0000, 0x0000, 0x0000, 0x0000, 0x0000, 0x0000, 0x0000, 0x0000,
    0x0000, 0x0000, 0x0000, 0x0000, 0x0000, 0x0000, 0x0000, 0x0000, 0x0000, 0x0000, 0x0000, 0x0000, 0x0000, 0x0000, 0x0000, 0x0000,
    0x0000, 0x0000, 0x0000, 0xA400, 0xB703, 0x9703, 0x9703, 0x9803, 0x9703, 0x9703, 0x9703, 0x9703, 0x9703, 0x9703, 0x9703, 0x9703,
    0x9703, 0x9703, 0x9703, 0x9703, 0x9703, 0x9703, 0x9703, 0x9803, 0x9703, 0x9603, 0x9703, 0x9803, 0x9703, 0x7513, 0xE700, 0x0000,
    0x0008, 0x0000, 0x0000, 0x0000, 0x0000, 0x0000, 0x0000, 0x0000, 0x0000, 0x0000, 0x0000, 0x0000, 0x0000, 0x0000, 0x0000, 0x0000,
    0x0000, 0x0000, 0x0000, 0x0000, 0x0000, 0x0000, 0x0000, 0x0000, 0x0000, 0x0000, 0x0000, 0x0000, 0x0000, 0x0000, 0x0000, 0x2000,
    0x0000, 0x2101, 0x690C, 0xA804, 0x8804, 0x8804, 0xA804, 0x8804, 0x8804, 0x8804, 0x8804, 0x8804, 0x8804, 0x8804, 0x8804, 0x8804,
    0x8804, 0x8804, 0x8804, 0x8804, 0x8804, 0x8804, 0x8804, 0x8804, 0xA804, 0x8804, 0xA90C, 0x850A, 0x0000, 0x0000, 0x0000, 0x0000,
    0x0000, 0x0000, 0x0000, 0x0000, 0x0000, 0x0000, 0x0000, 0x0000, 0x0000, 0x0000, 0x0000, 0x0000, 0x0000, 0x0000, 0x0000, 0x0000,
    0x0000, 0x0000, 0x0000, 0x0000, 0x0000, 0x0000, 0x0000, 0x0000, 0x0000, 0x0000, 0x0000, 0x0000, 0x0000, 0x0000, 0x0000, 0x0000,
    0x0000, 0x0000, 0x0000, 0x0000, 0x0000, 0x0000, 0x0000, 0x0000, 0x0000, 0x0000, 0x0000, 0x0000, 0x0000, 0x0000, 0x0000, 0x0000,
    0x0000, 0x0000, 0x0000, 0x0000, 0x0000, 0x0000, 0x0000, 0x0000, 0x0000, 0x0000, 0x0000, 0x0000, 0x0000, 0x0000, 0x0000, 0x0000,
    0x0000, 0x0000, 0x0000, 0x0000, 0x0000, 0x0000, 0x0000, 0x0000, 0x0000, 0x0000, 0x0000, 0x0000, 0x0000, 0x0000, 0x0000, 0x0000,
    0x0000, 0x0000, 0x0000, 0x0000, 0x0000, 0x0000, 0x0000, 0x0000, 0x0000, 0x0000, 0x0000, 0x0000, 0x0000, 0x0000, 0x0000, 0x0000,
    0x0000, 0x0000, 0x0000, 0x0000, 0x0000, 0x0000, 0x0000, 0x0000, 0x0000, 0x0000, 0x0000, 0x0000, 0x0000, 0x0000, 0x0000, 0x0000,
    0x0000, 0x0000, 0x0000, 0x0000, 0x0000, 0x0000, 0x0000, 0x0000, 0x0000, 0x0000, 0x0000, 0x0000, 0x0000, 0x0000, 0x0000, 0x0000,
    0x0000, 0x0000, 0x0000, 0x0000, 0x0000, 0x0000, 0x0000, 0x0000, 0x0000, 0x0000, 0x0000, 0x0000, 0x0000, 0x0000, 0x0000, 0x0000,
    0x0000, 0x0000, 0x0000, 0xA400, 0xB703, 0x9703, 0x9703, 0x9803, 0x9703, 0x9703, 0x9703, 0x9703, 0x9703, 0x9703, 0x9703, 0x9703,
    0x9703, 0x9703, 0x9703, 0x9703, 0x9703, 0x9703, 0x9703, 0x9803, 0x9703, 0x9703, 0x9803, 0x7703, 0x9613, 0x2D12, 0x0100, 0x0000,
    0x0000, 0x0000, 0x0000, 0x0000, 0x0000, 0x0000, 0x0000, 0x0000, 0x0000, 0x0000, 0x0000, 0x0000, 0x0000, 0x0000, 0x0000, 0x0000,
    0x0000, 0x0000, 0x0000, 0x0000, 0x0000, 0x0000, 0x0000, 0x0000, 0x0000, 0x0000, 0x0000, 0x0000, 0x0000, 0x0000, 0x0000, 0x0000,
    0x0000, 0x2000, 0xE50A, 0xA904, 0x8804, 0x8804, 0xA804, 0xA804, 0x8804, 0x8804, 0x8804, 0x8804, 0x8804, 0x8804, 0x8804, 0x8804,
    0x8804, 0x8804, 0x8804, 0x8804, 0x8804, 0x8804, 0x8804, 0x8804, 0xA804, 0x8804, 0xA90C, 0x850A, 0x0000, 0x0000, 0x0000, 0x0000,
    0x0000, 0x0000, 0x0000, 0x0000, 0x0000, 0x0000, 0x0000, 0x0000, 0x0000, 0x0000, 0x0000, 0x0000, 0x0000, 0x0000, 0x0000, 0x0000,
    0x0000, 0x0000, 0x0000, 0x0000, 0x0000, 0x0000, 0x0000, 0x0000, 0x0000, 0x0000, 0x0000, 0x0000, 0x0000, 0x0000, 0x0000, 0x0000,
    0x0000, 0x0000, 0x0000, 0x0000, 0x0000, 0x0000, 0x0000, 0x0000, 0x0000, 0x0000, 0x0000, 0x0000, 0x0000, 0x0000, 0x0000, 0x0000,
    0x0000, 0x0000, 0x0000, 0x0000, 0x0000, 0x0000, 0x0000, 0x0000, 0x0000, 0x0000, 0x0000, 0x0000, 0x0000, 0x0000, 0x0000, 0x0000,
    0x0000, 0x0000, 0x0000, 0x0000, 0x0000, 0x0000, 0x0000, 0x0000, 0x0000, 0x0000, 0x0000, 0x0000, 0x0000, 0x0000, 0x0000, 0x0000,
    0x0000, 0x0000, 0x0000, 0x0000, 0x0000, 0x0000, 0x0000, 0x0000, 0x0000, 0x0000, 0x0000, 0x0000, 0x0000, 0x0000, 0x0000, 0x0000,
    0x0000, 0x0000, 0x0000, 0x0000, 0x0000, 0x0000, 0x0000, 0x0000, 0x0000, 0x0000, 0x0000, 0x0000, 0x0000, 0x0000, 0x0000, 0x0000,
    0x0000, 0x0000, 0x0000, 0x0000, 0x0000, 0x0000, 0x0000, 0x0000, 0x0000, 0x0000, 0x0000, 0x0000, 0x0000, 0x0000, 0x0000, 0x0000,
    0x0000, 0x0000, 0x0000, 0x0000, 0x0000, 0x0000, 0x0000, 0x0000, 0x0000, 0x0000, 0x0000, 0x0000, 0x0000, 0x0000, 0x0000, 0x0000,
    0x0000, 0x0000, 0x0000, 0xA400, 0xB703, 0x9703, 0x9703, 0x9803, 0x9703, 0x9703, 0x9703, 0x9703, 0x9703, 0x9703, 0x9703, 0x9703,
    0x9703, 0x9703, 0x9703, 0x9703, 0x9703, 0x9703, 0x9703, 0x9803, 0x9703, 0x9703, 0x9803, 0x9803, 0x5413, 0xA500, 0x0000, 0x0000,
    0x0100, 0x0000, 0x0000, 0x0000, 0x0000, 0x0000, 0x0000, 0x0000, 0x0000, 0x0000, 0x0000, 0x0000, 0x0000, 0x0000, 0x0000, 0x0000,
    0x0000, 0x0000, 0x0000, 0x0000, 0x0000, 0x0000, 0x0000, 0x0000, 0x0000, 0x0000, 0x0000, 0x0000, 0x0000, 0x0000, 0x0000, 0x0000,
    0x0000, 0x0000, 0xE100, 0x2814, 0x8804, 0x8804, 0xA804, 0x8804, 0x8804, 0x8804, 0x8804, 0x8804, 0x8804, 0x8804, 0x8804, 0x8804,
    0x8804, 0x8804, 0x8804, 0x8804, 0x8804, 0x8804, 0x8804, 0x8804, 0xA804, 0x8804, 0xA90C, 0x850A, 0x0000, 0x0000, 0x0000, 0x0000,
    0x0000, 0x0000, 0x0000, 0x0000, 0x0000, 0x0000, 0x0000, 0x0000, 0x0000, 0x0000, 0x0000, 0x0000, 0x0000, 0x0000, 0x0000, 0x0000,
    0x0000, 0x0000, 0x0000, 0x0000, 0x0000, 0x0000, 0x0000, 0x0000, 0x0000, 0x0000, 0x0000, 0x0000, 0x0000, 0x0000, 0x0000, 0x0000,
    0x0000, 0x0000, 0x0000, 0x0000, 0x0000, 0x0000, 0x0000, 0x0000, 0x0000, 0x0000, 0x0000, 0x0000, 0x0000, 0x0000, 0x0000, 0x0000,
    0x0000, 0x0000, 0x0000, 0x0000, 0x0000, 0x0000, 0x0000, 0x0000, 0x0000, 0x0000, 0x0000, 0x0000, 0x0000, 0x0000, 0x0000, 0x0000,
    0x0000, 0x0000, 0x0000, 0x0000, 0x0000, 0x0000, 0x0000, 0x0000, 0x0000, 0x0000, 0x0000, 0x0000, 0x0000, 0x0000, 0x0000, 0x0000,
    0x0000, 0x0000, 0x0000, 0x0000, 0x0000, 0x0000, 0x0000, 0x0000, 0x0000, 0x0000, 0x0000, 0x0000, 0x0000, 0x0000, 0x0000, 0x0000,
    0x0000, 0x0000, 0x0000, 0x0000, 0x0000, 0x0000, 0x0000, 0x0000, 0x0000, 0x0000, 0x0000, 0x0000, 0x0000, 0x0000, 0x0000, 0x0000,
    0x0000, 0x0000, 0x0000, 0x0000, 0x0000, 0x0000, 0x0000, 0x0000, 0x0000, 0x0000, 0x0000, 0x0000, 0x0000, 0x0000, 0x0000, 0x0000,
    0x0000, 0x0000, 0x0000, 0x0000, 0x0000, 0x0000, 0x0000, 0x0000, 0x0000, 0x0000, 0x0000, 0x0000, 0x0000, 0x0000, 0x0000, 0x0000,
    0x0000, 0x0000, 0x0000, 0xA400, 0xB703, 0x9703, 0x9703, 0x9803, 0x9703, 0x9703, 0x9703, 0x9703, 0x9703, 0x9703, 0x9703, 0x9703,
    0x9703, 0x9703, 0x9703, 0x9703, 0x9703, 0x9703, 0x9703, 0x9703, 0x9703, 0x9803, 0x9803, 0xB80B, 0xED09, 0x0000, 0x0000, 0x0000,
    0x0100, 0x0000, 0x0000, 0x0000, 0x0000, 0x0000, 0x0000, 0x0000, 0x0000, 0x0000, 0x0000, 0x0000, 0x0000, 0x0000, 0x0000, 0x0000,
    0x0000, 0x0000, 0x0000, 0x0000, 0x0000, 0x0000, 0x0000, 0x0000, 0x0000, 0x0000, 0x0000, 0x0000, 0x0000, 0x0000, 0x0000, 0x0000,
    0x0000, 0x0000, 0x0000, 0x440A, 0xA90C, 0x8804, 0x8804, 0x8804, 0x8804, 0x8804, 0x8804, 0x8804, 0x8804, 0x8804, 0x8804, 0x8804,
    0x8804, 0x8804, 0x8804, 0x8804, 0x8804, 0x8804, 0x8804, 0x8804, 0xA804, 0x8804, 0xA90C, 0x850A, 0x0000, 0x0000, 0x0000, 0x0000,
    0x0000, 0x0000, 0x0000, 0x0000, 0x0000, 0x0000, 0x0000, 0x0000, 0x0000, 0x0000, 0x0000, 0x0000, 0x0000, 0x0000, 0x0000, 0x0000,
    0x0000, 0x0000, 0x0000, 0x0000, 0x0000, 0x0000, 0x0000, 0x0000, 0x0000, 0x0000, 0x0000, 0x0000, 0x0000, 0x0000, 0x0000, 0x0000,
    0x0000, 0x0000, 0x0000, 0x0000, 0x0000, 0x0000, 0x0000, 0x0000, 0x0000, 0x0000, 0x0000, 0x0000, 0x0000, 0x0000, 0x0000, 0x0000,
    0x0000, 0x0000, 0x0000, 0x0000, 0x0000, 0x0000, 0x0000, 0x0000, 0x0000, 0x0000, 0x0000, 0x0000, 0x0000, 0x0000, 0x0000, 0x0000,
    0x0000, 0x0000, 0x0000, 0x0000, 0x0000, 0x0000, 0x0000, 0x0000, 0x0000, 0x0000, 0x0000, 0x0000, 0x0000, 0x0000, 0x0000, 0x0000,
    0x0000, 0x0000, 0x0000, 0x0000, 0x0000, 0x0000, 0x0000, 0x0000, 0x0000, 0x0000, 0x0000, 0x0000, 0x0000, 0x0000, 0x0000, 0x0000,
    0x0000, 0x0000, 0x0000, 0x0000, 0x0000, 0x0000, 0x0000, 0x0000, 0x0000, 0x0000, 0x0000, 0x0000, 0x0000, 0x0000, 0x0000, 0x0000,
    0x0000, 0x0000, 0x0000, 0x0000, 0x0000, 0x0000, 0x0000, 0x0000, 0x0000, 0x0000, 0x0000, 0x0000, 0x0000, 0x0000, 0x0000, 0x0000,
    0x0000, 0x0000, 0x0000, 0x0000, 0x0000, 0x0000, 0x0000, 0x0000, 0x0000, 0x0000, 0x0000, 0x0000, 0x0000, 0x0000, 0x0000, 0x0000,
    0x0000, 0x0000, 0x0000, 0xA400, 0xB703, 0x9703, 0x9703, 0x9803, 0x9703, 0x9703, 0x9703, 0x9703, 0x9703, 0x9703, 0x9703, 0x9703,
    0x9703, 0x9703, 0x9703, 0x9703, 0x9703, 0x9703, 0x9703, 0x9703, 0x9703, 0x9803, 0x9703, 0x1313, 0x6400, 0x0000, 0x0000, 0x0000,
    0x0000, 0x0000, 0x0000, 0x0000, 0x0000, 0x0000, 0x0000, 0x0000, 0x0000, 0x0000, 0x0000, 0x0000, 0x0000, 0x0000, 0x0000, 0x0000,
    0x0000, 0x0000, 0x0000, 0x0000, 0x0000, 0x0000, 0x0000, 0x0000, 0x0000, 0x0000, 0x0000, 0x0000, 0x0000, 0x0000, 0x0000, 0x0000,
    0x0000, 0x0000, 0x0000, 0x6000, 0xC80B, 0xA904, 0x8804, 0xA804, 0x8804, 0x8804, 0x8804, 0x8804, 0x8804, 0x8804, 0x8804, 0x8804,
    0x8804, 0x8804, 0x8804, 0x8804, 0x8804, 0x8804, 0x8804, 0x8804, 0xA804, 0x8804, 0xA90C, 0x850A, 0x0000, 0x0000, 0x0000, 0x0000,
    0x0000, 0x0000, 0x0000, 0x0000, 0x0000, 0x0000, 0x0000, 0x0000, 0x0000, 0x0000, 0x0000, 0x0000, 0x0000, 0x0000, 0x0000, 0x0000,
    0x0000, 0x0000, 0x0000, 0x0000, 0x0000, 0x0000, 0x0000, 0x0000, 0x0000, 0x0000, 0x0000, 0x0000, 0x0000, 0x0000, 0x0000, 0x0000,
    0x0000, 0x0000, 0x0000, 0x0000, 0x0000, 0x0000, 0x0000, 0x0000, 0x0000, 0x0000, 0x0000, 0x0000, 0x0000, 0x0000, 0x0000, 0x0000,
    0x0000, 0x0000, 0x0000, 0x0000, 0x0000, 0x0000, 0x0000, 0x0000, 0x0000, 0x0000, 0x0000, 0x0000, 0x0000, 0x0000, 0x0000, 0x0000,
    0x0000, 0x0000, 0x0000, 0x0000, 0x0000, 0x0000, 0x0000, 0x0000, 0x0000, 0x0000, 0x0000, 0x0000, 0x0000, 0x0000, 0x0000, 0x0000,
    0x0000, 0x0000, 0x0000, 0x0000, 0x0000, 0x0000, 0x0000, 0x0000, 0x0000, 0x0000, 0x0000, 0x0000, 0x0000, 0x0000, 0x0000, 0x0000,
    0x0000, 0x0000, 0x0000, 0x0000, 0x0000, 0x0000, 0x0000, 0x0000, 0x0000, 0x0000, 0x0000, 0x0000, 0x0000, 0x0000, 0x0000, 0x0000,
    0x0000, 0x0000, 0x0000, 0x0000, 0x0000, 0x0000, 0x0000, 0x0000, 0x0000, 0x0000, 0x0000, 0x0000, 0x0000, 0x0000, 0x0000, 0x0000,
    0x0000, 0x0000, 0x0000, 0x0000, 0x0000, 0x0000, 0x0000, 0x0000, 0x0000, 0x0000, 0x0000, 0x0000, 0x0000, 0x0000, 0x0000, 0x0000,
    0x0000, 0x0000, 0x0000, 0xA400, 0xB703, 0x9703, 0x9703, 0x9803, 0x9703, 0x9703, 0x9703, 0x9703, 0x9703, 0x9703, 0x9703, 0x9703,
    0x9703, 0x9703, 0x9703, 0x9703, 0x9703, 0x9703, 0x9703, 0x9703, 0x9803, 0x9703, 0x960B, 0x6909, 0x0000, 0x0100, 0x0008, 0x0000,
    0x0000, 0x0000, 0x0000, 0x0000, 0x0000, 0x0000, 0x0000, 0x0000, 0x0000, 0x0000, 0x0000, 0x0000, 0x0000, 0x0000, 0x0000, 0x0000,
    0x0000, 0x0000, 0x0000, 0x0000, 0x0000, 0x0000, 0x0000, 0x0000, 0x0000, 0x0000, 0x0000, 0x0000, 0x0000, 0x0000, 0x0000, 0x0000,
    0x0000, 0x0000, 0x0000, 0x0000, 0xC301, 0xA904, 0x8804, 0x8804, 0x8804, 0x8804, 0xA804, 0x8804, 0x8804, 0x8804, 0x8804, 0x8804,
    0x8804, 0x8804, 0x8804, 0x8804, 0x8804, 0x8804, 0x8804, 0x8804, 0xA804, 0x8804, 0xA90C, 0x850A, 0x0000, 0x0000, 0x0000, 0x0000,
    0x0000, 0x0000, 0x0000, 0x0000, 0x0000, 0x0000, 0x0000, 0x0000, 0x0000, 0x0000, 0x0000, 0x0000, 0x0000, 0x0000, 0x0000, 0x0000,
    0x0000, 0x0000, 0x0000, 0x0000, 0x0000, 0x0000, 0x0000, 0x0000, 0x0000, 0x0000, 0x0000, 0x0000, 0x0000, 0x0000, 0x0000, 0x0000,
    0x0000, 0x0000, 0x0000, 0x0000, 0x0000, 0x0000, 0x0000, 0x0000, 0x0000, 0x0000, 0x0000, 0x0000, 0x0000, 0x0000, 0x0000, 0x0000,
    0x0000, 0x0000, 0x0000, 0x0000, 0x0000, 0x0000, 0x0000, 0x0000, 0x0000, 0x0000, 0x0000, 0x0000, 0x0000, 0x0000, 0x0000, 0x0000,
    0x0000, 0x0000, 0x0000, 0x0000, 0x0000, 0x0000, 0x0000, 0x0000, 0x0000, 0x0000, 0x0000, 0x0000, 0x0000, 0x0000, 0x0000, 0x0000,
    0x0000, 0x0000, 0x0000, 0x0000, 0x0000, 0x0000, 0x0000, 0x0000, 0x0000, 0x0000, 0x0000, 0x0000, 0x0000, 0x0000, 0x0000, 0x0000,
    0x0000, 0x0000, 0x0000, 0x0000, 0x0000, 0x0000, 0x0000, 0x0000, 0x0000, 0x0000, 0x0000, 0x0000, 0x0000, 0x0000, 0x0000, 0x0000,
    0x0000, 0x0000, 0x0000, 0x0000, 0x0000, 0x0000, 0x0000, 0x0000, 0x0000, 0x0000, 0x0000, 0x0000, 0x0000, 0x0000, 0x0000, 0x0000,
    0x0000, 0x0000, 0x0000, 0x0000, 0x0000, 0x0000, 0x0000, 0x0000, 0x0000, 0x0000, 0x0000, 0x0000, 0x0000, 0x0000, 0x0000, 0x0000,
    0x0000, 0x0000, 0x0000, 0xA400, 0xB703, 0x9703, 0x9703, 0x9803, 0x9703, 0x9703, 0x9703, 0x9703, 0x9703, 0x9703, 0x9703, 0x9703,
    0x9703, 0x9703, 0x9703, 0x9703, 0x9703, 0x9703, 0x9703, 0x9703, 0x9703, 0xB803, 0x8F12, 0x2100, 0x0000, 0x0000, 0x0008, 0x0000,
    0x0000, 0x0000, 0x0000, 0x0000, 0x0000, 0x0000, 0x0000, 0x0000, 0x0000, 0x0000, 0x0000, 0x0000, 0x0000, 0x0000, 0x0000, 0x0000,
    0x0000, 0x0000, 0x0000, 0x0000, 0x0000, 0x0000, 0x0000, 0x0000, 0x0000, 0x0000, 0x0000, 0x0000, 0x0000, 0x0000, 0x0000, 0x0000,
    0x0000, 0x0000, 0x0000, 0x0000, 0x2000, 0x260B, 0xA904, 0x8804, 0xA804, 0xA804, 0xA804, 0xA804, 0x8804, 0x8804, 0x8804, 0x8804,
    0x8804, 0x8804, 0x8804, 0x8804, 0x8804, 0x8804, 0x8804, 0x8804, 0xA804, 0x8804, 0xA90C, 0x850A, 0x0000, 0x0000, 0x0000, 0x0000,
    0x0000, 0x0000, 0x0000, 0x0000, 0x0000, 0x0000, 0x0000, 0x0000, 0x0000, 0x0000, 0x0000, 0x0000, 0x0000, 0x0000, 0x0000, 0x0000,
    0x0000, 0x0000, 0x0000, 0x0000, 0x0000, 0x0000, 0x0000, 0x0000, 0x0000, 0x0000, 0x0000, 0x0000, 0x0000, 0x0000, 0x0000, 0x0000,
    0x0000, 0x0000, 0x0000, 0x0000, 0x0000, 0x0000, 0x0000, 0x0000, 0x0000, 0x0000, 0x0000, 0x0000, 0x0000, 0x0000, 0x0000, 0x0000,
    0x0000, 0x0000, 0x0000, 0x0000, 0x0000, 0x0000, 0x0000, 0x0000, 0x0000, 0x0000, 0x0000, 0x0000, 0x0000, 0x0000, 0x0000, 0x0000,
    0x0000, 0x0000, 0x0000, 0x0000, 0x0000, 0x0000, 0x0000, 0x0000, 0x0000, 0x0000, 0x0000, 0x0000, 0x0000, 0x0000, 0x0000, 0x0000,
    0x0000, 0x0000, 0x0000, 0x0000, 0x0000, 0x0000, 0x0000, 0x0000, 0x0000, 0x0000, 0x0000, 0x0000, 0x0000, 0x0000, 0x0000, 0x0000,
    0x0000, 0x0000, 0x0000, 0x0000, 0x0000, 0x0000, 0x0000, 0x0000, 0x0000, 0x0000, 0x0000, 0x0000, 0x0000, 0x0000, 0x0000, 0x0000,
    0x0000, 0x0000, 0x0000, 0x0000, 0x0000, 0x0000, 0x0000, 0x0000, 0x0000, 0x0000, 0x0000, 0x0000, 0x0000, 0x0000, 0x0000, 0x0000,
    0x0000, 0x0000, 0x0000, 0x0000, 0x0000, 0x0000, 0x0000, 0x0000, 0x0000, 0x0000, 0x0000, 0x0000, 0x0000, 0x0000, 0x0000, 0x0000,
    0x0000, 0x0000, 0x0000, 0xA400, 0xB703, 0x9703, 0x9703, 0x9803, 0x9703, 0x9703, 0x9703, 0x9703, 0x9703, 0x9703, 0x9703, 0x9703,
    0x9703, 0x9703, 0x9703, 0x9703, 0x9703, 0x9703, 0x9703, 0x7703, 0x9703, 0x760B, 0xE600, 0x0000, 0x0000, 0x0000, 0x0000, 0x0000,
    0x0000, 0x0000, 0x0000, 0x0000, 0x0000, 0x0000, 0x0000, 0x0000, 0x0000, 0x0000, 0x0000, 0x0000, 0x0000, 0x0000, 0x0000, 0x0000,
    0x0000, 0x0000, 0x0000, 0x0000, 0x0000, 0x0000, 0x0000, 0x0000, 0x0000, 0x0000, 0x0000, 0x0000, 0x0000, 0x0000, 0x0000, 0x0000,
    0x0000, 0x0000, 0x0000, 0x0000, 0x0000, 0xE100, 0x290C, 0x8804, 0x8804, 0x8804, 0xA804, 0x8804, 0x8804, 0x8804, 0x8804, 0x8804,
    0x8804, 0x8804, 0x8804, 0x8804, 0x8804, 0x8804, 0x8804, 0x8804, 0xA804, 0x8804, 0xA90C, 0x850A, 0x0000, 0x0000, 0x0000, 0x0000,
    0x0000, 0x0000, 0x0000, 0x0000, 0x0000, 0x0000, 0x0000, 0x0000, 0x0000, 0x0000, 0x0000, 0x0000, 0x0000, 0x0000, 0x0000, 0x0000,
    0x0000, 0x0000, 0x0000, 0x0000, 0x0000, 0x0000, 0x0000, 0x0000, 0x0000, 0x0000, 0x0000, 0x0000, 0x0000, 0x0000, 0x0000, 0x0000,
    0x0000, 0x0000, 0x0000, 0x0000, 0x0000, 0x0000, 0x0000, 0x0000, 0x0000, 0x0000, 0x0000, 0x0000, 0x0000, 0x0000, 0x0000, 0x0000,
    0x0000, 0x0000, 0x0000, 0x0000, 0x0000, 0x0000, 0x0000, 0x0000, 0x0000, 0x0000, 0x0000, 0x0000, 0x0000, 0x0000, 0x0000, 0x0000,
    0x0000, 0x0000, 0x0000, 0x0000, 0x0000, 0x0000, 0x0000, 0x0000, 0x0000, 0x0000, 0x0000, 0x0000, 0x0000, 0x0000, 0x0000, 0x0000,
    0x0000, 0x0000, 0x0000, 0x0000, 0x0000, 0x0000, 0x0000, 0x0000, 0x0000, 0x0000, 0x0000, 0x0000, 0x0000, 0x0000, 0x0000, 0x0000,
    0x0000, 0x0000, 0x0000, 0x0000, 0x0000, 0x0000, 0x0000, 0x0000, 0x0000, 0x0000, 0x0000, 0x0000, 0x0000, 0x0000, 0x0000, 0x0000,
    0x0000, 0x0000, 0x0000, 0x0000, 0x0000, 0x0000, 0x0000, 0x0000, 0x0000, 0x0000, 0x0000, 0x0000, 0x0000, 0x0000, 0x0000, 0x0000,
    0x0000, 0x0000, 0x0000, 0x0000, 0x0000, 0x0000, 0x0000, 0x0000, 0x0000, 0x0000, 0x0000, 0x0000, 0x0000, 0x0000, 0x0000, 0x0000,
    0x0000, 0x0000, 0x0000, 0xA400, 0xB703, 0x9703, 0x9703, 0x9803, 0x9703, 0x9703, 0x9703, 0x9703, 0x9703, 0x9703, 0x9703, 0x9703,
    0x9703, 0x9703, 0x9703, 0x9703, 0x9703, 0x9703, 0x9703, 0x7703, 0xB803, 0xED09, 0x0000, 0x0000, 0x0000, 0x0000, 0x0000, 0x0000,
    0x0000, 0x0000, 0x0000, 0x0000, 0x0000, 0x0000, 0x0000, 0x0000, 0x0000, 0x0000, 0x0000, 0x0000, 0x0000, 0x0000, 0x0000, 0x0000,
    0x0000, 0x0000, 0x0000, 0x0000, 0x0000, 0x0000, 0x0000, 0x0000, 0x0000, 0x0000, 0x0000, 0x0000, 0x0000, 0x0000, 0x0000, 0x0000,
    0x0000, 0x0000, 0x0000, 0x0000, 0x0000, 0x0000, 0x2402, 0xA90C, 0x6804, 0x8804, 0x8804, 0x8804, 0x8804, 0x8804, 0x8804, 0x8804,
    0x8804, 0x8804, 0x8804, 0x8804, 0x8804, 0x8804, 0x8804, 0x8804, 0xA804, 0x8804, 0xA90C, 0x850A, 0x0000, 0x0000, 0x0000, 0x0000,
    0x0000, 0x0000, 0x0000, 0x0000, 0x0000, 0x0000, 0x0000, 0x0000, 0x0000, 0x0000, 0x0000, 0x0000, 0x0000, 0x0000, 0x0000, 0x0000,
    0x0000, 0x0000, 0x0000, 0x0000, 0x0000, 0x0000, 0x0000, 0x0000, 0x0000, 0x0000, 0x0000, 0x0000, 0x0000, 0x0000, 0x0000, 0x0000,
    0x0000, 0x0000, 0x0000, 0x0000, 0x0000, 0x0000, 0x0000, 0x0000, 0x0000, 0x0000, 0x0000, 0x0000, 0x0000, 0x0000, 0x0000, 0x0000,
    0x0000, 0x0000, 0x0000, 0x0000, 0x0000, 0x0000, 0x0000, 0x0000, 0x0000, 0x0000, 0x0000, 0x0000, 0x0000, 0x0000, 0x0000, 0x0000,
    0x0000, 0x0000, 0x0000, 0x0000, 0x0000, 0x0000, 0x0000, 0x0000, 0x0000, 0x0000, 0x0000, 0x0000, 0x0000, 0x0000, 0x0000, 0x0000,
    0x0000, 0x0000, 0x0000, 0x0000, 0x0000, 0x0000, 0x0000, 0x0000, 0x0000, 0x0000, 0x0000, 0x0000, 0x0000, 0x0000, 0x0000, 0x0000,
    0x0000, 0x0000, 0x0000, 0x0000, 0x0000, 0x0000, 0x0000, 0x0000, 0x0000, 0x0000, 0x0000, 0x0000, 0x0000, 0x0000, 0x0000, 0x0000,
    0x0000, 0x0000, 0x0000, 0x0000, 0x0000, 0x0000, 0x0000, 0x0000, 0x0000, 0x0000, 0x0000, 0x0000, 0x0000, 0x0000, 0x0000, 0x0000,
    0x0000, 0x0000, 0x0000, 0x0000, 0x0000, 0x0000, 0x0000, 0x0000, 0x0000, 0x0000, 0x0000, 0x0000, 0x0000, 0x0000, 0x0000, 0x0000,
    0x0000, 0x0000, 0x0000, 0xA400, 0xB703, 0x9703, 0x9703, 0x9803, 0x9703, 0x9703, 0x9703, 0x9703, 0x9703, 0x9703, 0x9703, 0x9703,
    0x9703, 0x9703, 0x9703, 0x9703, 0x9703, 0x9703, 0x9703, 0x9703, 0xF20A, 0x4200, 0x0000, 0x0000, 0x0000, 0x0000, 0x0000, 0x0000,
    0x0000, 0x0000, 0x0000, 0x0000, 0x0000, 0x0000, 0x0000, 0x0000, 0x0000, 0x0000, 0x0000, 0x0000, 0x0000, 0x0000, 0x0000, 0x0000,
    0x0000, 0x0000, 0x0000, 0x0000, 0x0000, 0x0000, 0x0000, 0x0000, 0x0000, 0x0000, 0x0000, 0x0000, 0x0000, 0x0000, 0x0000, 0x0000,
    0x0000, 0x0000, 0x0000, 0x0000, 0x0008, 0x2000, 0x6000, 0x860B, 0x890C, 0x6804, 0x8804, 0xA804, 0x8804, 0x8804, 0x8804, 0x8804,
    0x8804, 0x8804, 0x8804, 0x8804, 0x8804, 0x8804, 0x8804, 0x8804, 0xA804, 0x8804, 0xA90C, 0x850A, 0x0000, 0x0000, 0x0000, 0x0000,
    0x0000, 0x0000, 0x0000, 0x0000, 0x0000, 0x0000, 0x0000, 0x0000, 0x0000, 0x0000, 0x0000, 0x0000, 0x0000, 0x0000, 0x0000, 0x0000,
    0x0000, 0x0000, 0x0000, 0x0000, 0x0000, 0x0000, 0x0000, 0x0000, 0x0000, 0x0000, 0x0000, 0x0000, 0x0000, 0x0000, 0x0000, 0x0000,
    0x0000, 0x0000, 0x0000, 0x0000, 0x0000, 0x0000, 0x0000, 0x0000, 0x0000, 0x0000, 0x0000, 0x0000, 0x0000, 0x0000, 0x0000, 0x0000,
    0x0000, 0x0000, 0x0000, 0x0000, 0x0000, 0x0000, 0x0000, 0x0000, 0x0000, 0x0000, 0x0000, 0x0000, 0x0000, 0x0000, 0x0000, 0x0000,
    0x0000, 0x0000, 0x0000, 0x0000, 0x0000, 0x0000, 0x0000, 0x0000, 0x0000, 0x0000, 0x0000, 0x0000, 0x0000, 0x0000, 0x0000, 0x0000,
    0x0000, 0x0000, 0x0000, 0x0000, 0x0000, 0x0000, 0x0000, 0x0000, 0x0000, 0x0000, 0x0000, 0x0000, 0x0000, 0x0000, 0x0000, 0x0000,
    0x0000, 0x0000, 0x0000, 0x0000, 0x0000, 0x0000, 0x0000, 0x0000, 0x0000, 0x0000, 0x0000, 0x0000, 0x0000, 0x0000, 0x0000, 0x0000,
    0x0000, 0x0000, 0x0000, 0x0000, 0x0000, 0x0000, 0x0000, 0x0000, 0x0000, 0x0000, 0x0000, 0x0000, 0x0000, 0x0000, 0x0000, 0x0000,
    0x0000, 0x0000, 0x0000, 0x0000, 0x0000, 0x0000, 0x0000, 0x0000, 0x0000, 0x0000, 0x0000, 0x0000, 0x0000, 0x0000, 0x0000, 0x0000,
    0x0000, 0x0000, 0x0000, 0xA400, 0xB703, 0x9703, 0x9703, 0x9803, 0x9703, 0x9703, 0x9703, 0x9703, 0x9703, 0x9703, 0x9703, 0x9703,
    0x9703, 0x9703, 0x9703, 0x9703, 0x9703, 0x9703, 0x9703, 0x9703, 0x2701, 0x0000, 0x0008, 0x0000, 0x0000, 0x0000, 0x0000, 0x0000,
    0x0000, 0x0000, 0x0000, 0x0000, 0x0000, 0x0000, 0x0000, 0x0000, 0x0000, 0x0000, 0x0000, 0x0000, 0x0000, 0x0000, 0x0000, 0x0000,
    0x0000, 0x0000, 0x0000, 0x0000, 0x0000, 0x0000, 0x0000, 0x0000, 0x0000, 0x0000, 0x0000, 0x0000, 0x0000, 0x0000, 0x0000, 0x0000,
    0x0000, 0x0000, 0x0000, 0x0000, 0x0000, 0x2000, 0x0000, 0x0101, 0x490C, 0x8904, 0x8804, 0xA804, 0xA804, 0x8804, 0x8804, 0x8804,
    0x8804, 0x8804, 0x8804, 0x8804, 0x8804, 0x8804, 0xA804, 0x8804, 0xA804, 0xA804, 0x890C, 0x6512, 0x0000, 0x0000, 0x0000, 0x0000,
    0x0000, 0x0000, 0x0000, 0x0000, 0x0000, 0x0000, 0x0000, 0x0000, 0x0000, 0x0000, 0x0000, 0x0000, 0x0000, 0x0000, 0x0000, 0x0000,
    0x0000, 0x0000, 0x0000, 0x0000, 0x0000, 0x0000, 0x0000, 0x0000, 0x0000, 0x0000, 0x0000, 0x0000, 0x0000, 0x0000, 0x0000, 0x0000,
    0x0000, 0x0000, 0x0000, 0x0000, 0x0000, 0x0000, 0x0000, 0x0000, 0x0000, 0x0000, 0x0000, 0x0000, 0x0000, 0x0000, 0x0000, 0x0000,
    0x0000, 0x0000, 0x0000, 0x0000, 0x0000, 0x0000, 0x0000, 0x0000, 0x0000, 0x0000, 0x0000, 0x0000, 0x0000, 0x0000, 0x0000, 0x0000,
    0x0000, 0x0000, 0x0000, 0x0000, 0x0000, 0x0000, 0x0000, 0x0000, 0x0000, 0x0000, 0x0000, 0x0000, 0x0000, 0x0000, 0x0000, 0x0000,
    0x0000, 0x0000, 0x0000, 0x0000, 0x0000, 0x0000, 0x0000, 0x0000, 0x0000, 0x0000, 0x0000, 0x0000, 0x0000, 0x0000, 0x0000, 0x0000,
    0x0000, 0x0000, 0x0000, 0x0000, 0x0000, 0x0000, 0x0000, 0x0000, 0x0000, 0x0000, 0x0000, 0x0000, 0x0000, 0x0000, 0x0000, 0x0000,
    0x0000, 0x0000, 0x0000, 0x0000, 0x0000, 0x0000, 0x0000, 0x0000, 0x0000, 0x0000, 0x0000, 0x0000, 0x0000, 0x0000, 0x0000, 0x0000,
    0x0000, 0x0000, 0x0000, 0x0000, 0x0000, 0x0000, 0x0000, 0x0000, 0x0000, 0x0000, 0x0000, 0x0000, 0x0000, 0x0000, 0x0000, 0x0000,
    0x0000, 0x0000, 0x0008, 0xA500, 0xB803, 0x9703, 0x9703, 0x9803, 0x9703, 0x9703, 0x9703, 0x9703, 0x9703, 0x9703, 0x9703, 0x9703,
    0x9703, 0x9703, 0x9803, 0xB703, 0x9603, 0x7603, 0xD803, 0x0D0A, 0x0100, 0x0000, 0x0000, 0x0000, 0x0000, 0x0000, 0x0000, 0x0000,
    0x0000, 0x0000, 0x0000, 0x0000, 0x0000, 0x0000, 0x0000, 0x0000, 0x0000, 0x0000, 0x0000, 0x0000, 0x0000, 0x0000, 0x0000, 0x0000,
    0x0000, 0x0000, 0x0000, 0x0000, 0x0000, 0x0000, 0x0000, 0x0000, 0x0000, 0x0000, 0x0000, 0x0000, 0x0000, 0x0000, 0x0000, 0x0000,
    0x0000, 0x0000, 0x0000, 0x0000, 0x0000, 0x0000, 0x0000, 0x0000, 0x240A, 0xAA04, 0xA804, 0x8804, 0x8804, 0x8804, 0x8804, 0x8804,
    0x8804, 0x8804, 0x8804, 0x8804, 0x8804, 0x8804, 0xA804, 0x8804, 0x8804, 0xA804, 0xA90C, 0x8512, 0x0000, 0x0000, 0x0000, 0x0000,
    0x0000, 0x0000, 0x0000, 0x0000, 0x0000, 0x0000, 0x0000, 0x0000, 0x0000, 0x0000, 0x0000, 0x0000, 0x0000, 0x0000, 0x0000, 0x0000,
    0x0000, 0x0000, 0x0000, 0x0000, 0x0000, 0x0000, 0x0000, 0x0000, 0x0000, 0x0000, 0x0000, 0x0000, 0x0000, 0x0000, 0x0000, 0x0000,
    0x0000, 0x0000, 0x0000, 0x0000, 0x0000, 0x0000, 0x0000, 0x0000, 0x0000, 0x0000, 0x0000, 0x0000, 0x0000, 0x0000, 0x0000, 0x0000,
    0x0000, 0x0000, 0x0000, 0x0000, 0x0000, 0x0000, 0x0000, 0x0000, 0x0000, 0x0000, 0x0000, 0x0000, 0x0000, 0x0000, 0x0000, 0x0000,
    0x0000, 0x0000, 0x0000, 0x0000, 0x0000, 0x0000, 0x0000, 0x0000, 0x0000, 0x0000, 0x0000, 0x0000, 0x0000, 0x0000, 0x0000, 0x0000,
    0x0000, 0x0000, 0x0000, 0x0000, 0x0000, 0x0000, 0x0000, 0x0000, 0x0000, 0x0000, 0x0000, 0x0000, 0x0000, 0x0000, 0x0000, 0x0000,
    0x0000, 0x0000, 0x0000, 0x0000, 0x0000, 0x0000, 0x0000, 0x0000, 0x0000, 0x0000, 0x0000, 0x0000, 0x0000, 0x0000, 0x0000, 0x0000,
    0x0000, 0x0000, 0x0000, 0x0000, 0x0000, 0x0000, 0x0000, 0x0000, 0x0000, 0x0000, 0x0000, 0x0000, 0x0000, 0x0000, 0x0000, 0x0000,
    0x0000, 0x0000, 0x0000, 0x0000, 0x0000, 0x0000, 0x0000, 0x0000, 0x0000, 0x0000, 0x0000, 0x0000, 0x0000, 0x0000, 0x0000, 0x0000,
    0x0000, 0x0000, 0x0008, 0xA500, 0x9803, 0x9703, 0x9703, 0x9803, 0x9703, 0x9703, 0x9703, 0x9703, 0x9703, 0x9703, 0x9703, 0x9803,
    0x9703, 0x9603, 0x9703, 0x9803, 0x9703, 0x960B, 0xF20A, 0x4300, 0x0000, 0x0000, 0x0000, 0x0000, 0x0000, 0x0000, 0x0000, 0x0000,
    0x0000, 0x0000, 0x0000, 0x0000, 0x0000, 0x0000, 0x0000, 0x0000, 0x0000, 0x0000, 0x0000, 0x0000, 0x0000, 0x0000, 0x0000, 0x0000,
    0x0000, 0x0000, 0x0000, 0x0000, 0x0000, 0x0000, 0x0000, 0x0000, 0x0000, 0x0000, 0x0000, 0x0000, 0x0000, 0x0000, 0x0000, 0x0000,
    0x0000, 0x0000, 0x0000, 0x0000, 0x0000, 0x0000, 0x0000, 0x2000, 0x2000, 0x470B, 0xA904, 0x680C, 0x680C, 0x8804, 0xA804, 0x8804,
    0x8804, 0x8804, 0x8804, 0x8804, 0x8804, 0x8804, 0x8804, 0x8804, 0x680C, 0x8804, 0xC904, 0x650A, 0x0000, 0x0000, 0x0000, 0x0000,
    0x0000, 0x0000, 0x0000, 0x0000, 0x0000, 0x0000, 0x0000, 0x0000, 0x0000, 0x0000, 0x0000, 0x0000, 0x0000, 0x0000, 0x0000, 0x0000,
    0x0000, 0x0000, 0x0000, 0x0000, 0x0000, 0x0000, 0x0000, 0x0000, 0x0000, 0x0000, 0x0000, 0x0000, 0x0000, 0x0000, 0x0000, 0x0000,
    0x0000, 0x0000, 0x0000, 0x0000, 0x0000, 0x0000, 0x0000, 0x0000, 0x0000, 0x0000, 0x0000, 0x0000, 0x0000, 0x0000, 0x0000, 0x0000,
    0x0000, 0x0000, 0x0000, 0x0000, 0x0000, 0x0000, 0x0000, 0x0000, 0x0000, 0x0000, 0x0000, 0x0000, 0x0000, 0x0000, 0x0000, 0x0000,
    0x0000, 0x0000, 0x0000, 0x0000, 0x0000, 0x0000, 0x0000, 0x0000, 0x0000, 0x0000, 0x0000, 0x0000, 0x0000, 0x0000, 0x0000, 0x0000,
    0x0000, 0x0000, 0x0000, 0x0000, 0x0000, 0x0000, 0x0000, 0x0000, 0x0000, 0x0000, 0x0000, 0x0000, 0x0000, 0x0000, 0x0000, 0x0000,
    0x0000, 0x0000, 0x0000, 0x0000, 0x0000, 0x0000, 0x0000, 0x0000, 0x0000, 0x0000, 0x0000, 0x0000, 0x0000, 0x0000, 0x0000, 0x0000,
    0x0000, 0x0000, 0x0000, 0x0000, 0x0000, 0x0000, 0x0000, 0x0000, 0x0000, 0x0000, 0x0000, 0x0000, 0x0000, 0x0000, 0x0000, 0x0000,
    0x0000, 0x0000, 0x0000, 0x0000, 0x0000, 0x0000, 0x0000, 0x0000, 0x0000, 0x0000, 0x0000, 0x0000, 0x0000, 0x0000, 0x0000, 0x0000,
    0x0000, 0x0100, 0x0000, 0x6300, 0x550B, 0x9703, 0x9603, 0x9703, 0x9703, 0x9703, 0x9703, 0x9703, 0x9703, 0x9703, 0x9703, 0x9803,
    0x7803, 0x7703, 0x9603, 0x9803, 0x9903, 0x750B, 0xE608, 0x0000, 0x0100, 0x0000, 0x0000, 0x0000, 0x0000, 0x0000, 0x0000, 0x0000,
    0x0000, 0x0000, 0x0000, 0x0000, 0x0000, 0x0000, 0x0000, 0x0000, 0x0000, 0x0000, 0x0000, 0x0000, 0x0000, 0x0000, 0x0000, 0x0000,
    0x0000, 0x0000, 0x0000, 0x0000, 0x0000, 0x0000, 0x0000, 0x0000, 0x0000, 0x0000, 0x0000, 0x0000, 0x0000, 0x0000, 0x0000, 0x0000,
    0x0000, 0x0000, 0x0000, 0x0000, 0x0000, 0x0000, 0x0000, 0x0000, 0x0000, 0xC100, 0x090C, 0x8904, 0x8804, 0x8804, 0xA804, 0x8804,
    0x8804, 0x8804, 0x8804, 0x8804, 0x8804, 0x8804, 0x8804, 0x8804, 0x8804, 0xA804, 0xA90C, 0x8201, 0x0000, 0x0000, 0x0000, 0x0000,
    0x0000, 0x0000, 0x0000, 0x0000, 0x0000, 0x0000, 0x0000, 0x0000, 0x0000, 0x0000, 0x0000, 0x0000, 0x0000, 0x0000, 0x0000, 0x0000,
    0x0000, 0x0000, 0x0000, 0x0000, 0x0000, 0x0000, 0x0000, 0x0000, 0x0000, 0x0000, 0x0000, 0x0000, 0x0000, 0x0000, 0x0000, 0x0000,
    0x0000, 0x0000, 0x0000, 0x0000, 0x0000, 0x0000, 0x0000, 0x0000, 0x0000, 0x0000, 0x0000, 0x0000, 0x0000, 0x0000, 0x0000, 0x0000,
    0x0000, 0x0000, 0x0000, 0x0000, 0x0000, 0x0000, 0x0000, 0x0000, 0x0000, 0x0000, 0x0000, 0x0000, 0x0000, 0x0000, 0x0000, 0x0000,
    0x0000, 0x0000, 0x0000, 0x0000, 0x0000, 0x0000, 0x0000, 0x0000, 0x0000, 0x0000, 0x0000, 0x0000, 0x0000, 0x0000, 0x0000, 0x0000,
    0x0000, 0x0000, 0x0000, 0x0000, 0x0000, 0x0000, 0x0000, 0x0000, 0x0000, 0x0000, 0x0000, 0x0000, 0x0000, 0x0000, 0x0000, 0x0000,
    0x0000, 0x0000, 0x0000, 0x0000, 0x0000, 0x0000, 0x0000, 0x0000, 0x0000, 0x0000, 0x0000, 0x0000, 0x0000, 0x0000, 0x0000, 0x0000,
    0x0000, 0x0000, 0x0000, 0x0000, 0x0000, 0x0000, 0x0000, 0x0000, 0x0000, 0x0000, 0x0000, 0x0000, 0x0000, 0x0000, 0x0000, 0x0000,
    0x0000, 0x0000, 0x0000, 0x0000, 0x0000, 0x0000, 0x0000, 0x0000, 0x0000, 0x0000, 0x0000, 0x0000, 0x0000, 0x0000, 0x0000, 0x0000,
    0x0000, 0x0100, 0x0000, 0x2100, 0xD112, 0xB703, 0x9703, 0x9703, 0x9703, 0x9703, 0x9703, 0x9703, 0x9703, 0x9703, 0x9703, 0x9703,
    0x9703, 0x9703, 0x7703, 0x7803, 0xB80B, 0xCC09, 0x0000, 0x0000, 0x0000, 0x0000, 0x0000, 0x0000, 0x0000, 0x0000, 0x0000, 0x0000,
    0x0000, 0x0000, 0x0000, 0x0000, 0x0000, 0x0000, 0x0000, 0x0000, 0x0000, 0x0000, 0x0000, 0x0000, 0x0000, 0x0000, 0x0000, 0x0000,
    0x0000, 0x0000, 0x0000, 0x0000, 0x0000, 0x0000, 0x0000, 0x0000, 0x0000, 0x0000, 0x0000, 0x0000, 0x0000, 0x0000, 0x0000, 0x0000,
    0x0000, 0x0000, 0x0000, 0x0000, 0x0000, 0x0000, 0x0000, 0x0000, 0x0000, 0x0000, 0xA301, 0x8A04, 0x8904, 0x8804, 0x8804, 0x8804,
    0x8804, 0x8804, 0x8804, 0x8804, 0x8804, 0x8804, 0xA804, 0x8804, 0x8804, 0xC904, 0xC80B, 0x6000, 0x0008, 0x0000, 0x0000, 0x0000,
    0x0000, 0x0000, 0x0000, 0x0000, 0x0000, 0x0000, 0x0000, 0x0000, 0x0000, 0x0000, 0x0000, 0x0000, 0x0000, 0x0000, 0x0000, 0x0000,
    0x0000, 0x0000, 0x0000, 0x0000, 0x0000, 0x0000, 0x0000, 0x0000, 0x0000, 0x0000, 0x0000, 0x0000, 0x0000, 0x0000, 0x0000, 0x0000,
    0x0000, 0x0000, 0x0000, 0x0000, 0x0000, 0x0000, 0x0000, 0x0000, 0x0000, 0x0000, 0x0000, 0x0000, 0x0000, 0x0000, 0x0000, 0x0000,
    0x0000, 0x0000, 0x0000, 0x0000, 0x0000, 0x0000, 0x0000, 0x0000, 0x0000, 0x0000, 0x0000, 0x0000, 0x0000, 0x0000, 0x0000, 0x0000,
    0x0000, 0x0000, 0x0000, 0x0000, 0x0000, 0x0000, 0x0000, 0x0000, 0x0000, 0x0000, 0x0000, 0x0000, 0x0000, 0x0000, 0x0000, 0x0000,
    0x0000, 0x0000, 0x0000, 0x0000, 0x0000, 0x0000, 0x0000, 0x0000, 0x0000, 0x0000, 0x0000, 0x0000, 0x0000, 0x0000, 0x0000, 0x0000,
    0x0000, 0x0000, 0x0000, 0x0000, 0x0000, 0x0000, 0x0000, 0x0000, 0x0000, 0x0000, 0x0000, 0x0000, 0x0000, 0x0000, 0x0000, 0x0000,
    0x0000, 0x0000, 0x0000, 0x0000, 0x0000, 0x0000, 0x0000, 0x0000, 0x0000, 0x0000, 0x0000, 0x0000, 0x0000, 0x0000, 0x0000, 0x0000,
    0x0000, 0x0000, 0x0000, 0x0000, 0x0000, 0x0000, 0x0000, 0x0000, 0x0000, 0x0000, 0x0000, 0x0000, 0x0000, 0x0000, 0x0000, 0x0000,
    0x0000, 0x0000, 0x0000, 0x0000, 0xAB09, 0xB70B, 0x7703, 0xB803, 0x9703, 0x9703, 0x9703, 0x9703, 0x9703, 0x9703, 0x9703, 0x9703,
    0x9703, 0xB703, 0x7803, 0xB703, 0x900A, 0x2200, 0x0000, 0x0000, 0x0000, 0x0000, 0x0000, 0x0000, 0x0000, 0x0000, 0x0000, 0x0000,
    0x0000, 0x0000, 0x0000, 0x0000, 0x0000, 0x0000, 0x0000, 0x0000, 0x0000, 0x0000, 0x0000, 0x0000, 0x0000, 0x0000, 0x0000, 0x0000,
    0x0000, 0x0000, 0x0000, 0x0000, 0x0000, 0x0000, 0x0000, 0x0000, 0x0000, 0x0000, 0x0000, 0x0000, 0x0000, 0x0000, 0x0000, 0x0000,
    0x0000, 0x0000, 0x0000, 0x0000, 0x0000, 0x0000, 0x0000, 0x0000, 0x0000, 0x0000, 0x0000, 0xA502, 0xAA04, 0x8804, 0x8804, 0x8804,
    0x8804, 0x8804, 0x8804, 0x8804, 0x8804, 0x8804, 0xA804, 0x8804, 0x8904, 0x8A0C, 0xA301, 0x0000, 0x0000, 0x0000, 0x0000, 0x0000,
    0x0000, 0x0000, 0x0000, 0x0000, 0x0000, 0x0000, 0x0000, 0x0000, 0x0000, 0x0000, 0x0000, 0x0000, 0x0000, 0x0000, 0x0000, 0x0000,
    0x0000, 0x0000, 0x0000, 0x0000, 0x0000, 0x0000, 0x0000, 0x0000, 0x0000, 0x0000, 0x0000, 0x0000, 0x0000, 0x0000, 0x0000, 0x0000,
    0x0000, 0x0000, 0x0000, 0x0000, 0x0000, 0x0000, 0x0000, 0x0000, 0x0000, 0x0000, 0x0000, 0x0000, 0x0000, 0x0000, 0x0000, 0x0000,
    0x0000, 0x0000, 0x0000, 0x0000, 0x0000, 0x0000, 0x0000, 0x0000, 0x0000, 0x0000, 0x0000, 0x0000, 0x0000, 0x0000, 0x0000, 0x0000,
    0x0000, 0x0000, 0x0000, 0x0000, 0x0000, 0x0000, 0x0000, 0x0000, 0x0000, 0x0000, 0x0000, 0x0000, 0x0000, 0x0000, 0x0000, 0x0000,
    0x0000, 0x0000, 0x0000, 0x0000, 0x0000, 0x0000, 0x0000, 0x0000, 0x0000, 0x0000, 0x0000, 0x0000, 0x0000, 0x0000, 0x0000, 0x0000,
    0x0000, 0x0000, 0x0000, 0x0000, 0x0000, 0x0000, 0x0000, 0x0000, 0x0000, 0x0000, 0x0000, 0x0000, 0x0000, 0x0000, 0x0000, 0x0000,
    0x0000, 0x0000, 0x0000, 0x0000, 0x0000, 0x0000, 0x0000, 0x0000, 0x0000, 0x0000, 0x0000, 0x0000, 0x0000, 0x0000, 0x0000, 0x0000,
    0x0000, 0x0000, 0x0000, 0x0000, 0x0000, 0x0000, 0x0000, 0x0000, 0x0000, 0x0000, 0x0000, 0x0000, 0x0000, 0x0000, 0x0000, 0x0000,
    0x0000, 0x0000, 0x0000, 0x0000, 0x4400, 0xD212, 0xB70B, 0x9703, 0x9703, 0x9703, 0x9703, 0x9703, 0x9703, 0x9703, 0x9703, 0x9703,
    0x9703, 0x9703, 0xD803, 0x3313, 0x8300, 0x0000, 0x0000, 0x0000, 0x0000, 0x0000, 0x0000, 0x0000, 0x0000, 0x0000, 0x0000, 0x0000,
    0x0000, 0x0000, 0x0000, 0x0000, 0x0000, 0x0000, 0x0000, 0x0000, 0x0000, 0x0000, 0x0000, 0x0000, 0x0000, 0x0000, 0x0000, 0x0000,
    0x0000, 0x0000, 0x0000, 0x0000, 0x0000, 0x0000, 0x0000, 0x0000, 0x0000, 0x0000, 0x0000, 0x0000, 0x0000, 0x0000, 0x0000, 0x0000,
    0x0000, 0x0000, 0x0000, 0x0000, 0x0000, 0x0000, 0x0000, 0x0000, 0x0000, 0x0000, 0x0000, 0x4000, 0x4713, 0x890C, 0x8804, 0x8804,
    0x8804, 0x8804, 0x8804, 0x8804, 0x8804, 0x8804, 0x8804, 0x8804, 0x6A14, 0x450A, 0x0000, 0x0000, 0x0000, 0x0000, 0x0000, 0x0000,
    0x0000, 0x0000, 0x0000, 0x0000, 0x0000, 0x0000, 0x0000, 0x0000, 0x0000, 0x0000, 0x0000, 0x0000, 0x0000, 0x0000, 0x0000, 0x0000,
    0x0000, 0x0000, 0x0000, 0x0000, 0x0000, 0x0000, 0x0000, 0x0000, 0x0000, 0x0000, 0x0000, 0x0000, 0x0000, 0x0000, 0x0000, 0x0000,
    0x0000, 0x0000, 0x0000, 0x0000, 0x0000, 0x0000, 0x0000, 0x0000, 0x0000, 0x0000, 0x0000, 0x0000, 0x0000, 0x0000, 0x0000, 0x0000,
    0x0000, 0x0000, 0x0000, 0x0000, 0x0000, 0x0000, 0x0000, 0x0000, 0x0000, 0x0000, 0x0000, 0x0000, 0x0000, 0x0000, 0x0000, 0x0000,
    0x0000, 0x0000, 0x0000, 0x0000, 0x0000, 0x0000, 0x0000, 0x0000, 0x0000, 0x0000, 0x0000, 0x0000, 0x0000, 0x0000, 0x0000, 0x0000,
    0x0000, 0x0000, 0x0000, 0x0000, 0x0000, 0x0000, 0x0000, 0x0000, 0x0000, 0x0000, 0x0000, 0x0000, 0x0000, 0x0000, 0x0000, 0x0000,
    0x0000, 0x0000, 0x0000, 0x0000, 0x0000, 0x0000, 0x0000, 0x0000, 0x0000, 0x0000, 0x0000, 0x0000, 0x0000, 0x0000, 0x0000, 0x0000,
    0x0000, 0x0000, 0x0000, 0x0000, 0x0000, 0x0000, 0x0000, 0x0000, 0x0000, 0x0000, 0x0000, 0x0000, 0x0000, 0x0000, 0x0000, 0x0000,
    0x0000, 0x0000, 0x0000, 0x0000, 0x0000, 0x0000, 0x0000, 0x0000, 0x0000, 0x0000, 0x0000, 0x0000, 0x0000, 0x0000, 0x0000, 0x0000,
    0x0000, 0x0000, 0x0000, 0x0000, 0x0000, 0x8500, 0xF112, 0xB703, 0x7703, 0x9703, 0x9703, 0x9703, 0x9703, 0x9703, 0x9703, 0x9703,
    0x7703, 0x9803, 0x950B, 0x2701, 0x0000, 0x2000, 0x0000, 0x0000, 0x0000, 0x0000, 0x0000, 0x0000, 0x0000, 0x0000, 0x0000, 0x0000,
    0x0000, 0x0000, 0x0000, 0x0000, 0x0000, 0x0000, 0x0000, 0x0000, 0x0000, 0x0000, 0x0000, 0x0000, 0x0000, 0x0000, 0x0000, 0x0000,
    0x0000, 0x0000, 0x0000, 0x0000, 0x0000, 0x0000, 0x0000, 0x0000, 0x0000, 0x0000, 0x0000, 0x0000, 0x0000, 0x0000, 0x0000, 0x0000,
    0x0000, 0x0000, 0x0000, 0x0000, 0x0000, 0x0000, 0x0000, 0x0000, 0x0000, 0x2000, 0x0000, 0x0000, 0xA100, 0x080C, 0xC904, 0x8804,
    0x8804, 0x8804, 0x8804, 0x8804, 0x8804, 0x8804, 0x8804, 0x8914, 0x640A, 0x0000, 0x0000, 0x2000, 0x0000, 0x0000, 0x0000, 0x0000,
    0x0000, 0x0000, 0x0000, 0x0000, 0x0000, 0x0000, 0x0000, 0x0000, 0x0000, 0x0000, 0x0000, 0x0000, 0x0000, 0x0000, 0x0000, 0x0000,
    0x0000, 0x0000, 0x0000, 0x0000, 0x0000, 0x0000, 0x0000, 0x0000, 0x0000, 0x0000, 0x0000, 0x0000, 0x0000, 0x0000, 0x0000, 0x0000,
    0x0000, 0x0000, 0x0000, 0x0000, 0x0000, 0x0000, 0x0000, 0x0000, 0x0000, 0x0000, 0x0000, 0x0000, 0x0000, 0x0000, 0x0000, 0x0000,
    0x0000, 0x0000, 0x0000, 0x0000, 0x0000, 0x0000, 0x0000, 0x0000, 0x0000, 0x0000, 0x0000, 0x0000, 0x0000, 0x0000, 0x0000, 0x0000,
    0x0000, 0x0000, 0x0000, 0x0000, 0x0000, 0x0000, 0x0000, 0x0000, 0x0000, 0x0000, 0x0000, 0x0000, 0x0000, 0x0000, 0x0000, 0x0000,
    0x0000, 0x0000, 0x0000, 0x0000, 0x0000, 0x0000, 0x0000, 0x0000, 0x0000, 0x0000, 0x0000, 0x0000, 0x0000, 0x0000, 0x0000, 0x0000,
    0x0000, 0x0000, 0x0000, 0x0000, 0x0000, 0x0000, 0x0000, 0x0000, 0x0000, 0x0000, 0x0000, 0x0000, 0x0000, 0x0000, 0x0000, 0x0000,
    0x0000, 0x0000, 0x0000, 0x0000, 0x0000, 0x0000, 0x0000, 0x0000, 0x0000, 0x0000, 0x0000, 0x0000, 0x0000, 0x0000, 0x0000, 0x0000,
    0x0000, 0x0000, 0x0000, 0x0000, 0x0000, 0x0000, 0x0000, 0x0000, 0x0000, 0x0000, 0x0000, 0x0000, 0x0000, 0x0000, 0x0000, 0x0000,
    0x0100, 0x0000, 0x0000, 0x0000, 0x0008, 0x0000, 0xA500, 0x130B, 0xB703, 0x7703, 0x9703, 0x9803, 0x9703, 0x9703, 0x9703, 0x7703,
    0x7803, 0xB70B, 0xCC09, 0x0100, 0x0000, 0x0000, 0x0000, 0x0000, 0x0000, 0x0000, 0x0000, 0x0000, 0x0000, 0x0000, 0x0000, 0x0000,
    0x0000, 0x0000, 0x0000, 0x0000, 0x0000, 0x0000, 0x0000, 0x0000, 0x0000, 0x0000, 0x0000, 0x0000, 0x0000, 0x0000, 0x0000, 0x0000,
    0x0000, 0x0000, 0x0000, 0x0000, 0x0000, 0x0000, 0x0000, 0x0000, 0x0000, 0x0000, 0x0000, 0x0000, 0x0000, 0x0000, 0x0000, 0x0000,
    0x0000, 0x0000, 0x0000, 0x0000, 0x0000, 0x0000, 0x0000, 0x0000, 0x0000, 0x0000, 0x0000, 0x0000, 0x2000, 0x4201, 0xE913, 0xAA0C,
    0x8804, 0x8804, 0x8804, 0x8804, 0x8804, 0xA904, 0x4A14, 0x250A, 0x2000, 0x0000, 0x0000, 0x0000, 0x0000, 0x0000, 0x0000, 0x0000,
    0x0000, 0x0000, 0x0000, 0x0000, 0x0000, 0x0000, 0x0000, 0x0000, 0x0000, 0x0000, 0x0000, 0x0000, 0x0000, 0x0000, 0x0000, 0x0000,
    0x0000, 0x0000, 0x0000, 0x0000, 0x0000, 0x0000, 0x0000, 0x0000, 0x0000, 0x0000, 0x0000, 0x0000, 0x0000, 0x0000, 0x0000, 0x0000,
    0x0000, 0x0000, 0x0000, 0x0000, 0x0000, 0x0000, 0x0000, 0x0000, 0x0000, 0x0000, 0x0000, 0x0000, 0x0000, 0x0000, 0x0000, 0x0000,
    0x0000, 0x0000, 0x0000, 0x0000, 0x0000, 0x0000, 0x0000, 0x0000, 0x0000, 0x0000, 0x0000, 0x0000, 0x0000, 0x0000, 0x0000, 0x0000,
    0x0000, 0x0000, 0x0000, 0x0000, 0x0000, 0x0000, 0x0000, 0x0000, 0x0000, 0x0000, 0x0000, 0x0000, 0x0000, 0x0000, 0x0000, 0x0000,
    0x0000, 0x0000, 0x0000, 0x0000, 0x0000, 0x0000, 0x0000, 0x0000, 0x0000, 0x0000, 0x0000, 0x0000, 0x0000, 0x0000, 0x0000, 0x0000,
    0x0000, 0x0000, 0x0000, 0x0000, 0x0000, 0x0000, 0x0000, 0x0000, 0x0000, 0x0000, 0x0000, 0x0000, 0x0000, 0x0000, 0x0000, 0x0000,
    0x0000, 0x0000, 0x0000, 0x0000, 0x0000, 0x0000, 0x0000, 0x0000, 0x0000, 0x0000, 0x0000, 0x0000, 0x0000, 0x0000, 0x0000, 0x0000,
    0x0000, 0x0000, 0x0000, 0x0000, 0x0000, 0x0000, 0x0000, 0x0000, 0x0000, 0x0000, 0x0000, 0x0000, 0x0000, 0x0000, 0x0000, 0x0000,
    0x0000, 0x0000, 0x0000, 0x0000, 0x0000, 0x0000, 0x0000, 0x8500, 0x130B, 0xB60B, 0x7703, 0x7803, 0x9803, 0x9703, 0x9603, 0x9703,
    0xB613, 0x0D0A, 0x0200, 0x0000, 0x0000, 0x0000, 0x0000, 0x0000, 0x0000, 0x0000, 0x0000, 0x0000, 0x0000, 0x0000, 0x0000, 0x0000,
    0x0000, 0x0000, 0x0000, 0x0000, 0x0000, 0x0000, 0x0000, 0x0000, 0x0000, 0x0000, 0x0000, 0x0000, 0x0000, 0x0000, 0x0000, 0x0000,
    0x0000, 0x0000, 0x0000, 0x0000, 0x0000, 0x0000, 0x0000, 0x0000, 0x0000, 0x0000, 0x0000, 0x0000, 0x0000, 0x0000, 0x0000, 0x0000,
    0x0000, 0x0000, 0x0000, 0x0000, 0x0000, 0x0000, 0x0000, 0x0000, 0x0000, 0x0000, 0x0000, 0x0008, 0x0000, 0x2000, 0x2201, 0x670B,
    0x490C, 0xC904, 0xE904, 0xC904, 0x690C, 0xA80B, 0xC301, 0x4000, 0x0000, 0x0008, 0x0000, 0x0000, 0x0000, 0x0000, 0x0000, 0x0000,
    0x0000, 0x0000, 0x0000, 0x0000, 0x0000, 0x0000, 0x0000, 0x0000, 0x0000, 0x0000, 0x0000, 0x0000, 0x0000, 0x0000, 0x0000, 0x0000,
    0x0000, 0x0000, 0x0000, 0x0000, 0x0000, 0x0000, 0x0000, 0x0000, 0x0000, 0x0000, 0x0000, 0x0000, 0x0000, 0x0000, 0x0000, 0x0000,
    0x0000, 0x0000, 0x0000, 0x0000, 0x0000, 0x0000, 0x0000, 0x0000, 0x0000, 0x0000, 0x0000, 0x0000, 0x0000, 0x0000, 0x0000, 0x0000,
    0x0000, 0x0000, 0x0000, 0x0000, 0x0000, 0x0000, 0x0000, 0x0000, 0x0000, 0x0000, 0x0000, 0x0000, 0x0000, 0x0000, 0x0000, 0x0000,
    0x0000, 0x0000, 0x0000, 0x0000, 0x0000, 0x0000, 0x0000, 0x0000, 0x0000, 0x0000, 0x0000, 0x0000, 0x0000, 0x0000, 0x0000, 0x0000,
    0x0000, 0x0000, 0x0000, 0x0000, 0x0000, 0x0000, 0x0000, 0x0000, 0x0000, 0x0000, 0x0000, 0x0000, 0x0000, 0x0000, 0x0000, 0x0000,
    0x0000, 0x0000, 0x0000, 0x0000, 0x0000, 0x0000, 0x0000, 0x0000, 0x0000, 0x0000, 0x0000, 0x0000, 0x0000, 0x0000, 0x0000, 0x0000,
    0x0000, 0x0000, 0x0000, 0x0000, 0x0000, 0x0000, 0x0000, 0x0000, 0x0000, 0x0000, 0x0000, 0x0000, 0x0000, 0x0000, 0x0000, 0x0000,
    0x0000, 0x0000, 0x0000, 0x0000, 0x0000, 0x0000, 0x0000, 0x0000, 0x0000, 0x0000, 0x0000, 0x0000, 0x0000, 0x0000, 0x0000, 0x0000,
    0x0000, 0x0000, 0x0000, 0x0000, 0x0000, 0x0000, 0x0000, 0x0100, 0x6500, 0x2D12, 0x7413, 0xB70B, 0xB70B, 0xD80B, 0xB70B, 0x330B,
    0xAB09, 0x2200, 0x0000, 0x0000, 0x0000, 0x0000, 0x0000, 0x0000, 0x0000, 0x0000, 0x0000, 0x0000, 0x0000, 0x0000, 0x0000, 0x0000,
    0x0000, 0x0000, 0x0000, 0x0000, 0x0000, 0x0000, 0x0000, 0x0000, 0x0000, 0x0000, 0x0000, 0x0000, 0x0000, 0x0000, 0x0000, 0x0000,
    0x0000, 0x0000, 0x0000, 0x0000, 0x0000, 0x0000, 0x0000, 0x0000, 0x0000, 0x0000, 0x0000, 0x0000, 0x0000, 0x0000, 0x0000, 0x0000,
    0x0000, 0x0000, 0x0000, 0x0000, 0x0000, 0x0000, 0x0000, 0x0000, 0x0000, 0x0000, 0x0000, 0x0008, 0x0008, 0x0000, 0x0000, 0x2000,
    0x2201, 0x040A, 0x6402, 0x440A, 0x6209, 0x6000, 0x0000, 0x0000, 0x0008, 0x0008, 0x0000, 0x0000, 0x0000, 0x0000, 0x0000, 0x0000,
    0x0000, 0x0000, 0x0000, 0x0000, 0x0000, 0x0000, 0x0000, 0x0000, 0x0000, 0x0000, 0x0000, 0x0000, 0x0000, 0x0000, 0x0000, 0x0000,
    0x0000, 0x0000, 0x0000, 0x0000, 0x0000, 0x0000, 0x0000, 0x0000, 0x0000, 0x0000, 0x0000, 0x0000, 0x0000, 0x0000, 0x0000, 0x0000,
    0x0000, 0x0000, 0x0000, 0x0000, 0x0000, 0x0000, 0x0000, 0x0000, 0x0000, 0x0000, 0x0000, 0x0000, 0x0000, 0x0000, 0x0000, 0x0000,
    0x0000, 0x0000, 0x0000, 0x0000, 0x0000, 0x0000, 0x0000, 0x0000, 0x0000, 0x0000, 0x0000, 0x0000, 0x0000, 0x0000, 0x0000, 0x0000,
    0x0000, 0x0000, 0x0000, 0x0000, 0x0000, 0x0000, 0x0000, 0x0000, 0x0000, 0x0000, 0x0000, 0x0000, 0x0000, 0x0000, 0x0000, 0x0000,
    0x0000, 0x0000, 0x0000, 0x0000, 0x0000, 0x0000, 0x0000, 0x0000, 0x0000, 0x0000, 0x0000, 0x0000, 0x0000, 0x0000, 0x0000, 0x0000,
    0x0000, 0x0000, 0x0000, 0x0000, 0x0000, 0x0000, 0x0000, 0x0000, 0x0000, 0x0000, 0x0000, 0x0000, 0x0000, 0x0000, 0x0000, 0x0000,
    0x0000, 0x0000, 0x0000, 0x0000, 0x0000, 0x0000, 0x0000, 0x0000, 0x0000, 0x0000, 0x0000, 0x0000, 0x0000, 0x0000, 0x0000, 0x0000,
    0x0000, 0x0000, 0x0000, 0x0000, 0x0000, 0x0000, 0x0000, 0x0000, 0x0000, 0x0000, 0x0000, 0x0000, 0x0000, 0x0000, 0x0000, 0x0000,
    0x0000, 0x0000, 0x0000, 0x0000, 0x0000, 0x0000, 0x0000, 0x0000, 0x0000, 0x0000, 0xA500, 0x8909, 0xCB09, 0xCB09, 0x2909, 0x6500,
    0x0100, 0x0000, 0x0000, 0x0000, 0x0000, 0x0000, 0x0000, 0x0000, 0x0000, 0x0000, 0x0000, 0x0000, 0x0000, 0x0000, 0x0000, 0x0000,
    0x0000, 0x0000, 0x0000, 0x0000, 0x0000, 0x0000, 0x0000, 0x0000, 0x0000, 0x0000, 0x0000, 0x0000, 0x0000, 0x0000, 0x0000, 0x0000,
    0x0000, 0x0000, 0x0000, 0x0000, 0x0000, 0x0000, 0x0000, 0x0000, 0x0000, 0x0000, 0x0000, 0x0000, 0x0000, 0x0000, 0x0000, 0x0000,
    0x0000, 0x0000, 0x0000, 0x0000, 0x0000, 0x0000, 0x0000, 0x0000, 0x0000, 0x0000, 0x0000, 0x0000, 0x0008, 0x0008, 0x0000, 0x0000,
    0x0000, 0x0000, 0x0000, 0x0000, 0x0000, 0x0000, 0x0000, 0x0000, 0x0008, 0x0000, 0x0000, 0x0000, 0x0000, 0x0000, 0x0000, 0x0000,
    0x0000, 0x0000, 0x0000, 0x0000, 0x0100, 0x0108, 0x0208, 0x0208, 0x0208, 0x0208, 0x0208, 0x0208, 0x0208, 0x0208, 0x0208, 0x0208,
    0x0208, 0x0208, 0x0208, 0x0208, 0x0208, 0x0208, 0x0208, 0x0208, 0x0208, 0x0208, 0x0208, 0x0208, 0x0208, 0x0208, 0x0208, 0x0208,
    0x0208, 0x0208, 0x0208, 0x0208, 0x0208, 0x0208, 0x0208, 0x0208, 0x0208, 0x0208, 0x0208, 0x0208, 0x0208, 0x0208, 0x0208, 0x0208,
    0x0208, 0x0208, 0x0208, 0x0208, 0x0208, 0x0208, 0x0208, 0x0208, 0x0208, 0x0208, 0x0208, 0x0208, 0x0208, 0x0208, 0x0208, 0x0208,
    0x0208, 0x0208, 0x0208, 0x0208, 0x0208, 0x0208, 0x0208, 0x0208, 0x0208, 0x0208, 0x0208, 0x0208, 0x0208, 0x0208, 0x0208, 0x0208,
    0x0208, 0x0208, 0x0208, 0x0208, 0x0208, 0x0208, 0x0208, 0x0208, 0x0208, 0x0208, 0x0208, 0x0208, 0x0208, 0x0208, 0x0208, 0x0208,
    0x0208, 0x0208, 0x0208, 0x0208, 0x0208, 0x0208, 0x0208, 0x0208, 0x0208, 0x0208, 0x0208, 0x0208, 0x0208, 0x0208, 0x0208, 0x0208,
    0x0208, 0x0208, 0x0208, 0x0208, 0x0208, 0x0208, 0x0208, 0x0208, 0x0208, 0x0208, 0x0208, 0x0208, 0x0208, 0x0208, 0x0208, 0x0208,
    0x0208, 0x0208, 0x0208, 0x0208, 0x0208, 0x0208, 0x0208, 0x0208, 0x0308, 0x0308, 0x0208, 0x0000, 0x0000, 0x0000, 0x0000, 0x0000,
    0x0000, 0x0000, 0x0000, 0x0000, 0x0000, 0x0000, 0x0000, 0x0000, 0x2000, 0x0000, 0x0000, 0x0000, 0x0000, 0x0000, 0x0000, 0x0000,
    0x0000, 0x0008, 0x0000, 0x0000, 0x0000, 0x0000, 0x0000, 0x0000, 0x0000, 0x0000, 0x0000, 0x0000, 0x0000, 0x0000, 0x0000, 0x0000,
    0x0000, 0x0000, 0x0000, 0x0000, 0x0000, 0x0000, 0x0000, 0x0000, 0x0000, 0x0000, 0x0000, 0x0000, 0x0000, 0x0000, 0x0000, 0x0000,
    0x0000, 0x0000, 0x0000, 0x0000, 0x0000, 0x0000, 0x0000, 0x0000, 0x0000, 0x0000, 0x0000, 0x0000, 0x0000, 0x0000, 0x0000, 0x0000,
    0x0000, 0x0000, 0x0000, 0x0000, 0x0000, 0x0000, 0x0000, 0x0000, 0x0000, 0x0000, 0x0000, 0x0000, 0x0000, 0x0000, 0x0000, 0x0000,
    0x0000, 0x0000, 0x0008, 0x0000, 0x0000, 0x0000, 0x0000, 0x0000, 0x0000, 0x0000, 0x0000, 0x0000, 0x0000, 0x0000, 0x0000, 0x0000,
    0x0000, 0x0000, 0x0208, 0xA730, 0x2C49, 0x4E51, 0x4F51, 0x4F51, 0x4F51, 0x4F51, 0x4F51, 0x4F51, 0x4F51, 0x4F51, 0x4F51, 0x4F51,
    0x4F51, 0x4F51, 0x4F51, 0x4F51, 0x4F51, 0x4F51, 0x4F51, 0x4F51, 0x4F51, 0x4F51, 0x4F51, 0x4F51, 0x4F51, 0x4F51, 0x4F51, 0x4F51,
    0x4F51, 0x4F51, 0x4F51, 0x4F51, 0x4F51, 0x4F51, 0x4F51, 0x4F51, 0x4F51, 0x4F51, 0x4F51, 0x4F51, 0x4F51, 0x4F51, 0x4F51, 0x4F51,
    0x4F51, 0x4F51, 0x4F51, 0x4F51, 0x4F51, 0x4F51, 0x4F51, 0x4F51, 0x4F51, 0x4F51, 0x4F51, 0x4F51, 0x4F51, 0x4F51, 0x4F51, 0x4F51,
    0x4F51, 0x4F51, 0x4F51, 0x4F51, 0x4F51, 0x4F51, 0x4F51, 0x4F51, 0x4F51, 0x4F51, 0x4F51, 0x4F51, 0x4F51, 0x4F51, 0x4F51, 0x4F51,
    0x4F51, 0x4F51, 0x4F51, 0x4F51, 0x4F51, 0x4F51, 0x4F51, 0x4F51, 0x4F51, 0x4F51, 0x4F51, 0x4F51, 0x4F51, 0x4F51, 0x4F51, 0x4F51,
    0x4F51, 0x4F51, 0x4F51, 0x4F51, 0x4F51, 0x4F51, 0x4F51, 0x4F51, 0x4F51, 0x4F51, 0x4F51, 0x4F51, 0x4F51, 0x4F51, 0x4F51, 0x4F51,
    0x4F51, 0x4F51, 0x4F51, 0x4F51, 0x4F51, 0x4F51, 0x4F51, 0x4F51, 0x4F51, 0x4F51, 0x4F51, 0x4F51, 0x4F51, 0x4F51, 0x4F51, 0x4F51,
    0x4F51, 0x4F51, 0x4F51, 0x4F51, 0x4F51, 0x4F51, 0x4F51, 0x4F51, 0x4E51, 0x4E51, 0x4D49, 0x0939, 0x6518, 0x0100, 0x0000, 0x2000,
    0x0000, 0x0000, 0x0000, 0x0000, 0x0000, 0x0000, 0x0000, 0x0000, 0x0100, 0x0100, 0x0100, 0x0100, 0x0000, 0x0000, 0x0000, 0x0000,
    0x0000, 0x0000, 0x0000, 0x0000, 0x0000, 0x0000, 0x0000, 0x0000, 0x0000, 0x0000, 0x0000, 0x0000, 0x0000, 0x0000, 0x0000, 0x0000,
    0x0000, 0x0000, 0x0000, 0x0000, 0x0000, 0x0000, 0x0000, 0x0000, 0x0000, 0x0000, 0x0000, 0x0000, 0x0000, 0x0000, 0x0000, 0x0000,
    0x0000, 0x0000, 0x0000, 0x0000, 0x0000, 0x0000, 0x0000, 0x0000, 0x0000, 0x0000, 0x0000, 0x0000, 0x0000, 0x0000, 0x0000, 0x0000,
    0x0000, 0x0000, 0x0000, 0x0000, 0x0000, 0x0000, 0x0000, 0x0000, 0x0000, 0x0000, 0x0000, 0x0000, 0x0000, 0x0000, 0x0000, 0x0000,
    0x0000, 0x0000, 0x0000, 0x0000, 0x0000, 0x0000, 0x0000, 0x0000, 0x0000, 0x0000, 0x0000, 0x0000, 0x0000, 0x0000, 0x0000, 0x0000,
    0x0000, 0x4518, 0x6C51, 0xD069, 0x9269, 0x7269, 0x9169, 0x9169, 0x9169, 0x9169, 0x9169, 0x9169, 0x9169, 0x9169, 0x9169, 0x9169,
    0x9169, 0x9169, 0x9169, 0x9169, 0x9169, 0x9169, 0x9169, 0x9169, 0x9169, 0x9169, 0x9169, 0x9169, 0x9169, 0x9169, 0x9169, 0x9169,
    0x9169, 0x9169, 0x9169, 0x9169, 0x9169, 0x9169, 0x9169, 0x9169, 0x9169, 0x9169, 0x9169, 0x9169, 0x9169, 0x9169, 0x9169, 0x9169,
    0x9169, 0x9169, 0x9169, 0x9169, 0x9169, 0x9169, 0x9169, 0x9169, 0x9169, 0x9169, 0x9169, 0x9169, 0x9169, 0x9169, 0x9169, 0x9169,
    0x9169, 0x9169, 0x9169, 0x9169, 0x9169, 0x9169, 0x9169, 0x9169, 0x9169, 0x9169, 0x9169, 0x9169, 0x9169, 0x9169, 0x9169, 0x9169,
    0x9169, 0x9169, 0x9169, 0x9169, 0x9169, 0x9169, 0x9169, 0x9169, 0x9169, 0x9169, 0x9169, 0x9169, 0x9169, 0x9169, 0x9169, 0x9169,
    0x9169, 0x9169, 0x9169, 0x9169, 0x9169, 0x9169, 0x9169, 0x9169, 0x9169, 0x9169, 0x9169, 0x9169, 0x9169, 0x9169, 0x9169, 0x9169,
    0x9169, 0x9169, 0x9169, 0x9169, 0x9169, 0x9169, 0x9169, 0x9169, 0x9169, 0x9169, 0x9169, 0x9169, 0x9169, 0x9169, 0x9169, 0x9169,
    0x9169, 0x9169, 0x9169, 0x9169, 0x9169, 0x9169, 0x9169, 0x9169, 0x7169, 0x7161, 0x9269, 0xB161, 0xAF59, 0xE930, 0x0200, 0x0000,
    0x0000, 0x0000, 0x0000, 0x0000, 0x0000, 0x0000, 0x0000, 0x0000, 0x0000, 0x0000, 0x0000, 0x0000, 0x0000, 0x0000, 0x0008, 0x0000,
    0x0000, 0x0000, 0x0000, 0x0000, 0x0000, 0x0000, 0x0000, 0x0000, 0x0000, 0x0000, 0x0000, 0x0000, 0x0000, 0x0000, 0x0000, 0x0000,
    0x0000, 0x0000, 0x0000, 0x0000, 0x0000, 0x0000, 0x0000, 0x0000, 0x0000, 0x0000, 0x0000, 0x0000, 0x0000, 0x0000, 0x0000, 0x0000,
    0x0000, 0x0000, 0x0000, 0x0000, 0x0000, 0x0000, 0x0000, 0x0000, 0x0000, 0x0000, 0x0000, 0x0000, 0x0000, 0x0000, 0x0000, 0x0000,
    0x0000, 0x0000, 0x0000, 0x0000, 0x0000, 0x0000, 0x0000, 0x0000, 0x0000, 0x0000, 0x0000, 0x0000, 0x0000, 0x0000, 0x0000, 0x0000,
    0x0000, 0x0000, 0x0000, 0x0000, 0x0000, 0x0000, 0x0000, 0x0000, 0x0000, 0x0000, 0x0000, 0x0000, 0x0000, 0x0000, 0x2000, 0x0000,
    0x6620, 0x8F61, 0x7269, 0x5261, 0x7261, 0x7261, 0x7161, 0x7161, 0x7161, 0x7161, 0x7161, 0x7161, 0x7161, 0x7161, 0x7161, 0x7161,
    0x7161, 0x7161, 0x7161, 0x7161, 0x7161, 0x7161, 0x7161, 0x7161, 0x7161, 0x7161, 0x7161, 0x7161, 0x7161, 0x7161, 0x7161, 0x7161,
    0x7161, 0x7161, 0x7161, 0x7161, 0x7161, 0x7161, 0x7161, 0x7161, 0x7161, 0x7161, 0x7161, 0x7161, 0x7161, 0x7161, 0x7161, 0x7161,
    0x7161, 0x7161, 0x7161, 0x7161, 0x7161, 0x7161, 0x7161, 0x7161, 0x7161, 0x7161, 0x7161, 0x7161, 0x7161, 0x7161, 0x7161, 0x7161,
    0x7161, 0x7161, 0x7161, 0x7161, 0x7161, 0x7161, 0x7161, 0x7161, 0x7161, 0x7161, 0x7161, 0x7161, 0x7161, 0x7161, 0x7161, 0x7161,
    0x7161, 0x7161, 0x7161, 0x7161, 0x7161, 0x7161, 0x7161, 0x7161, 0x7161, 0x7161, 0x7161, 0x7161, 0x7161, 0x7161, 0x7161, 0x7161,
    0x7161, 0x7161, 0x7161, 0x7161, 0x7161, 0x7161, 0x7161, 0x7161, 0x7161, 0x7161, 0x7161, 0x7161, 0x7161, 0x7161, 0x7161, 0x7161,
    0x7161, 0x7161, 0x7161, 0x7161, 0x7161, 0x7161, 0x7161, 0x7161, 0x7161, 0x7161, 0x7161, 0x7161, 0x7161, 0x7161, 0x7161, 0x7161,
    0x7161, 0x7161, 0x7161, 0x7161, 0x7161, 0x7161, 0x7161, 0x7161, 0x7161, 0x7161, 0x5261, 0x5361, 0x7261, 0xD061, 0x0939, 0x0208,
    0x0000, 0x0000, 0x0000, 0x0000, 0x0000, 0x0000, 0x0000, 0x0000, 0x0000, 0x0000, 0x0000, 0x0000, 0x0000, 0x0008, 0x0000, 0x0000,
    0x0000, 0x0000, 0x0000, 0x0000, 0x0000, 0x0000, 0x0000, 0x0000, 0x0000, 0x0000, 0x0000, 0x0000, 0x0000, 0x0000, 0x0000, 0x0000,
    0x0000, 0x0000, 0x0000, 0x0000, 0x0000, 0x0000, 0x0000, 0x0000, 0x0000, 0x0000, 0x0000, 0x0000, 0x0000, 0x0000, 0x0000, 0x0000,
    0x0000, 0x0000, 0x0000, 0x0000, 0x0000, 0x0000, 0x0000, 0x0000, 0x0000, 0x0000, 0x0000, 0x0000, 0x0000, 0x0000, 0x0000, 0x0000,
    0x0000, 0x0000, 0x0000, 0x0000, 0x0000, 0x0000, 0x0000, 0x0000, 0x0000, 0x0000, 0x0000, 0x0000, 0x0000, 0x0000, 0x0000, 0x0000,
    0x0000, 0x0000, 0x0000, 0x0000, 0x0000, 0x0000, 0x0000, 0x0000, 0x0000, 0x0000, 0x0000, 0x0000, 0x0000, 0x0000, 0x0100, 0x6520,
    0xAF59, 0x7261, 0x5361, 0x5361, 0x7261, 0x7161, 0x7261, 0x7261, 0x7261, 0x7261, 0x7261, 0x7261, 0x7261, 0x7261, 0x7261, 0x7261,
    0x7261, 0x7261, 0x7261, 0x7261, 0x7261, 0x7261, 0x7261, 0x7261, 0x7261, 0x7261, 0x7261, 0x7261, 0x7261, 0x7261, 0x7261, 0x7261,
    0x7261, 0x7261, 0x7261, 0x7261, 0x7261, 0x7261, 0x7261, 0x7261, 0x7261, 0x7261, 0x7261, 0x5261, 0x5261, 0x7161, 0x7261, 0x7261,
    0x7261, 0x7161, 0x7261, 0x7261, 0x7261, 0x5261, 0x5261, 0x7161, 0x7261, 0x7261, 0x7161, 0x7261, 0x7261, 0x7261, 0x7161, 0x7161,
    0x7161, 0x7161, 0x7261, 0x7261, 0x7261, 0x5261, 0x7261, 0x7161, 0x7261, 0x7261, 0x7261, 0x7261, 0x7261, 0x7261, 0x7261, 0x7261,
    0x7261, 0x7261, 0x7261, 0x7261, 0x7261, 0x7261, 0x7261, 0x7261, 0x7261, 0x7261, 0x7261, 0x7261, 0x7261, 0x7261, 0x7161, 0x7161,
    0x7161, 0x7261, 0x7261, 0x7261, 0x7261, 0x7261, 0x7261, 0x7261, 0x7261, 0x7261, 0x7261, 0x7261, 0x7261, 0x7261, 0x7261, 0x7261,
    0x7261, 0x7261, 0x7261, 0x7261, 0x7261, 0x7261, 0x7261, 0x7261, 0x7261, 0x7261, 0x7261, 0x7261, 0x7261, 0x7261, 0x7261, 0x7261,
    0x7261, 0x7261, 0x7261, 0x7261, 0x7261, 0x7261, 0x7261, 0x7261, 0x7161, 0x7161, 0x7261, 0x5361, 0x7261, 0x7161, 0xB069, 0xCA40,
    0x0100, 0x0000, 0x0000, 0x0000, 0x0000, 0x0000, 0x0000, 0x0000, 0x0000, 0x0000, 0x0000, 0x0000, 0x0000, 0x0000, 0x0000, 0x0000,
    0x0000, 0x0000, 0x0000, 0x0000, 0x0000, 0x0000, 0x0000, 0x0000, 0x0000, 0x0000, 0x0000, 0x0000, 0x0000, 0x0000, 0x0000, 0x0000,
    0x0000, 0x0000, 0x0000, 0x0000, 0x0000, 0x0000, 0x0000, 0x0000, 0x0000, 0x0000, 0x0000, 0x0000, 0x0000, 0x0000, 0x0000, 0x0000,
    0x0000, 0x0000, 0x0000, 0x0000, 0x0000, 0x0000, 0x0000, 0x0000, 0x0000, 0x0000, 0x0000, 0x0000, 0x0000, 0x0000, 0x0000, 0x0000,
    0x0000, 0x0000, 0x0000, 0x0000, 0x0000, 0x0000, 0x0000, 0x0000, 0x0000, 0x0000, 0x0000, 0x0000, 0x0000, 0x0000, 0x0000, 0x0000,
    0x0000, 0x0000, 0x0000, 0x0000, 0x0000, 0x0000, 0x0000, 0x0000, 0x0000, 0x0000, 0x0100, 0x2000, 0x2000, 0x0000, 0x4718, 0xAF59,
    0x9161, 0x7261, 0x5261, 0x7261, 0x7161, 0x7161, 0x7261, 0x7261, 0x7261, 0x7261, 0x7261, 0x7261, 0x7261, 0x7261, 0x7261, 0x7261,
    0x7261, 0x7261, 0x7261, 0x7261, 0x7261, 0x7261, 0x7261, 0x7261, 0x7261, 0x7261, 0x7261, 0x7261, 0x7261, 0x7261, 0x7261, 0x7261,
    0x7261, 0x7261, 0x7261, 0x7261, 0x7261, 0x9261, 0x7261, 0x5269, 0x7269, 0x7361, 0x7261, 0x5369, 0x7369, 0x9169, 0x7269, 0x5361,
    0x7161, 0x7061, 0x7261, 0x7261, 0x7261, 0x5369, 0x7269, 0x9261, 0x9361, 0x7261, 0x7061, 0x7161, 0x7261, 0x5269, 0x5169, 0x7161,
    0x7161, 0x9161, 0x9269, 0x9261, 0x5261, 0x5369, 0x7169, 0x7161, 0x7261, 0x7261, 0x7161, 0x7161, 0x7261, 0x7261, 0x7261, 0x7261,
    0x7261, 0x7261, 0x7261, 0x7261, 0x7261, 0x7261, 0x7261, 0x7261, 0x7261, 0x7261, 0x7169, 0x5269, 0x7261, 0x7261, 0x7161, 0x7161,
    0x7161, 0x5269, 0x7261, 0x7261, 0x7261, 0x7261, 0x7261, 0x7261, 0x7261, 0x7261, 0x7261, 0x7261, 0x7261, 0x7261, 0x7261, 0x7261,
    0x7261, 0x7261, 0x7261, 0x7261, 0x7261, 0x7261, 0x7261, 0x7261, 0x7261, 0x7261, 0x7261, 0x7261, 0x7261, 0x7261, 0x7261, 0x7261,
    0x7261, 0x7261, 0x7261, 0x7261, 0x7261, 0x7261, 0x7261, 0x7261, 0x7261, 0x7261, 0x7261, 0x7261, 0x7261, 0x7261, 0x5161, 0x9269,
    0x0A39, 0x0208, 0x0000, 0x0000, 0x0000, 0x0000, 0x0000, 0x0000, 0x0000, 0x0000, 0x0000, 0x0000, 0x0000, 0x0000, 0x0000, 0x0000,
    0x0000, 0x0000, 0x0000, 0x0000, 0x0000, 0x0000, 0x0000, 0x0000, 0x0000, 0x0000, 0x0000, 0x0000, 0x0000, 0x0000, 0x0000, 0x0000,
    0x0000, 0x0000, 0x0000, 0x0000, 0x0000, 0x0000, 0x0000, 0x0000, 0x0000, 0x0000, 0x0000, 0x0000, 0x0000, 0x0000, 0x0000, 0x0000,
    0x0000, 0x0000, 0x0000, 0x0000, 0x0000, 0x0000, 0x0000, 0x0000, 0x0000, 0x0000, 0x0000, 0x0000, 0x0000, 0x0000, 0x0000, 0x0000,
    0x0000, 0x0000, 0x0000, 0x0000, 0x0000, 0x0000, 0x0000, 0x0000, 0x0000, 0x0000, 0x0000, 0x0000, 0x0000, 0x0000, 0x0000, 0x0000,
    0x0000, 0x0000, 0x0000, 0x0000, 0x0000, 0x0000, 0x0000, 0x0000, 0x0000, 0x0000, 0x0100, 0x0000, 0x0000, 0x0308, 0x6E51, 0x9061,
    0x7161, 0x7261, 0x7261, 0x7261, 0x7261, 0x7161, 0x7261, 0x7261, 0x7261, 0x7261, 0x7261, 0x7261, 0x7261, 0x7261, 0x7261, 0x7261,
    0x7261, 0x7261, 0x7261, 0x7261, 0x7261, 0x7261, 0x7261, 0x7261, 0x7261, 0x7261, 0x7261, 0x7261, 0x7261, 0x7261, 0x7261, 0x7261,
    0x7261, 0x7261, 0x7261, 0x7261, 0x7261, 0x5269, 0x7269, 0xB269, 0x7051, 0x0E41, 0x6E51, 0x8E51, 0x0D49, 0x4F51, 0x9261, 0x7261,
    0x7061, 0x7261, 0x7261, 0x7161, 0x7261, 0xB169, 0x7059, 0x0E49, 0xED40, 0x7159, 0x7261, 0x7161, 0x7161, 0x7169, 0x5261, 0x9361,
    0x9359, 0x5051, 0xED48, 0x2D51, 0x9161, 0x5269, 0x7169, 0x7161, 0x7261, 0x7261, 0x7161, 0x7161, 0x7261, 0x7261, 0x7261, 0x7261,
    0x7261, 0x7261, 0x7261, 0x7261, 0x7261, 0x7261, 0x7261, 0x7261, 0x7261, 0x7261, 0x7161, 0x7161, 0x7161, 0x7261, 0x7261, 0x7261,
    0x7261, 0x7261, 0x7261, 0x7261, 0x7261, 0x7261, 0x7261, 0x7261, 0x7261, 0x7261, 0x7261, 0x7261, 0x7261, 0x7261, 0x7261, 0x7261,
    0x7261, 0x7261, 0x7261, 0x7261, 0x7261, 0x7261, 0x7261, 0x7261, 0x7261, 0x7261, 0x7261, 0x7261, 0x7261, 0x7261, 0x7261, 0x7261,
    0x7261, 0x7261, 0x7261, 0x7261, 0x7261, 0x7261, 0x7261, 0x7261, 0x7261, 0x7261, 0x7261, 0x7261, 0x7261, 0x7261, 0x7261, 0x7161,
    0xD061, 0xA720, 0x0000, 0x2000, 0x0000, 0x0000, 0x0000, 0x0000, 0x0000, 0x0000, 0x0000, 0x0000, 0x0000, 0x0000, 0x0000, 0x0000,
    0x0000, 0x0000, 0x0000, 0x0000, 0x0000, 0x0000, 0x0000, 0x0000, 0x0000, 0x0000, 0x0000, 0x0000, 0x0000, 0x0000, 0x0000, 0x0000,
    0x0000, 0x0000, 0x0000, 0x0000, 0x0000, 0x0000, 0x0000, 0x0000, 0x0000, 0x0000, 0x0000, 0x0000, 0x0000, 0x0000, 0x0000, 0x0000,
    0x0000, 0x0000, 0x0000, 0x0000, 0x0000, 0x0000, 0x0000, 0x0000, 0x0000, 0x0000, 0x0000, 0x0000, 0x0000, 0x0000, 0x0000, 0x0000,
    0x0000, 0x0000, 0x0000, 0x0000, 0x0000, 0x0000, 0x0000, 0x0000, 0x0000, 0x0000, 0x0000, 0x0000, 0x0000, 0x0000, 0x0000, 0x0000,
    0x0000, 0x0000, 0x0000, 0x0000, 0x0000, 0x0000, 0x0000, 0x0000, 0x0000, 0x0000, 0x0000, 0x0000, 0x0000, 0xA828, 0xB161, 0x7161,
    0x7161, 0x7161, 0x7169, 0x7261, 0x7261, 0x7261, 0x7261, 0x7261, 0x7261, 0x7261, 0x7261, 0x7261, 0x7261, 0x7261, 0x7261, 0x7261,
    0x7261, 0x7261, 0x7261, 0x7261, 0x7261, 0x7261, 0x7261, 0x7261, 0x7261, 0x7261, 0x7261, 0x7261, 0x7261, 0x7261, 0x7261, 0x7261,
    0x7261, 0x7261, 0x7261, 0x7261, 0x5269, 0x5269, 0x6F59, 0x2B41, 0x4D5A, 0x5394, 0x1194, 0x1194, 0xD5A4, 0xD06A, 0x2E49, 0xB161,
    0x9061, 0x5361, 0x5361, 0x9161, 0x9159, 0x2B41, 0x0D5A, 0xF393, 0xD5A4, 0x0F5A, 0x5159, 0x7169, 0x7161, 0x7261, 0x7261, 0x4F51,
    0x6C49, 0xCF6A, 0x95A4, 0xB28B, 0x4E51, 0x9261, 0x7161, 0x7261, 0x7261, 0x7261, 0x7161, 0x7161, 0x7261, 0x7261, 0x7261, 0x7261,
    0x7261, 0x7261, 0x7261, 0x7261, 0x7261, 0x7261, 0x7261, 0x7261, 0x7261, 0x7261, 0x7161, 0x7161, 0x7161, 0x7261, 0x7261, 0x7261,
    0x7261, 0x7261, 0x7261, 0x7261, 0x7261, 0x7261, 0x7261, 0x7261, 0x7261, 0x7261, 0x7261, 0x7261, 0x7261, 0x7261, 0x7261, 0x7261,
    0x7261, 0x7261, 0x7261, 0x7261, 0x7261, 0x7261, 0x7261, 0x7261, 0x7261, 0x7261, 0x7261, 0x7261, 0x7261, 0x7261, 0x7261, 0x7261,
    0x7261, 0x7261, 0x7261, 0x7261, 0x7261, 0x7261, 0x7261, 0x7261, 0x7261, 0x7261, 0x7261, 0x7261, 0x7261, 0x7261, 0x7161, 0x7261,
    0x9261, 0x6D49, 0x0108, 0x0000, 0x0000, 0x0000, 0x0000, 0x0000, 0x0000, 0x0000, 0x0000, 0x0000, 0x0000, 0x0000, 0x0000, 0x0000,
    0x0000, 0x0000, 0x0000, 0x0000, 0x0000, 0x0000, 0x0000, 0x0000, 0x0000, 0x0000, 0x0000, 0x0000, 0x0000, 0x0000, 0x0000, 0x0000,
    0x0000, 0x0000, 0x0000, 0x0000, 0x0000, 0x0000, 0x0000, 0x0000, 0x0000, 0x0000, 0x0000, 0x0000, 0x0000, 0x0000, 0x0000, 0x0000,
    0x0000, 0x0000, 0x0000, 0x0000, 0x0000, 0x0000, 0x0000, 0x0000, 0x0000, 0x0000, 0x0000, 0x0000, 0x0000, 0x0000, 0x0000, 0x0000,
    0x0000, 0x0000, 0x0000, 0x0000, 0x0000, 0x0000, 0x0000, 0x0000, 0x0000, 0x0000, 0x0000, 0x0000, 0x0000, 0x0000, 0x0000, 0x0000,
    0x0000, 0x0000, 0x0000, 0x0000, 0x0000, 0x0000, 0x0000, 0x0000, 0x0000, 0x0000, 0x0000, 0x0000, 0x0108, 0x2C41, 0x9261, 0x7261,
    0x7161, 0x7169, 0x7161, 0x7261, 0x7261, 0x7261, 0x7261, 0x7261, 0x7261, 0x7261, 0x7261, 0x7261, 0x7261, 0x7261, 0x7261, 0x7261,
    0x7261, 0x7261, 0x7261, 0x7261, 0x7261, 0x7261, 0x7261, 0x7261, 0x7261, 0x7261, 0x7261, 0x7261, 0x7261, 0x7261, 0x7261, 0x7261,
    0x7261, 0x7261, 0x7261, 0x7161, 0x7269, 0x4F59, 0x8B49, 0x36AD, 0xDFFF, 0xB6A4, 0xCD51, 0x8C49, 0x15A5, 0xFFFF, 0xB38B, 0x4E49,
    0x9161, 0x7361, 0x5361, 0x9061, 0x4C49, 0x37B5, 0xBEF7, 0x55B5, 0x55B5, 0x5494, 0x0E51, 0x7269, 0x7261, 0x9261, 0x4F51, 0x8E62,
    0xBBDE, 0x7CF7, 0x5194, 0xF9CD, 0x2E62, 0x5059, 0x7261, 0x7261, 0x7261, 0x7261, 0x7161, 0x7161, 0x7261, 0x7261, 0x7261, 0x7261,
    0x7261, 0x7261, 0x7261, 0x7261, 0x7261, 0x7261, 0x7261, 0x7261, 0x7261, 0x7261, 0x7261, 0x7261, 0x7161, 0x7169, 0x7261, 0x7261,
    0x7261, 0x7161, 0x7161, 0x7261, 0x7261, 0x7261, 0x7261, 0x7261, 0x7261, 0x7261, 0x7261, 0x7261, 0x7261, 0x7261, 0x7261, 0x7261,
    0x7261, 0x7261, 0x7261, 0x7261, 0x7261, 0x7261, 0x7261, 0x7261, 0x7261, 0x7261, 0x7261, 0x7261, 0x7261, 0x7261, 0x7261, 0x7261,
    0x7261, 0x7261, 0x7261, 0x7261, 0x7261, 0x7261, 0x7261, 0x7261, 0x7261, 0x7261, 0x7261, 0x7261, 0x7261, 0x7261, 0x7261, 0x7261,
    0x5361, 0xB059, 0x4418, 0x0000, 0x0000, 0x0000, 0x0000, 0x0000, 0x0000, 0x0000, 0x0000, 0x0000, 0x0000, 0x0000, 0x0000, 0x0000,
    0x0000, 0x0000, 0x0000, 0x0000, 0x0000, 0x0000, 0x0000, 0x0000, 0x0000, 0x0000, 0x0000, 0x0000, 0x0000, 0x0000, 0x0000, 0x0000,
    0x0000, 0x0000, 0x0000, 0x0000, 0x0000, 0x0000, 0x0000, 0x0000, 0x0000, 0x0000, 0x0000, 0x0000, 0x0000, 0x0000, 0x0000, 0x0000,
    0x0000, 0x0000, 0x0000, 0x0000, 0x0000, 0x0000, 0x0000, 0x0000, 0x0000, 0x0000, 0x0000, 0x0000, 0x0000, 0x0000, 0x0000, 0x0000,
    0x0000, 0x0000, 0x0000, 0x0000, 0x0000, 0x0000, 0x0000, 0x0000, 0x0000, 0x0000, 0x0000, 0x0000, 0x0000, 0x0000, 0x0000, 0x0000,
    0x0000, 0x0000, 0x0000, 0x0000, 0x0000, 0x0000, 0x0000, 0x0000, 0x0000, 0x0000, 0x0000, 0x0000, 0x0108, 0x6E51, 0x7261, 0x5261,
    0x7261, 0x7161, 0x7161, 0x7161, 0x7261, 0x7261, 0x7261, 0x7261, 0x7261, 0x7261, 0x7261, 0x7261, 0x7261, 0x7261, 0x7261, 0x7261,
    0x7261, 0x7261, 0x7261, 0x7261, 0x7261, 0x7261, 0x7261, 0x7261, 0x7261, 0x7261, 0x7261, 0x7261, 0x7261, 0x7261, 0x7261, 0x7261,
    0x7261, 0x7261, 0x7261, 0x7261, 0x9059, 0x8C49, 0x7ACE, 0xFFFF, 0xF8C5, 0xCA38, 0x7259, 0x7359, 0x6939, 0xBDF7, 0xFAD5, 0x0D49,
    0x9261, 0x7161, 0x7369, 0x2E51, 0x2E73, 0xFFFF, 0x1CE7, 0x4A41, 0xAB41, 0x5394, 0x2D49, 0x7269, 0x7261, 0x9261, 0x2C41, 0xF8C5,
    0xFFFF, 0x939C, 0x4720, 0x9183, 0xD072, 0x3051, 0x7261, 0x7261, 0x7261, 0x7261, 0x7161, 0x7161, 0x7261, 0x7261, 0x7261, 0x7261,
    0x7261, 0x7261, 0x7261, 0x7261, 0x7261, 0x7261, 0x7261, 0x7261, 0x7261, 0x7261, 0x5361, 0x7361, 0x9161, 0x8F61, 0x7061, 0x7161,
    0x7161, 0x7161, 0x7161, 0x7261, 0x7261, 0x7261, 0x7261, 0x7261, 0x7261, 0x7261, 0x7261, 0x7261, 0x7261, 0x7261, 0x7261, 0x7261,
    0x7261, 0x7261, 0x7261, 0x7261, 0x7261, 0x7261, 0x7261, 0x7261, 0x7261, 0x7261, 0x7261, 0x7261, 0x7261, 0x7261, 0x7261, 0x7261,
    0x7261, 0x7261, 0x7261, 0x7261, 0x7261, 0x7261, 0x7261, 0x7261, 0x7261, 0x7261, 0x7261, 0x7261, 0x7261, 0x7261, 0x7161, 0x7261,
    0x5369, 0xB161, 0xA620, 0x0000, 0x0000, 0x0000, 0x0000, 0x0000, 0x0000, 0x0000, 0x0000, 0x0000, 0x0000, 0x0000, 0x0000, 0x0000,
    0x0000, 0x0000, 0x0000, 0x0000, 0x0000, 0x0000, 0x0000, 0x0000, 0x0000, 0x0000, 0x0000, 0x0000, 0x0000, 0x0000, 0x0000, 0x0000,
    0x0000, 0x0000, 0x0000, 0x0000, 0x0000, 0x0000, 0x0000, 0x0000, 0x0000, 0x0000, 0x0000, 0x0000, 0x0000, 0x0000, 0x0000, 0x0000,
    0x0000, 0x0000, 0x0000, 0x0000, 0x0000, 0x0000, 0x0000, 0x0000, 0x0000, 0x0000, 0x0000, 0x0000, 0x0000, 0x0000, 0x0000, 0x0000,
    0x0000, 0x0000, 0x0000, 0x0000, 0x0000, 0x0000, 0x0000, 0x0000, 0x0000, 0x0000, 0x0000, 0x0000, 0x0000, 0x0000, 0x0000, 0x0000,
    0x0000, 0x0000, 0x0000, 0x0000, 0x0000, 0x0000, 0x0000, 0x0000, 0x0000, 0x0000, 0x0000, 0x0000, 0x0100, 0x8E51, 0x7261, 0x7261,
    0x7261, 0x7261, 0x7261, 0x7261, 0x7261, 0x7261, 0x7261, 0x7261, 0x7261, 0x7261, 0x7261, 0x7261, 0x7261, 0x7261, 0x7261, 0x7261,
    0x7261, 0x7261, 0x7261, 0x7261, 0x7261, 0x7261, 0x7261, 0x7261, 0x7261, 0x7261, 0x7261, 0x7261, 0x7261, 0x7261, 0x7261, 0x7261,
    0x7261, 0x7261, 0x7261, 0x9269, 0x0D49, 0xB5A4, 0xFFFF, 0xDEFF, 0x0E6B, 0x4D51, 0x9169, 0x9261, 0x6C49, 0x37BD, 0x8F72, 0x2F59,
    0x7161, 0x7261, 0x9261, 0x2C49, 0xD7C5, 0xFFFF, 0x959C, 0xEE48, 0x105A, 0x917B, 0x4E51, 0x7269, 0x7261, 0x6F59, 0x6E62, 0xDFFF,
    0x9EF7, 0x4F5A, 0x2F49, 0x307B, 0x6F6A, 0x5159, 0x7261, 0x7161, 0x7261, 0x7261, 0x7161, 0x7261, 0x7261, 0x7261, 0x7261, 0x7261,
    0x7261, 0x7261, 0x7261, 0x7261, 0x7261, 0x7261, 0x7261, 0x7261, 0x7261, 0x7161, 0x9261, 0x4F51, 0x4B49, 0xEC59, 0xAD51, 0x4F51,
    0x7169, 0x7169, 0x7161, 0x7261, 0x7261, 0x7261, 0x7261, 0x7261, 0x7261, 0x7261, 0x7261, 0x7261, 0x7261, 0x7261, 0x7261, 0x7261,
    0x7261, 0x7261, 0x7261, 0x7261, 0x7261, 0x7261, 0x7261, 0x7261, 0x7261, 0x7261, 0x7261, 0x7261, 0x7261, 0x7261, 0x7261, 0x7261,
    0x7261, 0x7261, 0x7261, 0x7261, 0x7261, 0x7261, 0x7261, 0x7261, 0x7261, 0x7261, 0x7261, 0x7261, 0x7261, 0x7261, 0x7261, 0x7261,
    0x5361, 0xB061, 0xA620, 0x0000, 0x0000, 0x0000, 0x0000, 0x0000, 0x0000, 0x0000, 0x0000, 0x0000, 0x0000, 0x0000, 0x0000, 0x0000,
    0x0000, 0x0000, 0x0000, 0x0000, 0x0000, 0x0000, 0x0000, 0x0000, 0x0000, 0x0000, 0x0000, 0x0000, 0x0000, 0x0000, 0x0000, 0x0000,
    0x0000, 0x0000, 0x0000, 0x0000, 0x0000, 0x0000, 0x0000, 0x0000, 0x0000, 0x0000, 0x0000, 0x0000, 0x0000, 0x0000, 0x0000, 0x0000,
    0x0000, 0x0000, 0x0000, 0x0000, 0x0000, 0x0000, 0x0000, 0x0000, 0x0000, 0x0000, 0x0000, 0x0000, 0x0000, 0x0000, 0x0000, 0x0000,
    0x0000, 0x0000, 0x0000, 0x0000, 0x0000, 0x0000, 0x0000, 0x0000, 0x0000, 0x0000, 0x0000, 0x0000, 0x0000, 0x0000, 0x0000, 0x0000,
    0x0000, 0x0000, 0x0000, 0x0000, 0x0000, 0x0000, 0x0000, 0x0000, 0x0000, 0x0000, 0x0000, 0x0000, 0x0000, 0x2C41, 0x9161, 0x7161,
    0x7261, 0x7261, 0x7261, 0x7261, 0x7161, 0x7161, 0x7261, 0x7261, 0x7261, 0x7261, 0x7261, 0x7261, 0x7261, 0x7261, 0x7261, 0x7261,
    0x7261, 0x7261, 0x7261, 0x7261, 0x7261, 0x7261, 0x7261, 0x7261, 0x7261, 0x7261, 0x7261, 0x7261, 0x7261, 0x7261, 0x7261, 0x7261,
    0x7261, 0x7261, 0x7261, 0x7261, 0x8D59, 0xBBDE, 0xFFFF, 0x5DEF, 0x0E5A, 0x5061, 0x5169, 0x9061, 0x9059, 0x0D49, 0x4E59, 0x9169,
    0x7161, 0x7261, 0x5059, 0x4E6A, 0xBEFF, 0xFFFF, 0x0D6B, 0xCD50, 0xF07A, 0xEF6A, 0x5051, 0x5369, 0x9369, 0x2B49, 0xD4AC, 0xFFFF,
    0x3ACE, 0x4B41, 0x6D59, 0xB28B, 0xAD51, 0x7261, 0x5269, 0x7161, 0x7161, 0x7261, 0x7261, 0x7261, 0x7261, 0x7261, 0x7261, 0x7261,
    0x7261, 0x7261, 0x7261, 0x7261, 0x7261, 0x7261, 0x7261, 0x7261, 0x7261, 0x9261, 0x4F51, 0x2E62, 0xD8C5, 0x9EF7, 0x959C, 0x2D41,
    0x9261, 0x5269, 0x7261, 0x7261, 0x7261, 0x7261, 0x7161, 0x7261, 0x7261, 0x7261, 0x7261, 0x7261, 0x7261, 0x7261, 0x7261, 0x7261,
    0x7261, 0x7261, 0x7261, 0x7261, 0x7261, 0x7261, 0x7261, 0x7261, 0x7261, 0x7261, 0x7261, 0x7261, 0x7261, 0x7261, 0x7261, 0x7261,
    0x7261, 0x7261, 0x7261, 0x7261, 0x7261, 0x7261, 0x7261, 0x7261, 0x7261, 0x7261, 0x7261, 0x7261, 0x7261, 0x7261, 0x7261, 0x7261,
    0x7269, 0xAF59, 0x4410, 0x0000, 0x0000, 0x0000, 0x0000, 0x0000, 0x0000, 0x0000, 0x0000, 0x0000, 0x0000, 0x0000, 0x0000, 0x0000,
    0x0000, 0x0000, 0x0000, 0x0000, 0x0000, 0x0000, 0x0000, 0x0000, 0x0000, 0x0000, 0x0000, 0x0000, 0x0000, 0x0000, 0x0000, 0x0000,
    0x0000, 0x0000, 0x0000, 0x0000, 0x0000, 0x0000, 0x0000, 0x0000, 0x0000, 0x0000, 0x0000, 0x0000, 0x0000, 0x0000, 0x0000, 0x0000,
    0x0000, 0x0000, 0x0000, 0x0000, 0x0000, 0x0000, 0x0000, 0x0000, 0x0000, 0x0000, 0x0000, 0x0000, 0x0000, 0x0000, 0x0000, 0x0000,
    0x0000, 0x0000, 0x0000, 0x0000, 0x0000, 0x0000, 0x0000, 0x0000, 0x0000, 0x0000, 0x0000, 0x0000, 0x0000, 0x0000, 0x0000, 0x0000,
    0x0000, 0x0000, 0x0000, 0x0000, 0x0000, 0x0000, 0x0000, 0x0000, 0x0000, 0x0000, 0x0000, 0x0000, 0x0000, 0xC728, 0xB161, 0x7161,
    0x7161, 0x7161, 0x7261, 0x7261, 0x7261, 0x7261, 0x7261, 0x7261, 0x7261, 0x7261, 0x7261, 0x7261, 0x7261, 0x7261, 0x7261, 0x7261,
    0x7261, 0x7261, 0x7261, 0x7261, 0x7261, 0x7261, 0x7261, 0x7261, 0x7261, 0x7261, 0x7261, 0x7261, 0x7261, 0x7261, 0x7161, 0x7161,
    0x7161, 0x7261, 0x7261, 0x5261, 0xCC59, 0xFBE6, 0xFFFF, 0x3DEF, 0xEE59, 0x7261, 0x5369, 0x7161, 0x7161, 0x7261, 0x9261, 0x7161,
    0x7161, 0x9361, 0x0D41, 0x739C, 0xFFFF, 0x1CDF, 0x0C52, 0x4B49, 0xD093, 0xAC51, 0x7361, 0x5261, 0x7059, 0x8C49, 0xFCE6, 0xFFFF,
    0x959C, 0x2A39, 0xAD6A, 0x507B, 0x4D49, 0x9261, 0x7161, 0x7169, 0x7169, 0x5261, 0x7261, 0x5361, 0x5261, 0x5161, 0x7261, 0x7161,
    0x9161, 0x5169, 0x5261, 0x7261, 0x7161, 0x7169, 0x5169, 0x5269, 0x7261, 0x7261, 0x2C49, 0xB5A4, 0xFFFF, 0xFFFF, 0xD06A, 0x6F51,
    0x9261, 0x7261, 0x9161, 0x5261, 0x5269, 0x5269, 0x7261, 0x9161, 0x7161, 0x5261, 0x7261, 0x7261, 0x7261, 0x7261, 0x7261, 0x7261,
    0x7261, 0x7261, 0x7261, 0x7261, 0x7261, 0x7261, 0x7261, 0x7261, 0x7261, 0x7261, 0x7261, 0x7261, 0x7261, 0x7261, 0x7261, 0x7261,
    0x7261, 0x7261, 0x7261, 0x7261, 0x7261, 0x7261, 0x7261, 0x7261, 0x5261, 0x7161, 0x7161, 0x7161, 0x7261, 0x5261, 0x7161, 0x7161,
    0x9161, 0x6D49, 0x0108, 0x0000, 0x0000, 0x0000, 0x0000, 0x0000, 0x0000, 0x0000, 0x0000, 0x0000, 0x0000, 0x0000, 0x0000, 0x0000,
    0x0000, 0x0000, 0x0000, 0x0000, 0x0000, 0x0000, 0x0000, 0x0000, 0x0000, 0x0000, 0x0000, 0x0000, 0x0000, 0x0000, 0x0000, 0x0000,
    0x0000, 0x0000, 0x0000, 0x0000, 0x0000, 0x0000, 0x0000, 0x0000, 0x0000, 0x0000, 0x0000, 0x0000, 0x0000, 0x0000, 0x0000, 0x0000,
    0x0000, 0x0000, 0x0000, 0x0000, 0x0000, 0x0000, 0x0000, 0x0000, 0x0000, 0x0000, 0x0000, 0x0000, 0x0000, 0x0000, 0x0000, 0x0000,
    0x0000, 0x0000, 0x0000, 0x0000, 0x0000, 0x0000, 0x0000, 0x0000, 0x0000, 0x0000, 0x0000, 0x0000, 0x0000, 0x0000, 0x0000, 0x0000,
    0x0000, 0x0000, 0x0000, 0x0000, 0x0000, 0x0000, 0x0000, 0x0000, 0x0000, 0x0000, 0x0000, 0x0000, 0x0000, 0x2100, 0x6E51, 0x9269,
    0x5161, 0x7161, 0x7161, 0x7161, 0x7261, 0x7261, 0x7261, 0x7261, 0x7261, 0x7261, 0x7261, 0x7261, 0x7261, 0x7261, 0x7261, 0x7261,
    0x7261, 0x7261, 0x7261, 0x7261, 0x7261, 0x7261, 0x7261, 0x7261, 0x7261, 0x7261, 0x7261, 0x7261, 0x7261, 0x7261, 0x7161, 0x7161,
    0x7161, 0x7261, 0x5261, 0x7269, 0x2B49, 0x36B5, 0xFFFF, 0xDFFF, 0xEF6A, 0x0D49, 0x9261, 0x7261, 0x7261, 0x7261, 0x7261, 0x7161,
    0x5261, 0x9361, 0x6C49, 0x5AD6, 0xFFFF, 0x39CE, 0xA828, 0x317B, 0xCE72, 0x4E51, 0x7369, 0x7269, 0x4E51, 0x1173, 0xFFFF, 0xFFFF,
    0x2F73, 0x2939, 0x138C, 0x8D51, 0x9161, 0x7261, 0x7261, 0x7261, 0x7261, 0x9261, 0x5059, 0x7161, 0x9269, 0x7161, 0x7161, 0x7161,
    0x7161, 0x5169, 0x9269, 0x9259, 0x5159, 0x7161, 0x7269, 0x5261, 0x5261, 0xB269, 0x6B41, 0x5ACE, 0xFFFF, 0xDCE6, 0xAC49, 0x9059,
    0x7261, 0x7261, 0x7161, 0x7261, 0x7169, 0x9169, 0x9259, 0x9161, 0x7161, 0x5261, 0x7261, 0x7261, 0x7261, 0x7261, 0x7261, 0x7261,
    0x7261, 0x7261, 0x7261, 0x7261, 0x7261, 0x7261, 0x7261, 0x7261, 0x7261, 0x7261, 0x7261, 0x7261, 0x7261, 0x7261, 0x7261, 0x7261,
    0x7261, 0x7261, 0x7261, 0x7261, 0x7261, 0x7261, 0x7261, 0x7261, 0x7161, 0x7161, 0x7261, 0x7261, 0x7261, 0x7261, 0x7161, 0x7161,
    0xD161, 0xA728, 0x0000, 0x0000, 0x0000, 0x0000, 0x0000, 0x0000, 0x0000, 0x0000, 0x0000, 0x0000, 0x0000, 0x0000, 0x0000, 0x0000,
    0x0000, 0x0000, 0x0000, 0x0000, 0x0000, 0x0000, 0x0000, 0x0000, 0x0000, 0x0000, 0x0000, 0x0000, 0x0000, 0x0000, 0x0000, 0x0000,
    0x0000, 0x0000, 0x0000, 0x0000, 0x0000, 0x0000, 0x0000, 0x0000, 0x0000, 0x0000, 0x0000, 0x0000, 0x0000, 0x0000, 0x0000, 0x0000,
    0x0000, 0x0000, 0x0000, 0x0000, 0x0000, 0x0000, 0x0000, 0x0000, 0x0000, 0x0000, 0x0000, 0x0000, 0x0000, 0x0000, 0x0000, 0x0000,
    0x0000, 0x0000, 0x0000, 0x0000, 0x0000, 0x0000, 0x0000, 0x0000, 0x0000, 0x0000, 0x0000, 0x0000, 0x0000, 0x0000, 0x0000, 0x0000,
    0x0000, 0x0000, 0x0000, 0x0000, 0x0000, 0x0000, 0x0000, 0x0000, 0x0000, 0x0000, 0x0000, 0x0000, 0x0000, 0x0000, 0x4418, 0x8F51,
    0x9361, 0x5361, 0x5261, 0x7169, 0x7161, 0x7261, 0x7261, 0x7261, 0x7261, 0x7261, 0x7261, 0x7261, 0x7261, 0x7261, 0x7261, 0x7261,
    0x7261, 0x7261, 0x7261, 0x7261, 0x7261, 0x7261, 0x7261, 0x7261, 0x7261, 0x7261, 0x7261, 0x7261, 0x7261, 0x7261, 0x7161, 0x7161,
    0x7261, 0x5261, 0x5261, 0x7269, 0x6F59, 0xAC51, 0x7AD6, 0xFFFF, 0xBADE, 0xAC62, 0xCC51, 0x8E51, 0x7161, 0x7261, 0x7261, 0x7161,
    0x7261, 0x5059, 0x2E62, 0xDFFF, 0xFFFF, 0x318C, 0x6B5A, 0xB38B, 0x2D49, 0x9061, 0x7161, 0x7269, 0xED48, 0xF4AC, 0xFFFF, 0x5DEF,
    0xE949, 0xD28B, 0x4F62, 0x3059, 0x7269, 0x7261, 0x5361, 0x9361, 0x4F51, 0x4D49, 0x2E62, 0xCC51, 0x0D41, 0x9159, 0x9161, 0x7161,
    0x7261, 0x9261, 0x4D51, 0x8C51, 0x1062, 0x8D51, 0x2C49, 0x9161, 0x9261, 0x0C49, 0x0B52, 0x9EF7, 0xFFFF, 0x55AD, 0x4731, 0xAD59,
    0x7061, 0x5261, 0x7361, 0x9059, 0x2C41, 0x2B41, 0x6E51, 0x7059, 0x7161, 0x7161, 0x7261, 0x7261, 0x7261, 0x7261, 0x7261, 0x7261,
    0x7261, 0x7261, 0x7261, 0x7261, 0x7261, 0x7261, 0x7261, 0x7261, 0x7261, 0x7261, 0x7261, 0x7261, 0x7261, 0x7261, 0x7261, 0x7261,
    0x7261, 0x7261, 0x7261, 0x7261, 0x7261, 0x7261, 0x7261, 0x7261, 0x9161, 0x9161, 0x7261, 0x5261, 0x7169, 0x7061, 0x7161, 0x9369,
    0x0B39, 0x0200, 0x0000, 0x0000, 0x0000, 0x0000, 0x0000, 0x0000, 0x0000, 0x0000, 0x0000, 0x0000, 0x0000, 0x0000, 0x0000, 0x0000,
    0x0000, 0x0000, 0x0000, 0x0000, 0x0000, 0x0000, 0x0000, 0x0000, 0x0000, 0x0000, 0x0000, 0x0000, 0x0000, 0x0000, 0x0000, 0x0000,
    0x0000, 0x0000, 0x0000, 0x0000, 0x0000, 0x0000, 0x0000, 0x0000, 0x0000, 0x0000, 0x0000, 0x0000, 0x0000, 0x0000, 0x0000, 0x0000,
    0x0000, 0x0000, 0x0000, 0x0000, 0x0000, 0x0000, 0x0000, 0x0000, 0x0000, 0x0000, 0x0000, 0x0000, 0x0000, 0x0000, 0x0000, 0x0000,
    0x0000, 0x0000, 0x0000, 0x0000, 0x0000, 0x0000, 0x0000, 0x0000, 0x0000, 0x0000, 0x0000, 0x0000, 0x0000, 0x0000, 0x0000, 0x0000,
    0x0000, 0x0000, 0x0000, 0x0000, 0x0000, 0x0000, 0x0000, 0x0000, 0x0000, 0x0000, 0x0000, 0x0000, 0x0000, 0x0000, 0x0000, 0x4510,
    0x6F51, 0x9261, 0x7161, 0x5169, 0x7161, 0x7261, 0x7261, 0x7261, 0x7261, 0x7261, 0x7261, 0x7261, 0x7261, 0x7261, 0x7261, 0x7261,
    0x7261, 0x7261, 0x7261, 0x7261, 0x7261, 0x7261, 0x7261, 0x7261, 0x7261, 0x7261, 0x7261, 0x7261, 0x7261, 0x7161, 0x7161, 0x7261,
    0x5261, 0x5361, 0x7261, 0x9161, 0x9261, 0x2D41, 0x0731, 0xB394, 0xFFFF, 0xFFFF, 0xDCE6, 0x0E5A, 0x5159, 0x7261, 0x7261, 0x7261,
    0x9261, 0x2E51, 0xB38B, 0xFFFF, 0xFFFF, 0xF4AC, 0xD193, 0x4C49, 0x9259, 0x7261, 0x7061, 0x7169, 0x4D51, 0x58D6, 0xFFFF, 0xFBDE,
    0x3294, 0xCF72, 0x2E49, 0x7269, 0x5169, 0x7161, 0xB161, 0x2D49, 0x8F6A, 0x5183, 0x707B, 0x7AD6, 0xF6AC, 0x6D49, 0x9161, 0x7169,
    0x9161, 0x2D41, 0xCF72, 0xED72, 0xB5A4, 0xFCE6, 0xD18B, 0x6D49, 0x4E51, 0x107B, 0xD8C5, 0xFFFF, 0xFFFF, 0x7CEF, 0xDBE6, 0x4E6A,
    0x4F59, 0x5369, 0x7261, 0x6C49, 0xB59C, 0x5ACE, 0x928B, 0x0E51, 0x9269, 0x7161, 0x7261, 0x7261, 0x7261, 0x7261, 0x7261, 0x7261,
    0x7261, 0x7261, 0x7261, 0x7261, 0x7261, 0x7261, 0x7261, 0x7261, 0x7261, 0x7261, 0x7261, 0x7261, 0x7261, 0x7261, 0x7261, 0x7261,
    0x7261, 0x7261, 0x7261, 0x7261, 0x7261, 0x7261, 0x7261, 0x7261, 0x7261, 0x7261, 0x7261, 0x5269, 0x5261, 0x7161, 0xB061, 0xAA30,
    0x0200, 0x0000, 0x0000, 0x2000, 0x0000, 0x0000, 0x0000, 0x0000, 0x0000, 0x0000, 0x0000, 0x0000, 0x0000, 0x0000, 0x0000, 0x0000,
    0x0000, 0x0000, 0x0000, 0x0000, 0x0000, 0x0000, 0x0000, 0x0000, 0x0000, 0x0000, 0x0000, 0x0000, 0x0000, 0x0000, 0x0000, 0x0000,
    0x0000, 0x0000, 0x0000, 0x0000, 0x0000, 0x0000, 0x0000, 0x0000, 0x0000, 0x0000, 0x0000, 0x0000, 0x0000, 0x0000, 0x0000, 0x0000,
    0x0000, 0x0000, 0x0000, 0x0000, 0x0000, 0x0000, 0x0000, 0x0000, 0x0000, 0x0000, 0x0000, 0x0000, 0x0000, 0x0000, 0x0000, 0x0000,
    0x0000, 0x0000, 0x0000, 0x0000, 0x0000, 0x0000, 0x0000, 0x0000, 0x0000, 0x0000, 0x0000, 0x0000, 0x0000, 0x0000, 0x0000, 0x0000,
    0x0000, 0x0000, 0x0000, 0x0000, 0x0000, 0x0000, 0x0000, 0x0000, 0x0000, 0x0000, 0x0000, 0x0000, 0x0000, 0x0000, 0x0000, 0x0000,
    0x0310, 0x0A41, 0xB061, 0x7161, 0x5261, 0x5361, 0x7261, 0x7261, 0x7261, 0x7261, 0x7261, 0x7261, 0x7261, 0x7261, 0x7261, 0x7261,
    0x7261, 0x7261, 0x7261, 0x7261, 0x7261, 0x7261, 0x7261, 0x7261, 0x7261, 0x7261, 0x7261, 0x7261, 0x7261, 0x7261, 0x7261, 0x7261,
    0x5261, 0x7261, 0xB161, 0x6E59, 0x4B41, 0x6F7B, 0xF8C5, 0x36AD, 0xF38B, 0x3394, 0x728B, 0x6F59, 0x7261, 0x7161, 0x7161, 0x7261,
    0x9269, 0x0C41, 0x37B5, 0xFFFF, 0xFFFF, 0x16B5, 0x0B41, 0x9161, 0x7261, 0x5261, 0x7269, 0x5061, 0xCE59, 0x9EF7, 0xFFFF, 0x7EF7,
    0xCF72, 0x2D51, 0x9261, 0x7261, 0x7161, 0xB161, 0x2B41, 0xD28B, 0x77C5, 0x8B51, 0x0B39, 0x35A5, 0xFFFF, 0xB283, 0x2F51, 0xB269,
    0x0B49, 0x749C, 0xD393, 0x2C41, 0xCD49, 0x7EF7, 0xFFFF, 0x8F6A, 0x0B41, 0xBCE6, 0xFFFF, 0xDFFF, 0xFFFF, 0xDFFF, 0xBCE6, 0x8C51,
    0x7161, 0x7369, 0x0E51, 0xB183, 0xFFFF, 0xFFFF, 0x7083, 0x2E51, 0x7369, 0x7261, 0x7261, 0x7261, 0x7261, 0x7261, 0x7261, 0x7261,
    0x7261, 0x7261, 0x7261, 0x7261, 0x7261, 0x7261, 0x7261, 0x7261, 0x7261, 0x7261, 0x7261, 0x7261, 0x7261, 0x7261, 0x7261, 0x7261,
    0x7261, 0x7261, 0x7261, 0x7261, 0x7261, 0x7261, 0x7261, 0x7261, 0x7261, 0x7269, 0x5269, 0x5261, 0x9261, 0x9051, 0x8620, 0x0000,
    0x0000, 0x0000, 0x0000, 0x0000, 0x0000, 0x0000, 0x0000, 0x0000, 0x0000, 0x0000, 0x0000, 0x0000, 0x0000, 0x0000, 0x0000, 0x0000,
    0x0000, 0x0000, 0x0000, 0x0000, 0x0000, 0x0000, 0x0000, 0x0000, 0x0000, 0x0000, 0x0000, 0x0000, 0x0000, 0x0000, 0x0000, 0x0000,
    0x0000, 0x0000, 0x0000, 0x0000, 0x0000, 0x0000, 0x0000, 0x0000, 0x0000, 0x0000, 0x0000, 0x0000, 0x0000, 0x0000, 0x0000, 0x0000,
    0x0000, 0x0000, 0x0000, 0x0000, 0x0000, 0x0000, 0x0000, 0x0000, 0x0000, 0x0000, 0x0000, 0x0000, 0x0000, 0x0000, 0x0000, 0x0000,
    0x0000, 0x0000, 0x0000, 0x0000, 0x0000, 0x0000, 0x0000, 0x0000, 0x0000, 0x0000, 0x0000, 0x0000, 0x0000, 0x0000, 0x0000, 0x0000,
    0x0000, 0x0000, 0x0000, 0x0000, 0x0000, 0x0000, 0x0000, 0x0000, 0x0000, 0x0000, 0x0000, 0x0000, 0x0000, 0x0000, 0x0000, 0x0000,
    0x0000, 0x0008, 0xC830, 0xB059, 0x9261, 0x7261, 0x7261, 0x7261, 0x7261, 0x7261, 0x7261, 0x7261, 0x7261, 0x7261, 0x7261, 0x7261,
    0x7261, 0x7261, 0x7261, 0x7261, 0x7261, 0x7261, 0x7261, 0x7261, 0x7261, 0x7261, 0x7261, 0x7261, 0x7261, 0x7261, 0x7261, 0x5269,
    0x5261, 0x9261, 0x6E51, 0xED59, 0x39CE, 0xFFFF, 0x58B5, 0x4C41, 0x4E49, 0x2E49, 0x2E51, 0x7161, 0x5261, 0x7161, 0x7161, 0x7261,
    0x9161, 0x8C51, 0x5AD6, 0xFFFF, 0xDBDE, 0x2A41, 0x9159, 0x7361, 0x7261, 0x7261, 0x7261, 0x4F51, 0x317B, 0xFFFF, 0xFFFF, 0x328C,
    0xEB40, 0x9269, 0x5261, 0x7261, 0x9361, 0x4F49, 0xCF6A, 0xBFFF, 0x4D62, 0x8F59, 0x2F49, 0x9494, 0xFFFF, 0xF293, 0x2F51, 0x2D49,
    0x539C, 0x7ADE, 0x0B41, 0xB261, 0xAE49, 0xFDE6, 0x9BDE, 0x0D62, 0x6C49, 0x907B, 0x7DEF, 0xFFFF, 0x9BD6, 0xEC49, 0x8D51, 0x6F59,
    0x9161, 0x9161, 0x6B49, 0x19CE, 0xDFF7, 0xFFFF, 0x35AD, 0x0B41, 0x9261, 0x5261, 0x7261, 0x7261, 0x7261, 0x7261, 0x7261, 0x7261,
    0x7261, 0x7261, 0x7261, 0x7261, 0x7261, 0x7261, 0x7261, 0x7261, 0x7261, 0x7261, 0x7261, 0x7261, 0x7261, 0x7261, 0x7261, 0x7261,
    0x7261, 0x7261, 0x7261, 0x7261, 0x7261, 0x7261, 0x7261, 0x7261, 0x7169, 0x5169, 0x5261, 0xB261, 0x4D49, 0x4410, 0x0000, 0x0000,
    0x0000, 0x0000, 0x0000, 0x0000, 0x0000, 0x0000, 0x0000, 0x0000, 0x0000, 0x0000, 0x0000, 0x0000, 0x0000, 0x0000, 0x0000, 0x0000,
    0x0000, 0x0000, 0x0000, 0x0000, 0x0000, 0x0000, 0x0000, 0x0000, 0x0000, 0x0000, 0x0000, 0x0000, 0x0000, 0x0000, 0x0000, 0x0000,
    0x0000, 0x0000, 0x0000, 0x0000, 0x0000, 0x0000, 0x0000, 0x0000, 0x0000, 0x0000, 0x0000, 0x0000, 0x0000, 0x0000, 0x0000, 0x0000,
    0x0000, 0x0000, 0x0000, 0x0000, 0x0000, 0x0000, 0x0000, 0x0000, 0x0000, 0x0000, 0x0000, 0x0000, 0x0000, 0x0000, 0x0000, 0x0000,
    0x0000, 0x0000, 0x0000, 0x0000, 0x0000, 0x0000, 0x0000, 0x0000, 0x0000, 0x0000, 0x0000, 0x0000, 0x0000, 0x0000, 0x0000, 0x0000,
    0x0000, 0x0000, 0x0000, 0x0000, 0x0000, 0x0000, 0x0000, 0x0000, 0x0000, 0x0000, 0x0000, 0x0000, 0x0000, 0x0000, 0x0000, 0x0000,
    0x0000, 0x0000, 0x0000, 0x6518, 0x6D51, 0xB161, 0x7261, 0x7261, 0x7261, 0x7261, 0x7261, 0x7261, 0x7261, 0x7261, 0x7261, 0x7261,
    0x7261, 0x7261, 0x7261, 0x7261, 0x7261, 0x7261, 0x7261, 0x7261, 0x7261, 0x7261, 0x7261, 0x7261, 0x7261, 0x7161, 0x7161, 0x7269,
    0x7161, 0x9059, 0xAC51, 0xBCDE, 0xFFFF, 0xBCDE, 0x4C41, 0x7059, 0xB169, 0x9161, 0x9169, 0x7069, 0x7269, 0x7161, 0x7161, 0x7261,
    0x9161, 0xAB51, 0x7DF7, 0xFFFF, 0x98BD, 0x2C49, 0x9269, 0x5269, 0x5261, 0x7061, 0xB269, 0x0C41, 0x3294, 0xFFFF, 0xDFFF, 0xEF72,
    0x4F51, 0x7369, 0x7261, 0x7261, 0x9261, 0x4D49, 0x1CE7, 0x9ADE, 0x6D49, 0xB159, 0x0B41, 0xFCDE, 0xBBDE, 0x8C59, 0x4F51, 0x6E5A,
    0xFFFF, 0xF28B, 0x0D51, 0x9061, 0xCD51, 0x107B, 0x6B51, 0x6E61, 0x4C49, 0x0E6B, 0xFFFF, 0xFFFF, 0x549C, 0x0B41, 0x9161, 0x7161,
    0x9161, 0x2C49, 0xD28B, 0x8D5A, 0x5ACE, 0xFFFF, 0xBEF7, 0x6E62, 0x4F51, 0x7269, 0x7261, 0x7261, 0x7261, 0x7261, 0x7261, 0x7261,
    0x7261, 0x7261, 0x7261, 0x7261, 0x7261, 0x7261, 0x7261, 0x7261, 0x7261, 0x7261, 0x7261, 0x7261, 0x7261, 0x7261, 0x7261, 0x7261,
    0x7261, 0x7261, 0x7261, 0x7261, 0x7261, 0x7261, 0x7261, 0x7161, 0x7161, 0x9161, 0xB059, 0xEA30, 0x0208, 0x0000, 0x2000, 0x0000,
    0x0000, 0x0000, 0x0000, 0x0000, 0x0000, 0x0000, 0x0000, 0x0000, 0x0000, 0x0000, 0x0000, 0x0000, 0x0000, 0x0000, 0x0000, 0x0000,
    0x0000, 0x0000, 0x0000, 0x0000, 0x0000, 0x0000, 0x0000, 0x0000, 0x0000, 0x0000, 0x0000, 0x0000, 0x0000, 0x0000, 0x0000, 0x0000,
    0x0000, 0x0000, 0x0000, 0x0000, 0x0000, 0x0000, 0x0000, 0x0000, 0x0000, 0x0000, 0x0000, 0x0000, 0x0000, 0x0000, 0x0000, 0x0000,
    0x0000, 0x0000, 0x0000, 0x0000, 0x0000, 0x0000, 0x0000, 0x0000, 0x0000, 0x0000, 0x0000, 0x0000, 0x0000, 0x0000, 0x0000, 0x0000,
    0x0000, 0x0000, 0x0000, 0x0000, 0x0000, 0x0000, 0x0000, 0x0000, 0x0000, 0x0000, 0x0000, 0x0000, 0x0000, 0x0000, 0x0000, 0x0000,
    0x0000, 0x0000, 0x0000, 0x0000, 0x0000, 0x0000, 0x0000, 0x0000, 0x0000, 0x0000, 0x0000, 0x0000, 0x0000, 0x0000, 0x0000, 0x0000,
    0x0100, 0x2000, 0x2000, 0x0000, 0x0210, 0x0B41, 0x9169, 0x7161, 0x7161, 0x7261, 0x7261, 0x7261, 0x7261, 0x7261, 0x7261, 0x7261,
    0x7161, 0x7161, 0x7161, 0x7261, 0x7261, 0x7261, 0x7261, 0x7261, 0x7261, 0x7261, 0x7261, 0x7261, 0x7261, 0x7161, 0x7161, 0x7169,
    0x9169, 0x0C49, 0x549C, 0xFFFF, 0xFFFF, 0x749C, 0x2D49, 0x9269, 0x5169, 0x7261, 0x7261, 0x7161, 0x5269, 0x7161, 0x7161, 0x9361,
    0xED48, 0x928B, 0xFFFF, 0xFFFF, 0x3494, 0x2E49, 0x9069, 0x5269, 0x3361, 0x9061, 0x9061, 0x4B41, 0x59CE, 0xFFFF, 0x5DEF, 0xED59,
    0x7061, 0x7269, 0x7261, 0x9169, 0x0E51, 0x7183, 0xFFFF, 0xF3A4, 0xEB28, 0xAE51, 0x56BD, 0x39C6, 0xAB51, 0x4F59, 0x2D49, 0xB8B5,
    0xFFFF, 0x8F6A, 0x1161, 0x5269, 0x8F59, 0x4E51, 0x7261, 0x9369, 0x0C49, 0x98BD, 0xFFFF, 0x9EF7, 0x4C5A, 0x8F59, 0x5269, 0x7369,
    0x2E51, 0x8E6A, 0xD183, 0xE930, 0x507B, 0xFFFF, 0xFFFF, 0x97BD, 0x0B49, 0x9269, 0x7261, 0x7261, 0x7261, 0x7261, 0x7261, 0x7261,
    0x7261, 0x7261, 0x7261, 0x7261, 0x7261, 0x7261, 0x7261, 0x7261, 0x7261, 0x7161, 0x7161, 0x7261, 0x7261, 0x7261, 0x7261, 0x7261,
    0x7261, 0x7261, 0x7261, 0x7261, 0x7161, 0x7161, 0x7261, 0x7261, 0x9261, 0x6F49, 0x8620, 0x0000, 0x0000, 0x0000, 0x0000, 0x0000,
    0x0000, 0x0000, 0x0000, 0x0000, 0x0000, 0x0000, 0x0000, 0x0000, 0x0000, 0x0000, 0x0000, 0x0000, 0x0000, 0x0000, 0x0000, 0x0000,
    0x0000, 0x0000, 0x0000, 0x0000, 0x0000, 0x0000, 0x0000, 0x0000, 0x0000, 0x0000, 0x0000, 0x0000, 0x0000, 0x0000, 0x0000, 0x0000,
    0x0000, 0x0000, 0x0000, 0x0000, 0x0000, 0x0000, 0x0000, 0x0000, 0x0000, 0x0000, 0x0000, 0x0000, 0x0000, 0x0000, 0x0000, 0x0000,
    0x0000, 0x0000, 0x0000, 0x0000, 0x0000, 0x0000, 0x0000, 0x0000, 0x0000, 0x0000, 0x0000, 0x0000, 0x0000, 0x0000, 0x0000, 0x0000,
    0x0000, 0x0000, 0x0000, 0x0000, 0x0000, 0x0000, 0x0000, 0x0000, 0x0000, 0x0000, 0x0000, 0x0000, 0x0000, 0x0000, 0x0000, 0x0000,
    0x0000, 0x0000, 0x0000, 0x0000, 0x0000, 0x0000, 0x0000, 0x0000, 0x0000, 0x0000, 0x0000, 0x0000, 0x0000, 0x0000, 0x0000, 0x0000,
    0x0000, 0x0000, 0x0000, 0x0000, 0x0000, 0x0100, 0x8628, 0x8D59, 0x9161, 0x5261, 0x5369, 0x5261, 0x7161, 0x7261, 0x7261, 0x7261,
    0x7161, 0x7161, 0x7161, 0x7261, 0x7261, 0x7261, 0x7261, 0x7261, 0x7261, 0x7261, 0x7261, 0x7261, 0x7261, 0x7261, 0x7161, 0x5261,
    0x9261, 0x4B49, 0x5AD6, 0xFFFF, 0xFFFF, 0xF18B, 0x0E49, 0x7361, 0x5269, 0x7169, 0x7161, 0x7261, 0x5269, 0x5161, 0xD161, 0x4E41,
    0xD06A, 0xBFFF, 0xDFFF, 0xFFFF, 0x0F6B, 0x1059, 0x7271, 0x7161, 0x7361, 0xB159, 0x2B39, 0x77B5, 0xFFFF, 0xFFFF, 0x7AD6, 0x4C49,
    0x7269, 0x5269, 0x7261, 0x9269, 0x4D51, 0x98C5, 0xFFFF, 0xD6BD, 0x2F6B, 0x359C, 0x3183, 0x0C41, 0x5061, 0x7061, 0xED61, 0x5DEF,
    0xFFFF, 0x6F62, 0x3059, 0x7269, 0x9161, 0x9261, 0x7361, 0x7269, 0xAD59, 0xFBE6, 0xFFFF, 0x39CE, 0x4C49, 0x9161, 0x7169, 0x7159,
    0x0D5A, 0x1294, 0x4C49, 0xB161, 0x2A41, 0xB7BD, 0xFFFF, 0xBBDE, 0x8D59, 0x7261, 0x7261, 0x7261, 0x7261, 0x7261, 0x7261, 0x7261,
    0x7261, 0x7261, 0x7261, 0x7261, 0x7261, 0x7261, 0x7261, 0x7261, 0x7161, 0x7169, 0x7169, 0x7161, 0x7261, 0x7261, 0x7261, 0x7261,
    0x7161, 0x7161, 0x7161, 0x7261, 0x7161, 0x7161, 0x7161, 0x9261, 0x2A39, 0x2208, 0x0000, 0x0000, 0x0000, 0x0000, 0x0000, 0x0000,
    0x0000, 0x0000, 0x0000, 0x0000, 0x0000, 0x0000, 0x0000, 0x0000, 0x0000, 0x0000, 0x0000, 0x0000, 0x0000, 0x0000, 0x0000, 0x0000,
    0x0000, 0x0000, 0x0000, 0x0000, 0x0000, 0x0000, 0x0000, 0x0000, 0x0000, 0x0000, 0x0000, 0x0000, 0x0000, 0x0000, 0x0000, 0x0000,
    0x0000, 0x0000, 0x0000, 0x0000, 0x0000, 0x0000, 0x0000, 0x0000, 0x0000, 0x0000, 0x0000, 0x0000, 0x0000, 0x0000, 0x0000, 0x0000,
    0x0000, 0x0000, 0x0000, 0x0000, 0x0000, 0x0000, 0x0000, 0x0000, 0x0000, 0x0000, 0x0000, 0x0000, 0x0000, 0x0000, 0x0000, 0x0000,
    0x0000, 0x0000, 0x0000, 0x0000, 0x0000, 0x0000, 0x0000, 0x0000, 0x0000, 0x0000, 0x0000, 0x0000, 0x0000, 0x0000, 0x0000, 0x0000,
    0x0000, 0x0000, 0x0000, 0x0000, 0x0000, 0x0000, 0x0000, 0x0000, 0x0000, 0x0000, 0x0000, 0x0000, 0x0000, 0x0000, 0x0000, 0x0000,
    0x0000, 0x0000, 0x0000, 0x0000, 0x0000, 0x0000, 0x0000, 0x2410, 0x2B41, 0x9061, 0x7261, 0x5261, 0x5261, 0x7161, 0x7161, 0x7261,
    0x5261, 0x5261, 0x7261, 0x7161, 0x7161, 0x7161, 0x7261, 0x7261, 0x7261, 0x7261, 0x7261, 0x7261, 0x7261, 0x7261, 0x7161, 0x5261,
    0x7261, 0x6C49, 0xDCE6, 0xFFFF, 0xFFFF, 0x93A4, 0x2C49, 0x9269, 0x5269, 0x7169, 0x7161, 0x7261, 0x5361, 0x9369, 0x2D49, 0x2B52,
    0x3CEF, 0xFFFF, 0xFFFF, 0x7DEF, 0x2D5A, 0x5261, 0x5369, 0x7361, 0xB159, 0x0939, 0x5394, 0xFFFF, 0xDFFF, 0xFFFF, 0x16AD, 0x4C49,
    0x7169, 0x5369, 0x9361, 0x6E51, 0xE830, 0xDBDE, 0xFFFF, 0x7AD6, 0x2D5A, 0x6D51, 0x0E51, 0x9269, 0x9369, 0x2E51, 0xAA49, 0x7CEF,
    0xFFFF, 0xCF72, 0x4E59, 0x7269, 0x5261, 0x7361, 0xB261, 0xEC40, 0x4C5A, 0xDEFF, 0xFFFF, 0x36B5, 0xED48, 0x9269, 0x9361, 0x0C39,
    0x0E73, 0x2E62, 0x5061, 0x9269, 0x2F51, 0xAF62, 0xFFFF, 0x18C6, 0x0D49, 0x7269, 0x7261, 0x7261, 0x7261, 0x7261, 0x7261, 0x7261,
    0x7261, 0x7261, 0x7261, 0x7261, 0x7261, 0x7261, 0x7261, 0x7261, 0x7161, 0x7161, 0x7161, 0x7161, 0x7261, 0x7261, 0x7161, 0x7161,
    0x7161, 0x7169, 0x7169, 0x5261, 0x7261, 0x9261, 0x8E51, 0x8620, 0x0000, 0x0000, 0x0000, 0x0000, 0x0000, 0x0000, 0x0000, 0x0000,
    0x0000, 0x0000, 0x0000, 0x0000, 0x0000, 0x0000, 0x0000, 0x0000, 0x0000, 0x0000, 0x0000, 0x0000, 0x0000, 0x0000, 0x0000, 0x0000,
    0x0000, 0x0000, 0x0000, 0x0000, 0x0000, 0x0000, 0x0000, 0x0000, 0x0000, 0x0000, 0x0000, 0x0000, 0x0000, 0x0000, 0x0000, 0x0000,
    0x0000, 0x0000, 0x0000, 0x0000, 0x0000, 0x0000, 0x0000, 0x0000, 0x0000, 0x0000, 0x0000, 0x0000, 0x0000, 0x0000, 0x0000, 0x0000,
    0x0000, 0x0000, 0x0000, 0x0000, 0x0000, 0x0000, 0x0000, 0x0000, 0x0000, 0x0000, 0x0000, 0x0000, 0x0000, 0x0000, 0x0000, 0x0000,
    0x0000, 0x0000, 0x0000, 0x0000, 0x0000, 0x0000, 0x0000, 0x0000, 0x0000, 0x0000, 0x0000, 0x0000, 0x0000, 0x0000, 0x0000, 0x0000,
    0x0000, 0x0000, 0x0000, 0x0000, 0x0000, 0x0000, 0x0000, 0x0000, 0x0000, 0x0000, 0x0000, 0x0000, 0x0000, 0x0000, 0x0000, 0x0000,
    0x0000, 0x0000, 0x0000, 0x0000, 0x0000, 0x0000, 0x2000, 0x0000, 0x0100, 0x8728, 0x6D51, 0xB169, 0x5169, 0x5161, 0x7161, 0x7261,
    0x5261, 0x7261, 0x7261, 0x7161, 0x9161, 0x7161, 0x7261, 0x7261, 0x7261, 0x7261, 0x7261, 0x7261, 0x7261, 0x7161, 0x7161, 0x5261,
    0x9261, 0x4C49, 0xB8C5, 0xFFFF, 0xFFFF, 0xFCE6, 0x6B49, 0x6F59, 0x9269, 0x9269, 0x9369, 0xB369, 0x7059, 0x2D49, 0xEC59, 0x2531,
    0x0F8C, 0xFFFF, 0xFFFF, 0xBAD6, 0x0939, 0x9161, 0x7161, 0x0F49, 0xAC51, 0xA851, 0xA741, 0x7AD6, 0xFFFF, 0xFFFF, 0xB183, 0x0B41,
    0xB161, 0x7061, 0xED40, 0xCF6A, 0x0942, 0xBAD6, 0xFFFF, 0x3DEF, 0x8B49, 0x4E51, 0x9269, 0x7161, 0xEC48, 0x4D62, 0xCC5A, 0x3BDF,
    0xFFFF, 0xF5AC, 0xC938, 0x9161, 0x7269, 0x2F59, 0x2B49, 0x0F6B, 0xAF73, 0xFFFF, 0xFFFF, 0x15AD, 0xEC48, 0x9069, 0x4C49, 0x4A39,
    0x2831, 0x0B41, 0x7061, 0x7361, 0x7361, 0xCD51, 0xBDFF, 0x717B, 0x0E49, 0x9269, 0x7261, 0x7261, 0x7261, 0x7261, 0x7261, 0x7261,
    0x7261, 0x7261, 0x7261, 0x7261, 0x7261, 0x7261, 0x7261, 0x7261, 0x7261, 0x7261, 0x7261, 0x7261, 0x7161, 0x7161, 0x7161, 0x7161,
    0x7161, 0x5169, 0x5269, 0x7361, 0x9159, 0x0A39, 0x2208, 0x0000, 0x0000, 0x0000, 0x0000, 0x0000, 0x0000, 0x0000, 0x0000, 0x0000,
    0x0000, 0x0000, 0x0000, 0x0000, 0x0000, 0x0000, 0x0000, 0x0000, 0x0000, 0x0000, 0x0000, 0x0000, 0x0000, 0x0000, 0x0000, 0x0000,
    0x0000, 0x0000, 0x0000, 0x0000, 0x0000, 0x0000, 0x0000, 0x0000, 0x0000, 0x0000, 0x0000, 0x0000, 0x0000, 0x0000, 0x0000, 0x0000,
    0x0000, 0x0000, 0x0000, 0x0000, 0x0000, 0x0000, 0x0000, 0x0000, 0x0000, 0x0000, 0x0000, 0x0000, 0x0000, 0x0000, 0x0000, 0x0000,
    0x0000, 0x0000, 0x0000, 0x0000, 0x0000, 0x0000, 0x0000, 0x0000, 0x0000, 0x0000, 0x0000, 0x0000, 0x0000, 0x0000, 0x0000, 0x0000,
    0x0000, 0x0000, 0x0000, 0x0000, 0x0000, 0x0000, 0x0000, 0x0000, 0x0000, 0x0000, 0x0000, 0x0000, 0x0000, 0x0000, 0x0000, 0x0000,
    0x0000, 0x0000, 0x0000, 0x0000, 0x0000, 0x0000, 0x0000, 0x0000, 0x0000, 0x0000, 0x0000, 0x0000, 0x0000, 0x0000, 0x0000, 0x0000,
    0x0000, 0x0000, 0x0000, 0x0000, 0x0000, 0x0000, 0x0000, 0x0000, 0x0000, 0x0000, 0x0310, 0xEA38, 0x9061, 0x9269, 0x5261, 0x7261,
    0x7169, 0x7161, 0x7161, 0x7261, 0x7261, 0x7261, 0x7261, 0x7261, 0x7261, 0x7261, 0x7261, 0x7261, 0x7161, 0x7161, 0x7261, 0x5261,
    0x9261, 0x4E49, 0xEF72, 0xFFFF, 0xFFFF, 0xFFFF, 0xB8BD, 0x8B49, 0x0C41, 0x2E49, 0x2E49, 0xEC40, 0x0C52, 0x94A4, 0x5183, 0x0939,
    0xCB49, 0x9EF7, 0xFFFF, 0x9EF7, 0x5173, 0x4B49, 0xAA49, 0xEF6A, 0x57BD, 0x6D6A, 0xA728, 0x9294, 0xFFFF, 0xFFFF, 0xF9C5, 0xED51,
    0x6C49, 0xCC51, 0x549C, 0xD6AC, 0x4831, 0xD7BD, 0xFFFF, 0xFFFF, 0xB9C5, 0xED59, 0x6C49, 0xAB51, 0xD293, 0xF6AC, 0x8B52, 0xBEEF,
    0xDFFF, 0xBEFF, 0xB283, 0x8D41, 0x8C49, 0x2D5A, 0xF6B4, 0xB083, 0xCC5A, 0xFFFF, 0xFFFF, 0xDBDE, 0xCC51, 0xCB51, 0xD18B, 0x2C52,
    0x6939, 0x949C, 0xAB51, 0x9159, 0xCE40, 0x918B, 0x97BD, 0x0D41, 0x9261, 0x7161, 0x7261, 0x7261, 0x7261, 0x7261, 0x7261, 0x7261,
    0x7261, 0x7261, 0x7261, 0x7261, 0x7261, 0x7261, 0x7261, 0x7261, 0x7261, 0x7261, 0x7261, 0x7261, 0x7161, 0x7269, 0x7261, 0x5261,
    0x5261, 0x7269, 0x9161, 0x4D51, 0x6520, 0x0000, 0x0000, 0x0000, 0x0000, 0x0000, 0x0000, 0x0000, 0x0000, 0x0000, 0x0000, 0x0000,
    0x0000, 0x0000, 0x0000, 0x0000, 0x0000, 0x0000, 0x0000, 0x0000, 0x0000, 0x0000, 0x0000, 0x0000, 0x0000, 0x0000, 0x0000, 0x0000,
    0x0000, 0x0000, 0x0000, 0x0000, 0x0000, 0x0000, 0x0000, 0x0000, 0x0000, 0x0000, 0x0000, 0x0000, 0x0000, 0x0000, 0x0000, 0x0000,
    0x0000, 0x0000, 0x0000, 0x0000, 0x0000, 0x0000, 0x0000, 0x0000, 0x0000, 0x0000, 0x0000, 0x0000, 0x0000, 0x0000, 0x0000, 0x0000,
    0x0000, 0x0000, 0x0000, 0x0000, 0x0000, 0x0000, 0x0000, 0x0000, 0x0000, 0x0000, 0x0000, 0x0000, 0x0000, 0x0000, 0x0000, 0x0000,
    0x0000, 0x0000, 0x0000, 0x0000, 0x0000, 0x0000, 0x0000, 0x0000, 0x0000, 0x0000, 0x0000, 0x0000, 0x0000, 0x0000, 0x0000, 0x0000,
    0x0000, 0x0000, 0x0000, 0x0000, 0x0000, 0x0000, 0x0000, 0x0000, 0x0000, 0x0000, 0x0000, 0x0000, 0x0000, 0x0000, 0x0000, 0x0000,
    0x0000, 0x0000, 0x0000, 0x0000, 0x0000, 0x0000, 0x0000, 0x0000, 0x0000, 0x0000, 0x0000, 0x0100, 0x4518, 0x2D49, 0x9169, 0x9161,
    0x7161, 0x7169, 0x5261, 0x5261, 0x5361, 0x7261, 0x7261, 0x7261, 0x7261, 0x7261, 0x7261, 0x7261, 0x7161, 0x7161, 0x7261, 0x7261,
    0x7161, 0xB161, 0x2C41, 0xD38B, 0xDFFF, 0xFFFF, 0xFFFF, 0x3CE7, 0xD5A4, 0x1494, 0x759C, 0x77BD, 0xF8C5, 0x307B, 0x2D49, 0x8F51,
    0xD06A, 0xDFFF, 0xFFFF, 0xFFFF, 0xFFFF, 0xFCE6, 0x5CEF, 0xDBDE, 0x6E62, 0x2F51, 0x6D49, 0x76B5, 0xFFFF, 0xFFFF, 0xFFFF, 0x9EF7,
    0xBCDE, 0x7EF7, 0x36AD, 0x4B49, 0x4C51, 0xAF6A, 0xBFFF, 0xFFFF, 0xFFFF, 0xDFFF, 0xFBDE, 0x3CEF, 0x38B5, 0x6D49, 0x2A39, 0x36B5,
    0xFFFF, 0xFFFF, 0xFFFF, 0x3DEF, 0x1CDF, 0xDCDE, 0x5183, 0x0A41, 0xCC51, 0x5EEF, 0xFFFF, 0xFFFF, 0xDFFF, 0x19CE, 0xD072, 0xE938,
    0xF4A4, 0xFFFF, 0x7294, 0x8C41, 0xEF6A, 0x73A4, 0x6C49, 0x7159, 0x7169, 0x7169, 0x7261, 0x7261, 0x7261, 0x7261, 0x7261, 0x7261,
    0x7261, 0x7261, 0x7261, 0x7261, 0x7261, 0x7261, 0x7261, 0x7261, 0x7261, 0x7261, 0x7261, 0x7269, 0x5269, 0x5269, 0x5261, 0x7261,
    0x9361, 0x9051, 0xC830, 0x0108, 0x0000, 0x0000, 0x0000, 0x0000, 0x0000, 0x0000, 0x0000, 0x0000, 0x0000, 0x0000, 0x0000, 0x0000,
    0x0000, 0x0000, 0x0000, 0x0000, 0x0000, 0x0000, 0x0000, 0x0000, 0x0000, 0x0000, 0x0000, 0x0000, 0x0000, 0x0000, 0x0000, 0x0000,
    0x0000, 0x0000, 0x0000, 0x0000, 0x0000, 0x0000, 0x0000, 0x0000, 0x0000, 0x0000, 0x0000, 0x0000, 0x0000, 0x0000, 0x0000, 0x0000,
    0x0000, 0x0000, 0x0000, 0x0000, 0x0000, 0x0000, 0x0000, 0x0000, 0x0000, 0x0000, 0x0000, 0x0000, 0x0000, 0x0000, 0x0000, 0x0000,
    0x0000, 0x0000, 0x0000, 0x0000, 0x0000, 0x0000, 0x0000, 0x0000, 0x0000, 0x0000, 0x0000, 0x0000, 0x0000, 0x0000, 0x0000, 0x0000,
    0x0000, 0x0000, 0x0000, 0x0000, 0x0000, 0x0000, 0x0000, 0x0000, 0x0000, 0x0000, 0x0000, 0x0000, 0x0000, 0x0000, 0x0000, 0x0000,
    0x0000, 0x0000, 0x0000, 0x0000, 0x0000, 0x0000, 0x0000, 0x0000, 0x0000, 0x0000, 0x0000, 0x0000, 0x0000, 0x0000, 0x0000, 0x0000,
    0x0000, 0x0000, 0x0000, 0x0000, 0x0000, 0x0000, 0x0000, 0x0000, 0x0000, 0x0000, 0x0000, 0x0000, 0x0000, 0x0208, 0x8728, 0x6D51,
    0xB161, 0x7261, 0x5261, 0x5269, 0x5169, 0x7161, 0x7261, 0x7261, 0x7261, 0x7261, 0x7261, 0x7261, 0x7161, 0x7161, 0x7261, 0x7261,
    0x7161, 0x7161, 0xB161, 0x2C49, 0x8E62, 0x56B5, 0xBADE, 0x7DF7, 0xBFFF, 0x1CEF, 0x3AD6, 0x5294, 0xAB49, 0x0F49, 0xB469, 0x2D49,
    0xF28B, 0xFFFF, 0xFFFF, 0x38C6, 0xDADE, 0x3DEF, 0xB4A4, 0x8B41, 0x4F51, 0x7469, 0x6D49, 0x9AD6, 0xFFFF, 0x3CE7, 0xF7C5, 0x5CEF,
    0x7ADE, 0x1073, 0x0B39, 0x9061, 0x9169, 0x2E51, 0xD072, 0x3ACE, 0x5DEF, 0x3CE7, 0x3ACE, 0x3073, 0x0C41, 0x9159, 0x9061, 0x4B49,
    0x74A4, 0xFBDE, 0x5DEF, 0xFBDE, 0x15A5, 0xCC41, 0x0E49, 0xB269, 0x2D51, 0x0F73, 0xDCE6, 0x1BE7, 0x36AD, 0xCE51, 0x2F51, 0x2E59,
    0x2E7B, 0xDBDE, 0x3DEF, 0x58B5, 0x9083, 0x8B49, 0x7059, 0x7261, 0x7169, 0x7261, 0x7261, 0x7261, 0x7261, 0x7261, 0x7261, 0x7261,
    0x7261, 0x7261, 0x7261, 0x7261, 0x7261, 0x7261, 0x7261, 0x7261, 0x7161, 0x7161, 0x5169, 0x5269, 0x5161, 0x7161, 0x9161, 0xB061,
    0x0A39, 0x2308, 0x0100, 0x0100, 0x0000, 0x0000, 0x0000, 0x0000, 0x0000, 0x0000, 0x0000, 0x0000, 0x0000, 0x0000, 0x0000, 0x0000,
    0x0000, 0x0000, 0x0000, 0x0000, 0x0000, 0x0000, 0x0000, 0x0000, 0x0000, 0x0000, 0x0000, 0x0000, 0x0000, 0x0000, 0x0000, 0x0000,
    0x0000, 0x0000, 0x0000, 0x0000, 0x0000, 0x0000, 0x0000, 0x0000, 0x0000, 0x0000, 0x0000, 0x0000, 0x0000, 0x0000, 0x0000, 0x0000,
    0x0000, 0x0000, 0x0000, 0x0000, 0x0000, 0x0000, 0x0000, 0x0000, 0x0000, 0x0000, 0x0000, 0x0000, 0x0000, 0x0000, 0x0000, 0x0000,
    0x0000, 0x0000, 0x0000, 0x0000, 0x0000, 0x0000, 0x0000, 0x0000, 0x0000, 0x0000, 0x0000, 0x0000, 0x0000, 0x0000, 0x0000, 0x0000,
    0x0000, 0x0000, 0x0000, 0x0000, 0x0000, 0x0000, 0x0000, 0x0000, 0x0000, 0x0000, 0x0000, 0x0000, 0x0000, 0x0000, 0x0000, 0x0000,
    0x0000, 0x0000, 0x0000, 0x0000, 0x0000, 0x0000, 0x0000, 0x0000, 0x0000, 0x0000, 0x0000, 0x0000, 0x0000, 0x0000, 0x0000, 0x0000,
    0x0000, 0x0000, 0x0000, 0x0000, 0x0000, 0x0000, 0x0000, 0x0000, 0x0000, 0x0000, 0x0000, 0x0000, 0x0000, 0x0000, 0x0000, 0x0208,
    0xC930, 0x6F51, 0xB169, 0x7261, 0x5161, 0x7161, 0x7161, 0x7261, 0x7261, 0x7261, 0x7261, 0x7261, 0x7161, 0x7161, 0x7261, 0x7161,
    0x7069, 0x7269, 0x5361, 0x9161, 0x6E59, 0x2C49, 0x4C49, 0xEE59, 0xED59, 0x8C49, 0x0B41, 0x2D49, 0x9159, 0x7369, 0x9369, 0xEC48,
    0xB4A4, 0xFFFF, 0x9EF7, 0x2B52, 0x6C49, 0x8D59, 0xEC40, 0x9159, 0x9169, 0x5269, 0xAC51, 0x7CEF, 0xFFFF, 0x77BD, 0xE830, 0xED59,
    0x2C41, 0x2E49, 0x9161, 0x7261, 0x7261, 0x9261, 0x2E51, 0x2C49, 0xEE59, 0xAD59, 0x0C41, 0x2F51, 0xB161, 0x9161, 0x7161, 0x7161,
    0xED48, 0x8C49, 0x2E5A, 0x4B49, 0x0C41, 0x7059, 0x9269, 0x5261, 0x9161, 0x2E49, 0x8D51, 0xCC51, 0x0C41, 0x7159, 0x9261, 0x7261,
    0x2D51, 0x8C49, 0xEE59, 0x6D51, 0x2D49, 0x9161, 0x7261, 0x7261, 0x7261, 0x7161, 0x7161, 0x7261, 0x7261, 0x7261, 0x7261, 0x7261,
    0x7261, 0x7261, 0x7161, 0x7261, 0x7261, 0x7261, 0x7261, 0x7261, 0x7161, 0x7161, 0x5161, 0x5261, 0x9261, 0xB061, 0x2B41, 0x4418,
    0x0000, 0x0000, 0x0000, 0x0100, 0x0000, 0x0000, 0x0000, 0x0000, 0x0000, 0x0000, 0x0000, 0x0000, 0x0000, 0x0000, 0x0000, 0x0000,
    0x0000, 0x0000, 0x0000, 0x0000, 0x0000, 0x0000, 0x0000, 0x0000, 0x0000, 0x0000, 0x0000, 0x0000, 0x0000, 0x0000, 0x0000, 0x0000,
    0x0000, 0x0000, 0x0000, 0x0000, 0x0000, 0x0000, 0x0000, 0x0000, 0x0000, 0x0000, 0x0000, 0x0000, 0x0000, 0x0000, 0x0000, 0x0000,
    0x0000, 0x0000, 0x0000, 0x0000, 0x0000, 0x0000, 0x0000, 0x0000, 0x0000, 0x0000, 0x0000, 0x0000, 0x0000, 0x0000, 0x0000, 0x0000,
    0x0000, 0x0000, 0x0000, 0x0000, 0x0000, 0x0000, 0x0000, 0x0000, 0x0000, 0x0000, 0x0000, 0x0000, 0x0000, 0x0000, 0x0000, 0x0000,
    0x0000, 0x0000, 0x0000, 0x0000, 0x0000, 0x0000, 0x0000, 0x0000, 0x0000, 0x0000, 0x0000, 0x0000, 0x0000, 0x0000, 0x0000, 0x0000,
    0x0000, 0x0000, 0x0000, 0x0000, 0x0000, 0x0000, 0x0000, 0x0000, 0x0000, 0x0000, 0x0000, 0x0000, 0x0000, 0x0000, 0x0000, 0x0000,
    0x0000, 0x0000, 0x0000, 0x0000, 0x0000, 0x0000, 0x0000, 0x0000, 0x0000, 0x0000, 0x0000, 0x0000, 0x0000, 0x2000, 0x2000, 0x0000,
    0x0000, 0x2310, 0xE938, 0x8F59, 0xB161, 0x7261, 0x7261, 0x7261, 0x7261, 0x7161, 0x7161, 0x7161, 0x7161, 0x7261, 0x7261, 0x7161,
    0x7069, 0x5261, 0x5461, 0x7261, 0x7269, 0x9369, 0x7261, 0x5159, 0x7159, 0x9161, 0x9361, 0x7461, 0x7261, 0x5169, 0x7169, 0x2D51,
    0xB9C5, 0xFFFF, 0x1CE7, 0xAC49, 0x7261, 0x7161, 0x9169, 0x7369, 0x7169, 0x2F59, 0xAF6A, 0xBEF7, 0xFFFF, 0x549C, 0x2D49, 0x9261,
    0x9261, 0x9369, 0x5261, 0x7261, 0x7261, 0x7261, 0x7261, 0x9169, 0x5061, 0x5161, 0x7269, 0x7269, 0x5161, 0x7161, 0x7261, 0x5269,
    0x7269, 0x7261, 0x5159, 0x7261, 0x7369, 0x5269, 0x5169, 0x7161, 0x7261, 0x7369, 0x7161, 0x7161, 0x9369, 0x7161, 0x7161, 0x7361,
    0x7261, 0x7261, 0x7061, 0x7261, 0x7361, 0x5261, 0x7161, 0x7261, 0x7261, 0x7161, 0x7261, 0x7261, 0x7261, 0x7161, 0x7161, 0x7261,
    0x7261, 0x7261, 0x7261, 0x7261, 0x7161, 0x7161, 0x7261, 0x7261, 0x7261, 0x7161, 0x9261, 0xB161, 0x2D49, 0x4620, 0x0100, 0x0000,
    0x0000, 0x0000, 0x0000, 0x2000, 0x0000, 0x0000, 0x0000, 0x0000, 0x0000, 0x0000, 0x0000, 0x0000, 0x0000, 0x0000, 0x0000, 0x0000,
    0x0000, 0x0000, 0x0000, 0x0000, 0x0000, 0x0000, 0x0000, 0x0000, 0x0000, 0x0000, 0x0000, 0x0000, 0x0000, 0x0000, 0x0000, 0x0000,
    0x0000, 0x0000, 0x0000, 0x0000, 0x0000, 0x0000, 0x0000, 0x0000, 0x0000, 0x0000, 0x0000, 0x0000, 0x0000, 0x0000, 0x0000, 0x0000,
    0x0000, 0x0000, 0x0000, 0x0000, 0x0000, 0x0000, 0x0000, 0x0000, 0x0000, 0x0000, 0x0000, 0x0000, 0x0000, 0x0000, 0x0000, 0x0000,
    0x0000, 0x0000, 0x0000, 0x0000, 0x0000, 0x0000, 0x0000, 0x0000, 0x0000, 0x0000, 0x0000, 0x0000, 0x0000, 0x0000, 0x0000, 0x0000,
    0x0000, 0x0000, 0x0000, 0x0000, 0x0000, 0x0000, 0x0000, 0x0000, 0x0000, 0x0000, 0x0000, 0x0000, 0x0000, 0x0000, 0x0000, 0x0000,
    0x0000, 0x0000, 0x0000, 0x0000, 0x0000, 0x0000, 0x0000, 0x0000, 0x0000, 0x0000, 0x0000, 0x0000, 0x0000, 0x0000, 0x0000, 0x0000,
    0x0000, 0x0000, 0x0000, 0x0000, 0x0000, 0x0000, 0x0000, 0x0000, 0x0000, 0x0000, 0x0000, 0x0000, 0x0000, 0x0000, 0x0000, 0x0000,
    0x0000, 0x0000, 0x0000, 0x2310, 0xE930, 0x6F59, 0xB269, 0x7261, 0x5261, 0x5261, 0x7161, 0x7161, 0x7161, 0x5269, 0x5269, 0x7161,
    0x7161, 0x7161, 0x7261, 0x7261, 0x7261, 0x7261, 0x7261, 0x7261, 0x7261, 0x7261, 0x7261, 0x7261, 0x7161, 0x7161, 0x5261, 0x6D51,
    0xDCE6, 0xFFFF, 0x5AD6, 0x4D49, 0x9261, 0x7161, 0x7069, 0x5269, 0x7269, 0x2E51, 0x9283, 0xFFFF, 0xFFFF, 0x928B, 0x0D51, 0x9269,
    0x7261, 0x7261, 0x7261, 0x7261, 0x7261, 0x7261, 0x7261, 0x7261, 0x7261, 0x7261, 0x7261, 0x7261, 0x7261, 0x7261, 0x7261, 0x7261,
    0x7261, 0x7261, 0x7261, 0x7261, 0x7261, 0x7261, 0x7261, 0x7261, 0x7261, 0x7261, 0x7261, 0x7261, 0x7261, 0x7261, 0x7261, 0x7261,
    0x7261, 0x7261, 0x7261, 0x7261, 0x7261, 0x7261, 0x7261, 0x7261, 0x7261, 0x7261, 0x5261, 0x5261, 0x7161, 0x7161, 0x7161, 0x7261,
    0x7261, 0x7261, 0x7261, 0x7261, 0x7169, 0x7169, 0x7161, 0x7161, 0x9261, 0x9159, 0x4D49, 0x8620, 0x0000, 0x0000, 0x0000, 0x0000,
    0x0000, 0x0000, 0x0000, 0x0000, 0x0000, 0x0000, 0x0000, 0x0000, 0x0000, 0x0000, 0x0000, 0x0000, 0x0000, 0x0000, 0x0000, 0x0000,
    0x0000, 0x0000, 0x0000, 0x0000, 0x0000, 0x0000, 0x0000, 0x0000, 0x0000, 0x0000, 0x0000, 0x0000, 0x0000, 0x0000, 0x0000, 0x0000,
    0x0000, 0x0000, 0x0000, 0x0000, 0x0000, 0x0000, 0x0000, 0x0000, 0x0000, 0x0000, 0x0000, 0x0000, 0x0000, 0x0000, 0x0000, 0x0000,
    0x0000, 0x0000, 0x0000, 0x0000, 0x0000, 0x0000, 0x0000, 0x0000, 0x0000, 0x0000, 0x0000, 0x0000, 0x0000, 0x0000, 0x0000, 0x0000,
    0x0000, 0x0000, 0x0000, 0x0000, 0x0000, 0x0000, 0x0000, 0x0000, 0x0000, 0x0000, 0x0000, 0x0000, 0x0000, 0x0000, 0x0000, 0x0000,
    0x0000, 0x0000, 0x0000, 0x0000, 0x0000, 0x0000, 0x0000, 0x0000, 0x0000, 0x0000, 0x0000, 0x0000, 0x0000, 0x0000, 0x0000, 0x0000,
    0x0000, 0x0000, 0x0000, 0x0000, 0x0000, 0x0000, 0x0000, 0x0000, 0x0000, 0x0000, 0x0000, 0x0000, 0x0000, 0x0000, 0x0000, 0x0000,
    0x0000, 0x0000, 0x0000, 0x0000, 0x0000, 0x0000, 0x0000, 0x0000, 0x0000, 0x0000, 0x0000, 0x0000, 0x0000, 0x0000, 0x0000, 0x0000,
    0x0000, 0x0000, 0x0000, 0x0000, 0x0000, 0x2310, 0xE830, 0x8E51, 0xB261, 0x7261, 0x5261, 0x7269, 0x7161, 0x7261, 0x7261, 0x7161,
    0x7161, 0x7161, 0x7161, 0x7161, 0x7161, 0x7261, 0x7261, 0x7261, 0x7261, 0x7261, 0x7261, 0x7261, 0x7261, 0x7261, 0x7261, 0xAD51,
    0x7EEF, 0xFFFF, 0x37B5, 0x2E49, 0x9261, 0x7161, 0x7161, 0x5269, 0x9269, 0x0D49, 0x3394, 0xFFFF, 0xBEF7, 0xD072, 0x4F59, 0x7261,
    0x7261, 0x7261, 0x7161, 0x7261, 0x7261, 0x7261, 0x7261, 0x7261, 0x7261, 0x7261, 0x7261, 0x7261, 0x7261, 0x7261, 0x7261, 0x7261,
    0x7261, 0x7261, 0x7261, 0x7261, 0x7261, 0x7261, 0x7261, 0x7261, 0x7261, 0x7261, 0x7261, 0x7261, 0x7261, 0x7261, 0x7261, 0x7261,
    0x7261, 0x7261, 0x7261, 0x7261, 0x7261, 0x7261, 0x7261, 0x7261, 0x7261, 0x7161, 0x7161, 0x7161, 0x7161, 0x7161, 0x7161, 0x7161,
    0x7161, 0x7161, 0x7169, 0x5269, 0x5261, 0x7261, 0xB161, 0x9061, 0x2C41, 0x6620, 0x0208, 0x0000, 0x0000, 0x0000, 0x0000, 0x0000,
    0x0000, 0x0000, 0x0000, 0x0000, 0x0000, 0x0000, 0x0000, 0x0000, 0x0000, 0x0000, 0x0000, 0x0000, 0x0000, 0x0000, 0x0000, 0x0000,
    0x0000, 0x0000, 0x0000, 0x0000, 0x0000, 0x0000, 0x0000, 0x0000, 0x0000, 0x0000, 0x0000, 0x0000, 0x0000, 0x0000, 0x0000, 0x0000,
    0x0000, 0x0000, 0x0000, 0x0000, 0x0000, 0x0000, 0x0000, 0x0000, 0x0000, 0x0000, 0x0000, 0x0000, 0x0000, 0x0000, 0x0000, 0x0000,
    0x0000, 0x0000, 0x0000, 0x0000, 0x0000, 0x0000, 0x0000, 0x0000, 0x0000, 0x0000, 0x0000, 0x0000, 0x0000, 0x0000, 0x0000, 0x0000,
    0x0000, 0x0000, 0x0000, 0x0000, 0x0000, 0x0000, 0x0000, 0x0000, 0x0000, 0x0000, 0x0000, 0x0000, 0x0000, 0x0000, 0x0000, 0x0000,
    0x0000, 0x0000, 0x0000, 0x0000, 0x0000, 0x0000, 0x0000, 0x0000, 0x0000, 0x0000, 0x0000, 0x0000, 0x0000, 0x0000, 0x0000, 0x0000,
    0x0000, 0x0000, 0x0000, 0x0000, 0x0000, 0x0000, 0x0000, 0x0000, 0x0000, 0x0000, 0x0000, 0x0000, 0x0000, 0x0000, 0x0000, 0x0000,
    0x0000, 0x0000, 0x0000, 0x0000, 0x0000, 0x0000, 0x0000, 0x0000, 0x0000, 0x0000, 0x0000, 0x0000, 0x0000, 0x0000, 0x0000, 0x0000,
    0x0000, 0x0000, 0x0000, 0x0000, 0x0000, 0x0000, 0x0000, 0x2308, 0xC828, 0x4D49, 0x9161, 0x7269, 0x7261, 0x7161, 0x7161, 0x7261,
    0x7261, 0x7261, 0x7261, 0x7261, 0x7161, 0x7261, 0x7261, 0x7261, 0x7261, 0x7261, 0x7261, 0x7261, 0x5261, 0x7161, 0x4F59, 0xCF6A,
    0xDEFF, 0xFFFF, 0x339C, 0x0D49, 0x9269, 0x7161, 0x7161, 0x5261, 0x9261, 0x2C49, 0x57B5, 0xFFFF, 0x9EF7, 0xCD59, 0x7061, 0x7269,
    0x7261, 0x7261, 0x7161, 0x7161, 0x7261, 0x7261, 0x7261, 0x7261, 0x7261, 0x7261, 0x7261, 0x7261, 0x7261, 0x7261, 0x7261, 0x7261,
    0x7261, 0x7261, 0x7261, 0x7261, 0x7261, 0x7261, 0x7261, 0x7261, 0x7261, 0x7261, 0x7261, 0x7261, 0x7261, 0x7261, 0x7261, 0x7261,
    0x7261, 0x7261, 0x7261, 0x7261, 0x7261, 0x7261, 0x7261, 0x7261, 0x7261, 0x7161, 0x7161, 0x7161, 0x7261, 0x7261, 0x7261, 0x7261,
    0x7161, 0x5161, 0x5161, 0x7261, 0x9261, 0x6F59, 0x0B41, 0x6418, 0x0108, 0x0000, 0x0000, 0x2000, 0x0000, 0x0000, 0x0000, 0x0000,
    0x0000, 0x0000, 0x0000, 0x0000, 0x0000, 0x0000, 0x0000, 0x0000, 0x0000, 0x0000, 0x0000, 0x0000, 0x0000, 0x0000, 0x0000, 0x0000,
    0x0000, 0x0000, 0x0000, 0x0000, 0x0000, 0x0000, 0x0000, 0x0000, 0x0000, 0x0000, 0x0000, 0x0000, 0x0000, 0x0000, 0x0000, 0x0000,
    0x0000, 0x0000, 0x0000, 0x0000, 0x0000, 0x0000, 0x0000, 0x0000, 0x0000, 0x0000, 0x0000, 0x0000, 0x0000, 0x0000, 0x0000, 0x0000,
    0x0000, 0x0000, 0x0000, 0x0000, 0x0000, 0x0000, 0x0000, 0x0000, 0x0000, 0x0000, 0x0000, 0x0000, 0x0000, 0x0000, 0x0000, 0x0000,
    0x0000, 0x0000, 0x0000, 0x0000, 0x0000, 0x0000, 0x0000, 0x0000, 0x0000, 0x0000, 0x0000, 0x0000, 0x0000, 0x0000, 0x0000, 0x0000,
    0x0000, 0x0000, 0x0000, 0x0000, 0x0000, 0x0000, 0x0000, 0x0000, 0x0000, 0x0000, 0x0000, 0x0000, 0x0000, 0x0000, 0x0000, 0x0000,
    0x0000, 0x0000, 0x0000, 0x0000, 0x0000, 0x0000, 0x0000, 0x0000, 0x0000, 0x0000, 0x0000, 0x0000, 0x0000, 0x0000, 0x0000, 0x0000,
    0x0000, 0x0000, 0x0000, 0x0000, 0x0000, 0x0000, 0x0000, 0x0000, 0x0000, 0x0000, 0x0000, 0x0000, 0x0000, 0x0000, 0x0000, 0x0000,
    0x0000, 0x0000, 0x0000, 0x0000, 0x0000, 0x0000, 0x0000, 0x0000, 0x0000, 0x0108, 0x6620, 0x2C41, 0x9059, 0x9261, 0x7261, 0x7261,
    0x5261, 0x5261, 0x7269, 0x7169, 0x7161, 0x7161, 0x7261, 0x7161, 0x7261, 0x7261, 0x7261, 0x7261, 0x5269, 0x9169, 0x2D49, 0x9183,
    0xBEF7, 0xBBDE, 0xCF72, 0x2E51, 0x7269, 0x7161, 0x7261, 0x7261, 0x9261, 0x4D51, 0xD9CD, 0x5EEF, 0x78BD, 0x4C49, 0x9161, 0x5261,
    0x7261, 0x7161, 0x7169, 0x7161, 0x7261, 0x7261, 0x7261, 0x7261, 0x7261, 0x7261, 0x7261, 0x7261, 0x7261, 0x7261, 0x7261, 0x7261,
    0x7261, 0x7261, 0x7261, 0x7261, 0x7261, 0x7261, 0x7261, 0x7261, 0x7261, 0x7261, 0x7261, 0x7261, 0x7261, 0x7261, 0x7261, 0x7261,
    0x7261, 0x7261, 0x7261, 0x7261, 0x7261, 0x7261, 0x7261, 0x7261, 0x7261, 0x7161, 0x7161, 0x7261, 0x7361, 0x7361, 0x5361, 0x7261,
    0x7161, 0x9261, 0xB161, 0x6E51, 0xC930, 0x2410, 0x0000, 0x0000, 0x0000, 0x0000, 0x0000, 0x0000, 0x0000, 0x0000, 0x0000, 0x0000,
    0x0000, 0x0000, 0x0000, 0x0000, 0x0000, 0x0000, 0x0000, 0x0000, 0x0000, 0x0000, 0x0000, 0x0000, 0x0000, 0x0000, 0x0000, 0x0000,
    0x0000, 0x0000, 0x0000, 0x0000, 0x0000, 0x0000, 0x0000, 0x0000, 0x0000, 0x0000, 0x0000, 0x0000, 0x0000, 0x0000, 0x0000, 0x0000,
    0x0000, 0x0000, 0x0000, 0x0000, 0x0000, 0x0000, 0x0000, 0x0000, 0x0000, 0x0000, 0x0000, 0x0000, 0x0000, 0x0000, 0x0000, 0x0000,
    0x0000, 0x0000, 0x0000, 0x0000, 0x0000, 0x0000, 0x0000, 0x0000, 0x0000, 0x0000, 0x0000, 0x0000, 0x0000, 0x0000, 0x0000, 0x0000,
    0x0000, 0x0000, 0x0000, 0x0000, 0x0000, 0x0000, 0x0000, 0x0000, 0x0000, 0x0000, 0x0000, 0x0000, 0x0000, 0x0000, 0x0000, 0x0000,
    0x0000, 0x0000, 0x0000, 0x0000, 0x0000, 0x0000, 0x0000, 0x0000, 0x0000, 0x0000, 0x0000, 0x0000, 0x0000, 0x0000, 0x0000, 0x0000,
    0x0000, 0x0000, 0x0000, 0x0000, 0x0000, 0x0000, 0x0000, 0x0000, 0x0000, 0x0000, 0x0000, 0x0000, 0x0000, 0x0000, 0x0000, 0x0000,
    0x0000, 0x0000, 0x0000, 0x0000, 0x0000, 0x0000, 0x0000, 0x0000, 0x0000, 0x0000, 0x0000, 0x0000, 0x0000, 0x0000, 0x0000, 0x0000,
    0x0000, 0x0000, 0x0000, 0x0000, 0x0000, 0x0000, 0x0000, 0x0000, 0x0000, 0x0000, 0x0000, 0x0100, 0x4410, 0xCA38, 0x6F51, 0x9161,
    0x9261, 0x7261, 0x5261, 0x5261, 0x7261, 0x7261, 0x7261, 0x7161, 0x7261, 0x7261, 0x7261, 0x7261, 0x5369, 0x7261, 0x7159, 0x8D49,
    0x0C52, 0x8C51, 0x4E51, 0x7261, 0x7261, 0x7261, 0x7261, 0x7261, 0x9261, 0x4E51, 0xCD59, 0xCC51, 0x6C49, 0x8F59, 0x7261, 0x5261,
    0x7261, 0x7161, 0x7169, 0x7161, 0x7261, 0x7261, 0x7261, 0x7261, 0x7261, 0x7261, 0x7261, 0x7261, 0x7261, 0x7261, 0x7261, 0x7261,
    0x7261, 0x7261, 0x7261, 0x7261, 0x7261, 0x7261, 0x7261, 0x7261, 0x7261, 0x7261, 0x7261, 0x7261, 0x7261, 0x7261, 0x7261, 0x7261,
    0x7261, 0x7261, 0x7261, 0x7261, 0x7261, 0x7261, 0x7261, 0x7261, 0x7261, 0x7261, 0x7269, 0x5261, 0x5261, 0x7261, 0x9261, 0xB161,
    0x9059, 0x2B41, 0x8720, 0x0208, 0x0000, 0x0000, 0x0000, 0x0000, 0x0000, 0x0000, 0x0000, 0x0000, 0x0000, 0x0000, 0x0000, 0x0000,
    0x0000, 0x0000, 0x0000, 0x0000, 0x0000, 0x0000, 0x0000, 0x0000, 0x0000, 0x0000, 0x0000, 0x0000, 0x0000, 0x0000, 0x0000, 0x0000,
    0x0000, 0x0000, 0x0000, 0x0000, 0x0000, 0x0000, 0x0000, 0x0000, 0x0000, 0x0000, 0x0000, 0x0000, 0x0000, 0x0000, 0x0000, 0x0000,
    0x0000, 0x0000, 0x0000, 0x0000, 0x0000, 0x0000, 0x0000, 0x0000, 0x0000, 0x0000, 0x0000, 0x0000, 0x0000, 0x0000, 0x0000, 0x0000,
    0x0000, 0x0000, 0x0000, 0x0000, 0x0000, 0x0000, 0x0000, 0x0000, 0x0000, 0x0000, 0x0000, 0x0000, 0x0000, 0x0000, 0x0000, 0x0000,
    0x0000, 0x0000, 0x0000, 0x0000, 0x0000, 0x0000, 0x0000, 0x0000, 0x0000, 0x0000, 0x0000, 0x0000, 0x0000, 0x0000, 0x0000, 0x0000,
    0x0000, 0x0000, 0x0000, 0x0000, 0x0000, 0x0000, 0x0000, 0x0000, 0x0000, 0x0000, 0x0000, 0x0000, 0x0000, 0x0000, 0x0000, 0x0000,
    0x0000, 0x0000, 0x0000, 0x0000, 0x0000, 0x0000, 0x0000, 0x0000, 0x0000, 0x0000, 0x0000, 0x0000, 0x0000, 0x0000, 0x0000, 0x0000,
    0x0000, 0x0000, 0x0000, 0x0000, 0x0000, 0x0000, 0x0000, 0x0000, 0x0000, 0x0000, 0x0000, 0x0000, 0x0000, 0x0000, 0x0000, 0x0000,
    0x0000, 0x0000, 0x0000, 0x0000, 0x0000, 0x0000, 0x0000, 0x0000, 0x0000, 0x0000, 0x0000, 0x0000, 0x0000, 0x0000, 0x0108, 0x8520,
    0x0A41, 0x6F51, 0xB261, 0x9461, 0x7261, 0x7161, 0x7261, 0x7161, 0x7161, 0x7261, 0x7261, 0x7261, 0x5369, 0x5261, 0x7361, 0x7159,
    0x7059, 0x7161, 0x9261, 0x5361, 0x7261, 0x7161, 0x7161, 0x7261, 0x7261, 0x7161, 0x6F59, 0xAF59, 0xB061, 0x7161, 0x5261, 0x7261,
    0x7161, 0x7161, 0x7261, 0x7261, 0x7261, 0x7261, 0x7261, 0x7261, 0x7261, 0x7261, 0x7261, 0x7261, 0x7261, 0x7261, 0x7261, 0x7261,
    0x7261, 0x7261, 0x7261, 0x7261, 0x7261, 0x7261, 0x7261, 0x7261, 0x7261, 0x7261, 0x7261, 0x7261, 0x7261, 0x7261, 0x7261, 0x7261,
    0x7261, 0x7261, 0x7261, 0x7261, 0x7261, 0x7261, 0x7261, 0x7261, 0x7161, 0x7161, 0x7161, 0x9161, 0xB061, 0xAF59, 0x4C49, 0xC830,
    0x2518, 0x0100, 0x0000, 0x0000, 0x2000, 0x0000, 0x0000, 0x0100, 0x0100, 0x0000, 0x0000, 0x0000, 0x0000, 0x0000, 0x0000, 0x0000,
    0x0000, 0x0000, 0x0000, 0x0000, 0x0000, 0x0000, 0x0000, 0x0000, 0x0000, 0x0000, 0x0000, 0x0000, 0x0000, 0x0000, 0x0000, 0x0000,
    0x0000, 0x0000, 0x0000, 0x0000, 0x0000, 0x0000, 0x0000, 0x0000, 0x0000, 0x0000, 0x0000, 0x0000, 0x0000, 0x0000, 0x0000, 0x0000,
    0x0000, 0x0000, 0x0000, 0x0000, 0x0000, 0x0000, 0x0000, 0x0000, 0x0000, 0x0000, 0x0000, 0x0000, 0x0000, 0x0000, 0x0000, 0x0000,
    0x0000, 0x0000, 0x0000, 0x0000, 0x0000, 0x0000, 0x0000, 0x0000, 0x0000, 0x0000, 0x0000, 0x0000, 0x0000, 0x0000, 0x0000, 0x0000,
    0x0000, 0x0000, 0x0000, 0x0000, 0x0000, 0x0000, 0x0000, 0x0000, 0x0000, 0x0000, 0x0000, 0x0000, 0x0000, 0x0000, 0x0000, 0x0000,
    0x0000, 0x0000, 0x0000, 0x0000, 0x0000, 0x0000, 0x0000, 0x0000, 0x0000, 0x0000, 0x0000, 0x0000, 0x0000, 0x0000, 0x0000, 0x0000,
    0x0000, 0x0000, 0x0000, 0x0000, 0x0000, 0x0000, 0x0000, 0x0000, 0x0000, 0x0000, 0x0000, 0x0000, 0x0000, 0x0000, 0x0000, 0x0000,
    0x0000, 0x0000, 0x0000, 0x0000, 0x0000, 0x0000, 0x0000, 0x0000, 0x0000, 0x0000, 0x0000, 0x0000, 0x0000, 0x0000, 0x0000, 0x0000,
    0x0000, 0x0000, 0x0000, 0x0000, 0x0000, 0x0000, 0x0000, 0x0000, 0x0000, 0x0000, 0x0000, 0x0000, 0x0000, 0x2000, 0x0000, 0x0000,
    0x0000, 0x2310, 0x8720, 0x2B41, 0x7059, 0x7269, 0x9269, 0x7261, 0x7161, 0x7161, 0x7161, 0x7161, 0x7161, 0x7061, 0x7261, 0x7261,
    0x7269, 0x5269, 0x7169, 0x7261, 0x7261, 0x7161, 0x7161, 0x7161, 0x5269, 0x5269, 0x7261, 0x7261, 0x5261, 0x5269, 0x5269, 0x7161,
    0x9161, 0x7161, 0x7261, 0x7261, 0x7261, 0x7261, 0x7261, 0x7261, 0x7261, 0x7261, 0x7261, 0x7261, 0x7261, 0x7261, 0x7261, 0x7261,
    0x7261, 0x7261, 0x7261, 0x7261, 0x7261, 0x7261, 0x7261, 0x7261, 0x7261, 0x7261, 0x7261, 0x7261, 0x7261, 0x7261, 0x7261, 0x7261,
    0x7261, 0x7261, 0x7261, 0x7161, 0x7161, 0x7161, 0x7261, 0x7261, 0x9269, 0xB269, 0x9059, 0x4D49, 0xC930, 0x4418, 0x0100, 0x0000,
    0x0000, 0x0000, 0x0000, 0x0000, 0x0000, 0x0000, 0x0000, 0x0000, 0x0000, 0x0000, 0x0000, 0x0000, 0x0000, 0x0000, 0x0000, 0x0000,
    0x0000, 0x0000, 0x0000, 0x0000, 0x0000, 0x0000, 0x0000, 0x0000, 0x0000, 0x0000, 0x0000, 0x0000, 0x0000, 0x0000, 0x0000, 0x0000,
    0x0000, 0x0000, 0x0000, 0x0000, 0x0000, 0x0000, 0x0000, 0x0000, 0x0000, 0x0000, 0x0000, 0x0000, 0x0000, 0x0000, 0x0000, 0x0000,
    0x0000, 0x0000, 0x0000, 0x0000, 0x0000, 0x0000, 0x0000, 0x0000, 0x0000, 0x0000, 0x0000, 0x0000, 0x0000, 0x0000, 0x0000, 0x0000,
    0x0000, 0x0000, 0x0000, 0x0000, 0x0000, 0x0000, 0x0000, 0x0000, 0x0000, 0x0000, 0x0000, 0x0000, 0x0000, 0x0000, 0x0000, 0x0000,
    0x0000, 0x0000, 0x0000, 0x0000, 0x0000, 0x0000, 0x0000, 0x0000, 0x0000, 0x0000, 0x0000, 0x0000, 0x0000, 0x0000, 0x0000, 0x0000,
    0x0000, 0x0000, 0x0000, 0x0000, 0x0000, 0x0000, 0x0000, 0x0000, 0x0000, 0x0000, 0x0000, 0x0000, 0x0000, 0x0000, 0x0000, 0x0000,
    0x0000, 0x0000, 0x0000, 0x0000, 0x0000, 0x0000, 0x0000, 0x0000, 0x0000, 0x0000, 0x0000, 0x0000, 0x0000, 0x0000, 0x0000, 0x0000,
    0x0000, 0x0000, 0x0000, 0x0000, 0x0000, 0x0000, 0x0000, 0x0000, 0x0000, 0x0000, 0x0000, 0x0000, 0x0000, 0x0000, 0x0000, 0x0000,
    0x0000, 0x0000, 0x0000, 0x0000, 0x0000, 0x0000, 0x0000, 0x0000, 0x0000, 0x0000, 0x0000, 0x0000, 0x0000, 0x0000, 0x0000, 0x0000,
    0x0000, 0x0000, 0x0000, 0x0000, 0x0310, 0x6720, 0x0A39, 0x6E51, 0xB061, 0xB261, 0x7261, 0x7261, 0x5169, 0x5061, 0x5161, 0x5261,
    0x5269, 0x5269, 0x7161, 0x7261, 0x7261, 0x7161, 0x7261, 0x7161, 0x7261, 0x5261, 0x7261, 0x7261, 0x5261, 0x5269, 0x5269, 0x7261,
    0x7161, 0x7161, 0x7261, 0x5269, 0x5269, 0x5269, 0x5269, 0x5269, 0x5269, 0x5269, 0x5269, 0x7161, 0x7161, 0x7161, 0x7261, 0x7261,
    0x7261, 0x7261, 0x7261, 0x7161, 0x7161, 0x7161, 0x7261, 0x7261, 0x7261, 0x7261, 0x7161, 0x7161, 0x7161, 0x7161, 0x7161, 0x7161,
    0x7161, 0x7261, 0x5261, 0x5261, 0x9261, 0x9161, 0xB061, 0x8F59, 0x2D49, 0xA930, 0x4410, 0x0208, 0x0000, 0x0000, 0x0000, 0x0000,
    0x0000, 0x0000, 0x0000, 0x0000, 0x0000, 0x0000, 0x0000, 0x0000, 0x0000, 0x0000, 0x0000, 0x0000, 0x0000, 0x0000, 0x0000, 0x0000,
    0x0000, 0x0000, 0x0000, 0x0000, 0x0000, 0x0000, 0x0000, 0x0000, 0x0000, 0x0000, 0x0000, 0x0000, 0x0000, 0x0000, 0x0000, 0x0000,
    0x0000, 0x0000, 0x0000, 0x0000, 0x0000, 0x0000, 0x0000, 0x0000, 0x0000, 0x0000, 0x0000, 0x0000, 0x0000, 0x0000, 0x0000, 0x0000,
    0x0000, 0x0000, 0x0000, 0x0000, 0x0000, 0x0000, 0x0000, 0x0000, 0x0000, 0x0000, 0x0000, 0x0000, 0x0000, 0x0000, 0x0000, 0x0000,
    0x0000, 0x0000, 0x0000, 0x0000, 0x0000, 0x0000, 0x0000, 0x0000, 0x0000, 0x0000, 0x0000, 0x0000, 0x0000, 0x0000, 0x0000, 0x0000,
    0x0000, 0x0000, 0x0000, 0x0000, 0x0000, 0x0000, 0x0000, 0x0000, 0x0000, 0x0000, 0x0000, 0x0000, 0x0000, 0x0000, 0x0000, 0x0000,
    0x0000, 0x0000, 0x0000, 0x0000, 0x0000, 0x0000, 0x0000, 0x0000, 0x0000, 0x0000, 0x0000, 0x0000, 0x0000, 0x0000, 0x0000, 0x0000,
    0x0000, 0x0000, 0x0000, 0x0000, 0x0000, 0x0000, 0x0000, 0x0000, 0x0000, 0x0000, 0x0000, 0x0000, 0x0000, 0x0000, 0x0000, 0x0000,
    0x0000, 0x0000, 0x0000, 0x0000, 0x0000, 0x0000, 0x0000, 0x0000, 0x0000, 0x0000, 0x0000, 0x0000, 0x0000, 0x0000, 0x0000, 0x0000,
    0x0000, 0x0000, 0x0000, 0x0000, 0x0000, 0x0000, 0x0000, 0x0000, 0x0000, 0x0000, 0x0000, 0x0000, 0x0000, 0x0000, 0x0000, 0x0000,
    0x0000, 0x0000, 0x0000, 0x0000, 0x0000, 0x0000, 0x0000, 0x0208, 0x6518, 0xC930, 0x2C49, 0x6F59, 0x9261, 0x9369, 0x9261, 0x9261,
    0x7261, 0x5161, 0x7161, 0x7161, 0x7161, 0x7161, 0x7161, 0x7161, 0x7161, 0x7161, 0x7161, 0x7261, 0x7261, 0x7261, 0x7261, 0x7261,
    0x7261, 0x7161, 0x7161, 0x7261, 0x7261, 0x7261, 0x7261, 0x7261, 0x7261, 0x7261, 0x7261, 0x7161, 0x7161, 0x7161, 0x7261, 0x7261,
    0x7261, 0x7261, 0x7161, 0x7161, 0x7161, 0x7161, 0x7161, 0x7161, 0x7161, 0x7161, 0x5261, 0x5261, 0x5261, 0x7261, 0x7161, 0x7161,
    0x9261, 0x9161, 0xB161, 0x8F59, 0x4D51, 0x0A41, 0x8620, 0x2310, 0x0100, 0x0000, 0x0000, 0x0000, 0x0000, 0x0000, 0x0000, 0x0000,
    0x0000, 0x0000, 0x0000, 0x0000, 0x0000, 0x0000, 0x0000, 0x0000, 0x0000, 0x0000, 0x0000, 0x0000, 0x0000, 0x0000, 0x0000, 0x0000,
    0x0000, 0x0000, 0x0000, 0x0000, 0x0000, 0x0000, 0x0000, 0x0000, 0x0000, 0x0000, 0x0000, 0x0000, 0x0000, 0x0000, 0x0000, 0x0000,
    0x0000, 0x0000, 0x0000, 0x0000, 0x0000, 0x0000, 0x0000, 0x0000, 0x0000, 0x0000, 0x0000, 0x0000, 0x0000, 0x0000, 0x0000, 0x0000,
    0x0000, 0x0000, 0x0000, 0x0000, 0x0000, 0x0000, 0x0000, 0x0000, 0x0000, 0x0000, 0x0000, 0x0000, 0x0000, 0x0000, 0x0000, 0x0000,
    0x0000, 0x0000, 0x0000, 0x0000, 0x0000, 0x0000, 0x0000, 0x0000, 0x0000, 0x0000, 0x0000, 0x0000, 0x0000, 0x0000, 0x0000, 0x0000,
    0x0000, 0x0000, 0x0000, 0x0000, 0x0000, 0x0000, 0x0000, 0x0000, 0x0000, 0x0000, 0x0000, 0x0000, 0x0000, 0x0000, 0x0000, 0x0000,
    0x0000, 0x0000, 0x0000, 0x0000, 0x0000, 0x0000, 0x0000, 0x0000, 0x0000, 0x0000, 0x0000, 0x0000, 0x0000, 0x0000, 0x0000, 0x0000,
    0x0000, 0x0000, 0x0000, 0x0000, 0x0000, 0x0000, 0x0000, 0x0000, 0x0000, 0x0000, 0x0000, 0x0000, 0x0000, 0x0000, 0x0000, 0x0000,
    0x0000, 0x0000, 0x0000, 0x0000, 0x0000, 0x0000, 0x0000, 0x0000, 0x0000, 0x0000, 0x0000, 0x0000, 0x0000, 0x0000, 0x0000, 0x0000,
    0x0000, 0x0000, 0x0000, 0x0000, 0x0000, 0x0000, 0x0000, 0x0000, 0x0000, 0x0000, 0x0000, 0x0000, 0x0000, 0x0000, 0x0000, 0x0000,
    0x0000, 0x0000, 0x0000, 0x0000, 0x0000, 0x2000, 0x0000, 0x0000, 0x0000, 0x0000, 0x0000, 0x0208, 0x6618, 0xC928, 0x2B41, 0x6E51,
    0x9059, 0xB161, 0x9261, 0x9269, 0x9261, 0x7161, 0x7161, 0x7261, 0x5261, 0x5261, 0x5261, 0x7261, 0x7161, 0x7161, 0x7161, 0x7261,
    0x7261, 0x7161, 0x7161, 0x7161, 0x7161, 0x7161, 0x7161, 0x7161, 0x7161, 0x7161, 0x7161, 0x7161, 0x7161, 0x7161, 0x7161, 0x7161,
    0x7161, 0x7161, 0x7261, 0x5261, 0x5261, 0x5261, 0x5261, 0x7261, 0x7161, 0x7261, 0x7261, 0x9361, 0x9261, 0xB161, 0xB161, 0x6E59,
    0x4D49, 0xEA38, 0x8628, 0x4310, 0x0208, 0x0000, 0x0000, 0x0000, 0x0000, 0x0000, 0x0000, 0x0000, 0x0000, 0x0000, 0x0000, 0x0000,
    0x0000, 0x0000, 0x0000, 0x0000, 0x0000, 0x0000, 0x0000, 0x0000, 0x0000, 0x0000, 0x0000, 0x0000, 0x0000, 0x0000, 0x0000, 0x0000,
    0x0000, 0x0000, 0x0000, 0x0000, 0x0000, 0x0000, 0x0000, 0x0000, 0x0000, 0x0000, 0x0000, 0x0000, 0x0000, 0x0000, 0x0000, 0x0000,
    0x0000, 0x0000, 0x0000, 0x0000, 0x0000, 0x0000, 0x0000, 0x0000, 0x0000, 0x0000, 0x0000, 0x0000, 0x0000, 0x0000, 0x0000, 0x0000,
    0x0000, 0x0000, 0x0000, 0x0000, 0x0000, 0x0000, 0x0000, 0x0000, 0x0000, 0x0000, 0x0000, 0x0000, 0x0000, 0x0000, 0x0000, 0x0000,
    0x0000, 0x0000, 0x0000, 0x0000, 0x0000, 0x0000, 0x0000, 0x0000, 0x0000, 0x0000, 0x0000, 0x0000, 0x0000, 0x0000, 0x0000, 0x0000,
    0x0000, 0x0000, 0x0000, 0x0000, 0x0000, 0x0000, 0x0000, 0x0000, 0x0000, 0x0000, 0x0000, 0x0000, 0x0000, 0x0000, 0x0000, 0x0000,
    0x0000, 0x0000, 0x0000, 0x0000, 0x0000, 0x0000, 0x0000, 0x0000, 0x0000, 0x0000, 0x0000, 0x0000, 0x0000, 0x0000, 0x0000, 0x0000,
    0x0000, 0x0000, 0x0000, 0x0000, 0x0000, 0x0000, 0x0000, 0x0000, 0x0000, 0x0000, 0x0000, 0x0000, 0x0000, 0x0000, 0x0000, 0x0000,
    0x0000, 0x0000, 0x0000, 0x0000, 0x0000, 0x0000, 0x0000, 0x0000, 0x0000, 0x0000, 0x0000, 0x0000, 0x0000, 0x0000, 0x0000, 0x0000,
    0x0000, 0x0000, 0x0000, 0x0000, 0x0000, 0x0000, 0x0000, 0x0000, 0x0000, 0x0000, 0x0000, 0x0000, 0x0000, 0x0000, 0x0000, 0x0000,
    0x0000, 0x0000, 0x0000, 0x0000, 0x0000, 0x0000, 0x0000, 0x0000, 0x2000, 0x2000, 0x0000, 0x0000, 0x0000, 0x0000, 0x0000, 0x0208,
    0x4418, 0x8728, 0xC938, 0x2C49, 0x2E51, 0x9059, 0xB161, 0xB161, 0x9261, 0x9261, 0x9361, 0x9261, 0x7169, 0x7169, 0x7169, 0x7161,
    0x5269, 0x5269, 0x5269, 0x5169, 0x5161, 0x5169, 0x5161, 0x5161, 0x5169, 0x5161, 0x5169, 0x5269, 0x5269, 0x5269, 0x5169, 0x5169,
    0x7169, 0x7169, 0x7269, 0x7361, 0x9361, 0x9261, 0xB261, 0xB161, 0xB161, 0x9059, 0x6E51, 0x4C49, 0x0A39, 0xA828, 0x8520, 0x2310,
    0x0108, 0x0000, 0x0000, 0x0000, 0x0000, 0x0000, 0x2000, 0x0000, 0x2000, 0x0000, 0x0000, 0x0000, 0x0000, 0x0000, 0x0000, 0x0000,
    0x0000, 0x0000, 0x0000, 0x0000, 0x0000, 0x0000, 0x0000, 0x0000, 0x0000, 0x0000, 0x0000, 0x0000, 0x0000, 0x0000, 0x0000, 0x0000,
    0x0000, 0x0000, 0x0000, 0x0000, 0x0000, 0x0000, 0x0000, 0x0000, 0x0000, 0x0000, 0x0000, 0x0000, 0x0000, 0x0000, 0x0000, 0x0000,
    0x0000, 0x0000, 0x0000, 0x0000, 0x0000, 0x0000, 0x0000, 0x0000, 0x0000, 0x0000, 0x0000, 0x0000, 0x0000, 0x0000, 0x0000, 0x0000,
    0x0000, 0x0000, 0x0000, 0x0000, 0x0000, 0x0000, 0x0000, 0x0000, 0x0000, 0x0000, 0x0000, 0x0000, 0x0000, 0x0000, 0x0000, 0x0000,
    0x0000, 0x0000, 0x0000, 0x0000, 0x0000, 0x0000, 0x0000, 0x0000, 0x0000, 0x0000, 0x0000, 0x0000, 0x0000, 0x0000, 0x0000, 0x0000,
    0x0000, 0x0000, 0x0000, 0x0000, 0x0000, 0x0000, 0x0000, 0x0000, 0x0000, 0x0000, 0x0000, 0x0000, 0x0000, 0x0000, 0x0000, 0x0000,
    0x0000, 0x0000, 0x0000, 0x0000, 0x0000, 0x0000, 0x0000, 0x0000, 0x0000, 0x0000, 0x0000, 0x0000, 0x0000, 0x0000, 0x0000, 0x0000,
    0x0000, 0x0000, 0x0000, 0x0000, 0x0000, 0x0000, 0x0000, 0x0000, 0x0000, 0x0000, 0x0000, 0x0000, 0x0000, 0x0000, 0x0000, 0x0000,
    0x0000, 0x0000, 0x0000, 0x0000, 0x0000, 0x0000, 0x0000, 0x0000, 0x0000, 0x0000, 0x0000, 0x0000, 0x0000, 0x0000, 0x0000, 0x0000,
    0x0000, 0x0000, 0x0000, 0x0000, 0x0000, 0x0000, 0x0000, 0x0000, 0x0000, 0x0000, 0x0000, 0x0000, 0x0000, 0x0000, 0x0000, 0x0000,
    0x0000, 0x0000, 0x0000, 0x0000, 0x0000, 0x0000, 0x0000, 0x0000, 0x0000, 0x0000, 0x0000, 0x0000, 0x0000, 0x0000, 0x0000, 0x0000,
    0x0000, 0x0000, 0x0000, 0x0000, 0x0208, 0x2310, 0x6418, 0x8620, 0xC830, 0x0A39, 0x4B41, 0x4D49, 0x2F59, 0x5059, 0x7061, 0x9161,
    0x9261, 0x9261, 0x9261, 0x9269, 0x9269, 0x9269, 0x9269, 0x9269, 0x9269, 0x9269, 0x9269, 0x9269, 0x9269, 0x9261, 0x9161, 0x9161,
    0x9161, 0x7059, 0x6E51, 0x6C49, 0x4B49, 0x2A41, 0xE830, 0xA728, 0x6520, 0x4410, 0x0208, 0x0100, 0x0000, 0x0000, 0x0000, 0x0000,
    0x0000, 0x0000, 0x0000, 0x0000, 0x0000, 0x0000, 0x0000, 0x0000, 0x0000, 0x0000, 0x0000, 0x0000, 0x0000, 0x0000, 0x0000, 0x0000,
    0x0000, 0x0000, 0x0000, 0x0000, 0x0000, 0x0000, 0x0000, 0x0000, 0x0000, 0x0000, 0x0000, 0x0000, 0x0000, 0x0000, 0x0000, 0x0000,
    0x0000, 0x0000, 0x0000, 0x0000, 0x0000, 0x0000, 0x0000, 0x0000, 0x0000, 0x0000, 0x0000, 0x0000, 0x0000, 0x0000, 0x0000, 0x0000,
    0x0000, 0x0000, 0x0000, 0x0000, 0x0000, 0x0000, 0x0000, 0x0000, 0x0000, 0x0000, 0x0000, 0x0000, 0x0000, 0x0000, 0x0000, 0x0000,
    0x0000, 0x0000, 0x0000, 0x0000, 0x0000, 0x0000, 0x0000, 0x0000, 0x0000, 0x0000, 0x0000, 0x0000, 0x0000, 0x0000, 0x0000, 0x0000,
    0x0000, 0x0000, 0x0000, 0x0000, 0x0000, 0x0000, 0x0000, 0x0000, 0x0000, 0x0000, 0x0000, 0x0000, 0x0000, 0x0000, 0x0000, 0x0000,
    0x0000, 0x0000, 0x0000, 0x0000, 0x0000, 0x0000, 0x0000, 0x0000, 0x0000, 0x0000, 0x0000, 0x0000, 0x0000, 0x0000, 0x0000, 0x0000,
    0x0000, 0x0000, 0x0000, 0x0000, 0x0000, 0x0000, 0x0000, 0x0000, 0x0000, 0x0000, 0x0000, 0x0000, 0x0000, 0x0000, 0x0000, 0x0000,
    0x0000, 0x0000, 0x0000, 0x0000, 0x0000, 0x0000, 0x0000, 0x0000, 0x0000, 0x0000, 0x0000, 0x0000, 0x0000, 0x0000, 0x0000, 0x0000,
    0x0000, 0x0000, 0x0000, 0x0000, 0x0000, 0x0000, 0x0000, 0x0000, 0x0000, 0x0000, 0x0000, 0x0000, 0x0000, 0x0000, 0x0000, 0x0000,
    0x0000, 0x0000, 0x0000, 0x0000, 0x0000, 0x0000, 0x0000, 0x0000, 0x0000, 0x0000, 0x0000, 0x0000, 0x0000, 0x0000, 0x0000, 0x0000,
    0x0000, 0x0000, 0x0000, 0x0000, 0x0000, 0x0000, 0x0000, 0x0000, 0x0000, 0x0000, 0x0000, 0x0000, 0x0000, 0x0000, 0x0000, 0x0000,
    0x0000, 0x0000, 0x0000, 0x0000, 0x0000, 0x0000, 0x0000, 0x0000, 0x0000, 0x0000, 0x0000, 0x0100, 0x0208, 0x2208, 0x4310, 0x4410,
    0x6418, 0x6518, 0x8620, 0xA828, 0xA828, 0xA828, 0xA828, 0xA828, 0xA828, 0xA828, 0xA828, 0xC728, 0xA620, 0x8520, 0x6518, 0x6410,
    0x4310, 0x2310, 0x2208, 0x0108, 0x0100, 0x0000, 0x0000, 0x0000, 0x0000, 0x0000, 0x0000, 0x0000, 0x0000, 0x0000, 0x0000, 0x0000,
    0x0000, 0x0000, 0x0000, 0x0000, 0x0000, 0x0000, 0x0000, 0x0000, 0x0000, 0x0000, 0x0000, 0x0000, 0x0000, 0x0000, 0x0000, 0x0000,
    0x0000, 0x0000, 0x0000, 0x0000, 0x0000, 0x0000, 0x0000, 0x0000, 0x0000, 0x0000, 0x0000, 0x0000, 0x0000, 0x0000, 0x0000, 0x0000,
    0x0000, 0x0000, 0x0000, 0x0000, 0x0000, 0x0000, 0x0000, 0x0000, 0x0000, 0x0000, 0x0000, 0x0000, 0x0000, 0x0000, 0x0000, 0x0000,
    0x0000, 0x0000, 0x0000, 0x0000, 0x0000, 0x0000, 0x0000, 0x0000, 0x0000, 0x0000, 0x0000, 0x0000, 0x0000, 0x0000, 0x0000, 0x0000,
    0x0000, 0x0000, 0x0000, 0x0000, 0x0000, 0x0000, 0x0000, 0x0000, 0x0000, 0x0000, 0x0000, 0x0000, 0x0000, 0x0000, 0x0000, 0x0000,
    0x0000, 0x0000, 0x0000, 0x0000, 0x0000, 0x0000, 0x0000, 0x0000, 0x0000, 0x0000, 0x0000, 0x0000, 0x0000, 0x0000, 0x0000, 0x0000,
    0x0000, 0x0000, 0x0000, 0x0000, 0x0000, 0x0000, 0x0000, 0x0000, 0x0000, 0x0000, 0x0000, 0x0000, 0x0000, 0x0000, 0x0000, 0x0000,
    0x0000, 0x0000, 0x0000, 0x0000, 0x0000, 0x0000, 0x0000, 0x0000, 0x0000, 0x0000, 0x0000, 0x0000, 0x0000, 0x0000, 0x0000, 0x0000,
    0x0000, 0x0000, 0x0000, 0x0000, 0x0000, 0x0000, 0x0000, 0x0000, 0x0000, 0x0000, 0x0000, 0x0000, 0x0000, 0x0000, 0x0000, 0x0000,
    0x0000, 0x0000, 0x0000, 0x0000, 0x0000, 0x0000, 0x0000, 0x0000, 0x0000, 0x0000, 0x0000, 0x0000, 0x0000, 0x0000, 0x0000, 0x0000,
    0x0000, 0x0000, 0x0000, 0x0000, 0x0000, 0x0000, 0x0000, 0x0000, 0x0000, 0x0000, 0x0000, 0x0000, 0x0000, 0x0000, 0x0000, 0x0000,
    0x0000, 0x0000, 0x0000, 0x0000, 0x0000, 0x0000, 0x0000, 0x0000, 0x0000, 0x0000, 0x0000, 0x0000, 0x0100, 0x0100, 0x0100, 0x0000,
    0x0000, 0x0000, 0x0000, 0x0000, 0x0000, 0x0000, 0x0000, 0x0000, 0x0000, 0x0100, 0x0000, 0x0000, 0x0000, 0x0000, 0x0000, 0x0000,
    0x0000, 0x0000, 0x0000, 0x0000, 0x0000, 0x0000, 0x0000, 0x0000, 0x0000, 0x0000, 0x0000, 0x0000, 0x0000, 0x0000, 0x0000, 0x0000,
    0x0000, 0x0000, 0x0000, 0x0000, 0x0000, 0x0000, 0x0000, 0x0000, 0x0000, 0x0000, 0x0000, 0x0000, 0x0000, 0x0000, 0x0000, 0x0000,
    0x0000, 0x0000, 0x0000, 0x0000, 0x0000, 0x0000, 0x0000, 0x0000, 0x0000, 0x0000, 0x0000, 0x0000, 0x0000, 0x0000, 0x0000, 0x0000,
    0x0000, 0x0000, 0x0000, 0x0000, 0x0000, 0x0000, 0x0000, 0x0000, 0x0000, 0x0000, 0x0000, 0x0000, 0x0000, 0x0000, 0x0000, 0x0000,
    0x0000, 0x0000, 0x0000, 0x0000, 0x0000, 0x0000, 0x0000, 0x0000, 0x0000, 0x0000, 0x0000, 0x0000, 0x0000, 0x0000, 0x0000, 0x0000,
    0x0000, 0x0000, 0x0000, 0x0000, 0x0000, 0x0000, 0x0000, 0x0000, 0x0000, 0x0000, 0x0000, 0x0000, 0x0000, 0x0000, 0x0000, 0x0000,
    0x0000, 0x0000, 0x0000, 0x0000, 0x0000, 0x0000, 0x0000, 0x0000, 0x0000, 0x0000, 0x0000, 0x0000, 0x0000, 0x0000, 0x0000, 0x0000,
    0x0000, 0x0000, 0x0000, 0x0000, 0x0000, 0x0000, 0x0000, 0x0000, 0x0000, 0x0000, 0x0000, 0x0000, 0x0000, 0x0000, 0x0000, 0x0000,
    0x0000, 0x0000, 0x0000, 0x0000, 0x0000, 0x0000, 0x0000, 0x0000, 0x0000, 0x0000, 0x0000, 0x0000, 0x0000, 0x0000, 0x0000, 0x0000,
    0x0000, 0x0000, 0x0000, 0x0000, 0x0000, 0x0000, 0x0000, 0x0000, 0x0000, 0x0000, 0x0000, 0x0000, 0x0000, 0x0000, 0x0000, 0x0000,
    0x0000, 0x0000, 0x0000, 0x0000, 0x0000, 0x0000, 0x0000, 0x0000, 0x0000, 0x0000, 0x0000, 0x0000, 0x0000, 0x0000, 0x0000, 0x0000,
    0x0000, 0x0000, 0x0000, 0x0000, 0x0000, 0x0000, 0x0000, 0x0000, 0x0000, 0x0000, 0x0000, 0x0000, 0x0000, 0x0000, 0x0000, 0x0000,
    0x0000, 0x0000, 0x0000, 0x0000, 0x0000, 0x0000, 0x0000, 0x0000, 0x0000, 0x0000, 0x0000, 0x0000, 0x0000, 0x0000, 0x0000, 0x0000,
    0x0000, 0x0000, 0x0000, 0x0000, 0x0000, 0x0000, 0x0000, 0x0000, 0x0000, 0x0000, 0x0000, 0x0000, 0x0000, 0x0000, 0x0000, 0x0000,
    0x0000, 0x0000, 0x0000, 0x0000, 0x0000, 0x0000, 0x0000, 0x0000, 0x0000, 0x0000, 0x0000, 0x0000, 0x0000, 0x0000, 0x0000, 0x0000,
    0x0000, 0x0000, 0x0000, 0x0000, 0x0000, 0x0000, 0x0000, 0x0000, 0x0000, 0x0000, 0x0000, 0x0000, 0x0000, 0x0000, 0x0000, 0x0000,
    0x0000, 0x0000, 0x0000, 0x0000, 0x0000, 0x0000, 0x0000, 0x0000, 0x0000, 0x0000, 0x0000, 0x0000, 0x0000, 0x0000, 0x0000, 0x0000,
    0x0000, 0x0000, 0x0000, 0x0000, 0x0000, 0x0000, 0x0000, 0x0000, 0x0000, 0x0000, 0x0000, 0x0000, 0x0000, 0x0000, 0x0000, 0x0000,
    0x0000, 0x0000, 0x0000, 0x0000, 0x0000, 0x0000, 0x0000, 0x0000, 0x0000, 0x0000, 0x0000, 0x0000, 0x0000, 0x0000, 0x0000, 0x0000,
    0x0000, 0x0000, 0x0000, 0x0000, 0x0000, 0x0000, 0x0000, 0x0000, 0x0000, 0x0000, 0x0000, 0x0000, 0x0000, 0x0000, 0x0000, 0x0000,
    0x0000, 0x0000, 0x0000, 0x0000, 0x0000, 0x0000, 0x0000, 0x0000, 0x0000, 0x0000, 0x0000, 0x0000, 0x0000, 0x0000, 0x0000, 0x0000,
    0x0000, 0x0000, 0x0000, 0x0000, 0x0000, 0x0000, 0x0000, 0x0000, 0x0000, 0x0000, 0x0000, 0x0000, 0x0000, 0x0000, 0x0000, 0x0000,
    0x0000, 0x0000, 0x0000, 0x0000, 0x0000, 0x0000, 0x0000, 0x0000, 0x0000, 0x0000, 0x0000, 0x0000, 0x0000, 0x0000, 0x0000, 0x0000,
    0x0000, 0x0000, 0x0000, 0x0000, 0x0000, 0x0000, 0x0000, 0x0000, 0x0000, 0x0000, 0x0000, 0x0000, 0x0000, 0x0000, 0x0000, 0x0000,
    0x0000, 0x0000, 0x0000, 0x0000, 0x0000, 0x0000, 0x0000, 0x0000, 0x0000, 0x0000, 0x0000, 0x0000, 0x0000, 0x0000, 0x0000, 0x0000,
    0x0000, 0x0000, 0x0000, 0x0000, 0x0000, 0x0000, 0x0000, 0x0000, 0x0000, 0x0000, 0x0000, 0x0000, 0x0000, 0x0000, 0x0000, 0x0000,
    0x0000, 0x0000, 0x0000, 0x0000, 0x0000, 0x0000, 0x0000, 0x0000, 0x0000, 0x0000, 0x0000, 0x0000, 0x0000, 0x0000, 0x0000, 0x0000,
    0x0000, 0x0000, 0x0000, 0x0000, 0x0000, 0x0000, 0x0000, 0x0000, 0x0000, 0x0000, 0x0000, 0x0000, 0x0000, 0x0000, 0x0000, 0x0000,
    0x0000, 0x0000, 0x0000, 0x0000, 0x0000, 0x0000, 0x0000, 0x0000, 0x0000, 0x0000, 0x0000, 0x0000, 0x0000, 0x0000, 0x0000, 0x0000,
    0x0000, 0x0000, 0x0000, 0x0000, 0x0000, 0x0000, 0x0000, 0x0000, 0x0000, 0x0000, 0x0000, 0x0000, 0x0000, 0x0000, 0x0000, 0x0000,
    0x0000, 0x0000, 0x0000, 0x0000, 0x0000, 0x0000, 0x0000, 0x0000, 0x0000, 0x0000, 0x0000, 0x0000, 0x0000, 0x0000, 0x0000, 0x0000,
    0x0000, 0x0000, 0x0000, 0x0000, 0x0000, 0x0000, 0x0000, 0x0000, 0x0000, 0x0000, 0x0000, 0x0000, 0x0000, 0x0000, 0x0000, 0x0000,
    0x0000, 0x0000, 0x0000, 0x0000, 0x0000, 0x0000, 0x0000, 0x0000, 0x0000, 0x0000, 0x0000, 0x0000, 0x0000, 0x0000, 0x0000, 0x0000,
    0x0000, 0x0000, 0x0000, 0x0000, 0x0000, 0x0000, 0x0000, 0x0000, 0x0000, 0x0000, 0x0000, 0x0000, 0x0000, 0x0000, 0x0000, 0x0000,
    0x0000, 0x0000, 0x0000, 0x0000, 0x0000, 0x0000, 0x0000, 0x0000, 0x0000, 0x0000, 0x0000, 0x0000, 0x0000, 0x0000, 0x0000, 0x0000,
    0x0000, 0x0000, 0x0000, 0x0000, 0x0000, 0x0000, 0x0000, 0x0000, 0x0000, 0x0000, 0x0000, 0x0000, 0x0000, 0x0000, 0x0000, 0x0000,
    0x0000, 0x0000, 0x0000, 0x0000, 0x0000, 0x0000, 0x0000, 0x0000, 0x0000, 0x0000, 0x0000, 0x0000, 0x0000, 0x0000, 0x0000, 0x0000,
    0x0000, 0x0000, 0x0000, 0x0000, 0x0000, 0x0000, 0x0000, 0x0000, 0x0000, 0x0000, 0x0000, 0x0000, 0x0000, 0x0000, 0x0000, 0x0000,
    0x0000, 0x0000, 0x0000, 0x0000, 0x0000, 0x0000, 0x0000, 0x0000, 0x0000, 0x0000, 0x0000, 0x0000, 0x0000, 0x0000, 0x0000, 0x0000,
    0x0000, 0x0000, 0x0000, 0x0000, 0x0000, 0x0000, 0x0000, 0x0000, 0x0000, 0x0000, 0x0000, 0x0000, 0x0000, 0x0000, 0x0000, 0x0000,
    0x0000, 0x0000, 0x0000, 0x0000, 0x0000, 0x0000, 0x0000, 0x0000, 0x0000, 0x0000, 0x0000, 0x0000, 0x0000, 0x0000, 0x0000, 0x0000,
    0x0000, 0x0000, 0x0000, 0x0000, 0x0000, 0x0000, 0x0000, 0x0000, 0x0000, 0x0000, 0x0000, 0x0000, 0x0000, 0x0000, 0x0000, 0x0000,
    0x0000, 0x0000, 0x0000, 0x0000, 0x0000, 0x0000, 0x0000, 0x0000, 0x0000, 0x0000, 0x0000, 0x0000, 0x0000, 0x0000, 0x0000, 0x0000,
    0x0000, 0x0000, 0x0000, 0x0000, 0x0000, 0x0000, 0x0000, 0x0000, 0x0000, 0x0000, 0x0000, 0x0000, 0x0000, 0x0000, 0x0000, 0x0000,
    0x0000, 0x0000, 0x0000, 0x0000, 0x0000, 0x0000, 0x0000, 0x0000, 0x0000, 0x0000, 0x0000, 0x0000, 0x0000, 0x0000, 0x0000, 0x0000,
    0x0000, 0x0000, 0x0000, 0x0000, 0x0000, 0x0000, 0x0000, 0x0000, 0x0000, 0x0000, 0x0000, 0x0000, 0x0000, 0x0000, 0x0000, 0x0000,
    0x0000, 0x0000, 0x0000, 0x0000, 0x0000, 0x0000, 0x0000, 0x0000, 0x0000, 0x0000, 0x0000, 0x0000, 0x0000, 0x0000, 0x0000, 0x0000,
    0x0000, 0x0000, 0x0000, 0x0000, 0x0000, 0x0000, 0x0000, 0x0000, 0x0000, 0x0000, 0x0000, 0x0000, 0x0000, 0x0000, 0x0000, 0x0000,
    0x0000, 0x0000, 0x0000, 0x0000, 0x0000, 0x0000, 0x0000, 0x0000, 0x0000, 0x0000, 0x0000, 0x0000, 0x0000, 0x0000, 0x0000, 0x0000,
    0x0000, 0x0000, 0x0000, 0x0000, 0x0000, 0x0000, 0x0000, 0x0000, 0x0000, 0x0000, 0x0000, 0x0000, 0x0000, 0x0000, 0x0000, 0x0000,
    0x0000, 0x0000, 0x0000, 0x0000, 0x0000, 0x0000, 0x0000, 0x0000, 0x0000, 0x0000, 0x0000, 0x0000, 0x0000, 0x0000, 0x0000, 0x0000,
    0x0000, 0x0000, 0x0000, 0x0000, 0x0000, 0x0000, 0x0000, 0x0000, 0x0000, 0x0000, 0x0000, 0x0000, 0x0000, 0x0000, 0x0000, 0x0000,
    0x0000, 0x0000, 0x0000, 0x0000, 0x0000, 0x0000, 0x0000, 0x0000, 0x0000, 0x0000, 0x0000, 0x0000, 0x0000, 0x0000, 0x0000, 0x0000
};

#endif